o Ring
v 1.170000 0.400000 0.000000
v 1.170000 0.389971 0.089008
v 1.170000 0.360388 0.173553
v 1.170000 0.312733 0.249396
v 1.170000 0.249396 0.312733
v 1.170000 0.173553 0.360388
v 1.170000 0.089008 0.389971
v 1.170000 0.000000 0.400000
v 1.170000 -0.089008 0.389971
v 1.170000 -0.173553 0.360388
v 1.170000 -0.249396 0.312733
v 1.170000 -0.312733 0.249396
v 1.170000 -0.360388 0.173553
v 1.170000 -0.389971 0.089008
v 1.170000 -0.400000 0.000000
v 1.170000 -0.389971 -0.089008
v 1.170000 -0.360388 -0.173553
v 1.170000 -0.312733 -0.249396
v 1.170000 -0.249396 -0.312733
v 1.170000 -0.173553 -0.360388
v 1.170000 -0.089008 -0.389971
v 1.170000 -0.000000 -0.400000
v 1.170000 0.089008 -0.389971
v 1.170000 0.173553 -0.360388
v 1.170000 0.249396 -0.312733
v 1.170000 0.312733 -0.249396
v 1.170000 0.360388 -0.173553
v 1.170000 0.389971 -0.089008
v 1.156775 0.436551 0.005340
v 1.154295 0.426439 0.094304
v 1.152570 0.396786 0.178808
v 1.151686 0.349080 0.254613
v 1.151687 0.285712 0.317918
v 1.152573 0.209860 0.365550
v 1.154300 0.125328 0.395119
v 1.156781 0.036353 0.405142
v 1.159891 -0.052601 0.395119
v 1.163476 -0.137075 0.365550
v 1.167354 -0.212833 0.317918
v 1.171332 -0.276076 0.254613
v 1.175210 -0.323633 0.178808
v 1.178794 -0.353119 0.094304
v 1.181903 -0.363055 0.005340
v 1.184383 -0.352943 -0.083625
v 1.186108 -0.323291 -0.168128
v 1.186992 -0.275584 -0.243933
v 1.186991 -0.212216 -0.307238
v 1.186105 -0.136364 -0.354870
v 1.184378 -0.051832 -0.384439
v 1.181897 0.037143 -0.394463
v 1.178786 0.126097 -0.384439
v 1.175202 0.210571 -0.354870
v 1.171323 0.286329 -0.307238
v 1.167346 0.349572 -0.243933
v 1.163468 0.397129 -0.168128
v 1.159884 0.426615 -0.083625
v 1.142240 0.472655 0.010674
v 1.137292 0.462295 0.099507
v 1.133852 0.432436 0.183885
v 1.132091 0.384576 0.259578
v 1.132099 0.321115 0.322790
v 1.133875 0.245234 0.370351
v 1.137329 0.160739 0.399876
v 1.142290 0.071867 0.409885
v 1.148507 -0.016926 0.399876
v 1.155670 -0.101188 0.370351
v 1.163418 -0.176693 0.322790
v 1.171364 -0.239655 0.259578
v 1.179109 -0.286917 0.183885
v 1.186265 -0.316109 0.099507
v 1.192473 -0.325767 0.010674
v 1.197421 -0.315407 -0.078158
v 1.200861 -0.285548 -0.162537
v 1.202622 -0.237688 -0.238229
v 1.202614 -0.174227 -0.301441
v 1.200838 -0.098346 -0.349002
v 1.197384 -0.013851 -0.378527
v 1.192423 0.075021 -0.388536
v 1.186206 0.163814 -0.378527
v 1.179043 0.248076 -0.349002
v 1.171295 0.323581 -0.301441
v 1.163349 0.386543 -0.238229
v 1.155604 0.433805 -0.162537
v 1.148448 0.462996 -0.078158
v 1.126413 0.508261 0.015998
v 1.119018 0.497488 0.104612
v 1.113881 0.467287 0.188782
v 1.111260 0.419172 0.264288
v 1.111286 0.355555 0.327343
v 1.113959 0.279627 0.374787
v 1.119143 0.195195 0.404239
v 1.126580 0.106493 0.414223
v 1.135896 0.017969 0.404239
v 1.146624 -0.065939 0.374787
v 1.158226 -0.141023 0.327343
v 1.170121 -0.203518 0.264288
v 1.181712 -0.250289 0.188782
v 1.192417 -0.278993 0.104612
v 1.201700 -0.288189 0.015998
v 1.209095 -0.277416 -0.072615
v 1.214232 -0.247215 -0.156785
v 1.216853 -0.199100 -0.232291
v 1.216827 -0.135484 -0.295346
v 1.214154 -0.059556 -0.342790
v 1.208969 0.024876 -0.372242
v 1.201533 0.113578 -0.382226
v 1.192217 0.202103 -0.372242
v 1.181489 0.286011 -0.342790
v 1.169886 0.361094 -0.295346
v 1.157992 0.423589 -0.232291
v 1.146401 0.470361 -0.156785
v 1.135696 0.499064 -0.072615
v 1.109311 0.543318 0.021307
v 1.099500 0.531970 0.109613
v 1.092695 0.501291 0.193492
v 1.089237 0.452821 0.268736
v 1.089300 0.388989 0.331573
v 1.092880 0.312996 0.378852
v 1.099798 0.228653 0.408203
v 1.109706 0.140189 0.418153
v 1.122109 0.052040 0.408203
v 1.136384 -0.031374 0.378852
v 1.151815 -0.105870 0.331573
v 1.167629 -0.167712 0.268736
v 1.183032 -0.213800 0.193492
v 1.197253 -0.241822 0.109613
v 1.209578 -0.250374 0.021307
v 1.219388 -0.239026 -0.067000
v 1.226193 -0.208348 -0.150878
v 1.229651 -0.159877 -0.226123
v 1.229589 -0.096045 -0.288960
v 1.226009 -0.020052 -0.336239
v 1.219091 0.064291 -0.365589
v 1.209182 0.152755 -0.375539
v 1.196780 0.240904 -0.365589
v 1.182505 0.324318 -0.336239
v 1.167073 0.398814 -0.288960
v 1.151260 0.460656 -0.226123
v 1.135856 0.506744 -0.150878
v 1.121636 0.534766 -0.067000
v 1.090954 0.577776 0.026594
v 1.078771 0.565693 0.114506
v 1.070336 0.534404 0.198011
v 1.066072 0.485480 0.272919
v 1.066194 0.421373 0.335476
v 1.070695 0.345298 0.382544
v 1.079350 0.261070 0.411764
v 1.091725 0.172912 0.421669
v 1.107198 0.085245 0.411764
v 1.124995 0.002465 0.382544
v 1.144222 -0.071278 0.335476
v 1.163917 -0.132285 0.272919
v 1.183090 -0.177497 0.198011
v 1.200781 -0.204647 0.114506
v 1.216102 -0.212374 0.026594
v 1.228286 -0.200291 -0.061319
v 1.236721 -0.169003 -0.144823
v 1.240984 -0.120078 -0.219732
v 1.240862 -0.055971 -0.282288
v 1.236361 0.020103 -0.329357
v 1.227706 0.104332 -0.358576
v 1.215332 0.192490 -0.368481
v 1.199858 0.280157 -0.358576
v 1.182061 0.362937 -0.329357
v 1.162834 0.436679 -0.282288
v 1.143140 0.497686 -0.219732
v 1.123967 0.542899 -0.144823
v 1.106276 0.570049 -0.061319
v 1.071366 0.611587 0.031855
v 1.056862 0.598610 0.119287
v 1.046844 0.566582 0.202334
v 1.041814 0.517108 0.276833
v 1.042024 0.452670 0.339048
v 1.047464 0.376497 0.385859
v 1.057861 0.292411 0.414919
v 1.072693 0.204627 0.424770
v 1.091218 0.117548 0.414919
v 1.112505 0.035539 0.385859
v 1.135488 -0.037287 0.339048
v 1.159014 -0.097278 0.276833
v 1.181903 -0.141426 0.202334
v 1.203008 -0.167517 0.119287
v 1.221271 -0.174243 0.031855
v 1.235775 -0.161267 -0.055577
v 1.245793 -0.129238 -0.138625
v 1.250823 -0.079765 -0.213124
v 1.250613 -0.015326 -0.275338
v 1.245173 0.060846 -0.322149
v 1.234776 0.144933 -0.351209
v 1.219943 0.232717 -0.361060
v 1.201419 0.319796 -0.351209
v 1.180131 0.401805 -0.322149
v 1.157148 0.474631 -0.275338
v 1.133622 0.534622 -0.213124
v 1.110733 0.578770 -0.138625
v 1.089628 0.604861 -0.055577
v 1.050570 0.644701 0.037084
v 1.033809 0.630678 0.123949
v 1.022263 0.597784 0.206458
v 1.016513 0.547668 0.280474
v 1.016845 0.482842 0.342285
v 1.023245 0.406559 0.388793
v 1.035390 0.322642 0.417664
v 1.052671 0.235300 0.427451
v 1.074223 0.148912 0.417664
v 1.098964 0.067811 0.388793
v 1.125654 -0.003937 0.342285
v 1.152954 -0.062734 0.280474
v 1.179495 -0.105633 0.206458
v 1.203948 -0.130481 0.123949
v 1.225084 -0.136032 0.037084
v 1.241846 -0.122009 -0.049780
v 1.253391 -0.089115 -0.132289
v 1.259141 -0.038999 -0.206305
v 1.258809 0.025827 -0.268117
v 1.252409 0.102110 -0.314624
v 1.240264 0.186027 -0.343495
v 1.222983 0.273369 -0.353282
v 1.201431 0.359757 -0.343495
v 1.176690 0.440858 -0.314624
v 1.150001 0.512606 -0.268117
v 1.122700 0.571403 -0.206305
v 1.096159 0.614302 -0.132289
v 1.071706 0.639149 -0.049780
v 1.028593 0.677072 0.042277
v 1.009647 0.661854 0.128489
v 0.996639 0.627971 0.210378
v 0.990222 0.577122 0.283838
v 0.990717 0.511858 0.345185
v 0.998099 0.435451 0.391343
v 1.011999 0.351733 0.419997
v 1.031718 0.264900 0.429711
v 1.056270 0.179309 0.419997
v 1.084421 0.099249 0.391343
v 1.114761 0.028737 0.345185
v 1.145769 -0.028693 0.283838
v 1.175889 -0.070160 0.210378
v 1.203611 -0.093585 0.128489
v 1.227545 -0.097794 0.042277
v 1.246491 -0.082576 -0.043935
v 1.259499 -0.048693 -0.125824
v 1.265916 0.002156 -0.199283
v 1.265422 0.067420 -0.260630
v 1.258039 0.143827 -0.306788
v 1.244140 0.227545 -0.335442
v 1.224420 0.314378 -0.345156
v 1.199869 0.399969 -0.335442
v 1.171717 0.480029 -0.306788
v 1.141377 0.550541 -0.260630
v 1.110369 0.607971 -0.199283
v 1.080250 0.649438 -0.125824
v 1.052527 0.672863 -0.043935
v 1.005465 0.708654 0.047428
v 0.984417 0.692095 0.132903
v 0.970019 0.657106 0.214091
v 0.962995 0.605440 0.286922
v 0.963697 0.539688 0.347744
v 0.972089 0.463148 0.393506
v 0.987751 0.379657 0.421915
v 1.009896 0.293402 0.431546
v 1.037416 0.208708 0.421915
v 1.068929 0.129823 0.393506
v 1.102856 0.060701 0.347744
v 1.137495 0.004809 0.286922
v 1.171109 -0.035050 0.214091
v 1.202014 -0.056879 0.132903
v 1.228658 -0.059581 0.047428
v 1.249707 -0.043022 -0.038046
v 1.264104 -0.008033 -0.119234
v 1.271128 0.043633 -0.192065
v 1.270426 0.109385 -0.252887
v 1.262034 0.185925 -0.298649
v 1.246373 0.269416 -0.327058
v 1.224227 0.355671 -0.336689
v 1.196708 0.440364 -0.327058
v 1.165194 0.519250 -0.298649
v 1.131268 0.588372 -0.252887
v 1.096628 0.644264 -0.192065
v 1.063014 0.684123 -0.119234
v 1.032110 0.705951 -0.038046
v 0.981216 0.739401 0.052533
v 0.958156 0.721364 0.137185
v 0.942451 0.685155 0.217592
v 0.934888 0.632590 0.289723
v 0.935846 0.566305 0.349959
v 0.945277 0.489624 0.395282
v 0.962708 0.406392 0.423418
v 0.987266 0.320782 0.432955
v 1.017718 0.237088 0.423418
v 1.052539 0.159506 0.395282
v 1.089981 0.091926 0.349959
v 1.128167 0.037737 0.289723
v 1.165183 -0.000343 0.217592
v 1.199172 -0.020405 0.137185
v 1.228430 -0.021444 0.052533
v 1.251490 -0.003406 -0.032119
v 1.267195 0.032803 -0.112526
v 1.274758 0.085368 -0.184657
v 1.273800 0.151652 -0.244893
v 1.264369 0.228334 -0.290216
v 1.246938 0.311566 -0.318352
v 1.222380 0.397175 -0.327890
v 1.191928 0.480870 -0.318352
v 1.157107 0.558452 -0.290216
v 1.119665 0.626032 -0.244893
v 1.081479 0.680220 -0.184657
v 1.044463 0.718301 -0.112526
v 1.010474 0.738363 -0.032119
v 0.955879 0.769271 0.057585
v 0.930908 0.749622 0.141332
v 0.913984 0.712087 0.220879
v 0.905955 0.658547 0.292237
v 0.907223 0.591687 0.351830
v 0.917725 0.514860 0.396667
v 0.936935 0.431919 0.424502
v 0.963890 0.347022 0.433938
v 0.997236 0.264426 0.424502
v 1.035304 0.188274 0.396667
v 1.076183 0.122383 0.351830
v 1.117823 0.070058 0.292237
v 1.158138 0.033923 0.220879
v 1.195104 0.015789 0.141332
v 1.226870 0.016567 0.057585
v 1.251840 0.036216 -0.026161
v 1.268765 0.073751 -0.105708
v 1.276794 0.127291 -0.177066
v 1.275526 0.194151 -0.236659
v 1.265023 0.270978 -0.281496
v 1.245813 0.353919 -0.309331
v 1.218859 0.438816 -0.318767
v 1.185512 0.521412 -0.309331
v 1.147445 0.597564 -0.281496
v 1.106566 0.663455 -0.236659
v 1.064925 0.715780 -0.177066
v 1.024611 0.751915 -0.105708
v 0.987644 0.770048 -0.026161
v 0.929489 0.798222 0.062581
v 0.902716 0.776835 0.145339
v 0.884669 0.737872 0.223947
v 0.876253 0.683285 0.294464
v 0.877890 0.615813 0.353353
v 0.889498 0.538839 0.397661
v 0.910496 0.456222 0.425167
v 0.939829 0.372105 0.434492
v 0.976028 0.290706 0.425167
v 1.017277 0.216107 0.397661
v 1.061507 0.152048 0.353353
v 1.106502 0.101743 0.294464
v 1.150004 0.067712 0.223947
v 1.189832 0.051663 0.145339
v 1.223989 0.054400 0.062581
v 1.250762 0.075787 -0.020177
v 1.268809 0.114750 -0.098785
v 1.277225 0.169337 -0.169301
v 1.275588 0.236809 -0.228190
v 1.263979 0.313783 -0.272499
v 1.242982 0.396400 -0.300005
v 1.213648 0.480517 -0.309329
v 1.177449 0.561916 -0.300005
v 1.136201 0.636515 -0.272499
v 1.091970 0.700574 -0.228190
v 1.046976 0.750880 -0.169301
v 1.003474 0.784910 -0.098785
v 0.963646 0.800959 -0.020177
v 0.902082 0.826212 0.067515
v 0.873623 0.802969 0.149203
v 0.854556 0.762484 0.226795
v 0.845839 0.706786 0.296399
v 0.847908 0.638668 0.354527
v 0.860659 0.561547 0.398262
v 0.883453 0.479289 0.425413
v 0.915147 0.396020 0.434617
v 0.954152 0.315914 0.425413
v 0.998512 0.242988 0.398262
v 1.046002 0.180900 0.354527
v 1.094241 0.132762 0.296399
v 1.140811 0.100989 0.226795
v 1.183375 0.087173 0.149203
v 1.219800 0.092008 0.067515
v 1.248260 0.115251 -0.014173
v 1.267326 0.155737 -0.091764
v 1.276043 0.211435 -0.161369
v 1.273974 0.279552 -0.219497
v 1.261223 0.356673 -0.263232
v 1.238429 0.438931 -0.290383
v 1.206735 0.522201 -0.299587
v 1.167730 0.602307 -0.290383
v 1.123370 0.675232 -0.263232
v 1.075880 0.737321 -0.219497
v 1.027641 0.785458 -0.161369
v 0.981072 0.817232 -0.091764
v 0.938507 0.831047 -0.014173
v 0.873696 0.853204 0.072382
v 0.843675 0.827993 0.152920
v 0.823700 0.785898 0.229418
v 0.814772 0.729029 0.298043
v 0.817338 0.660238 0.355351
v 0.831271 0.582975 0.398471
v 0.855871 0.501113 0.425239
v 0.889905 0.418758 0.434313
v 0.931667 0.340039 0.425239
v 0.979062 0.268903 0.398471
v 1.029713 0.208918 0.355351
v 1.081082 0.163092 0.298043
v 1.130591 0.133721 0.229418
v 1.175759 0.122280 0.152920
v 1.214320 0.129342 0.072382
v 1.244341 0.154553 -0.008155
v 1.264316 0.196648 -0.084653
v 1.273245 0.253516 -0.153278
v 1.270678 0.322307 -0.210586
v 1.256745 0.399571 -0.253706
v 1.232145 0.481433 -0.280474
v 1.198111 0.563788 -0.289548
v 1.156349 0.642507 -0.280474
v 1.108954 0.713643 -0.253706
v 1.058303 0.773628 -0.210586
v 1.006934 0.819454 -0.153278
v 0.957425 0.848824 -0.084653
v 0.912258 0.860266 -0.008155
v 0.844372 0.879160 0.077178
v 0.812920 0.851879 0.156485
v 0.792152 0.808094 0.231816
v 0.783108 0.750001 0.299392
v 0.786242 0.680514 0.355825
v 0.801397 0.603116 0.398286
v 0.827813 0.521688 0.424645
v 0.864165 0.440314 0.433581
v 0.908631 0.363074 0.424645
v 0.958980 0.293841 0.398286
v 1.012689 0.236087 0.355825
v 1.067063 0.192708 0.299392
v 1.119377 0.165879 0.231816
v 1.167007 0.156945 0.156485
v 1.207564 0.166354 0.077178
v 1.239016 0.193635 -0.002129
v 1.259785 0.237420 -0.077459
v 1.268829 0.295513 -0.145035
v 1.265695 0.365000 -0.201468
v 1.250540 0.442398 -0.243929
v 1.224124 0.523826 -0.270288
v 1.187772 0.605200 -0.279224
v 1.143306 0.682440 -0.270288
v 1.092956 0.751673 -0.243929
v 1.039248 0.809427 -0.201468
v 0.984873 0.852806 -0.145035
v 0.932560 0.879635 -0.077459
v 0.884930 0.888569 -0.002129
v 0.814150 0.904044 0.081898
v 0.781406 0.874598 0.159897
v 0.759966 0.829052 0.233984
v 0.750906 0.769690 0.300445
v 0.754680 0.699488 0.355948
v 0.771099 0.621967 0.397708
v 0.799340 0.541013 0.423632
v 0.837986 0.460687 0.432421
v 0.885100 0.385016 0.423632
v 0.938319 0.317794 0.397708
v 0.994975 0.262393 0.355948
v 1.052226 0.221590 0.300445
v 1.107202 0.197432 0.233984
v 1.157146 0.191130 0.159897
v 1.199553 0.202999 0.081898
v 1.232298 0.232445 0.003899
v 1.253738 0.277991 -0.070188
v 1.262798 0.337353 -0.136649
v 1.259024 0.407555 -0.192152
v 1.242605 0.485077 -0.233912
v 1.214364 0.566030 -0.259836
v 1.175718 0.646356 -0.268625
v 1.128604 0.722027 -0.259836
v 1.075385 0.789249 -0.233912
v 1.018729 0.844650 -0.192152
v 0.961478 0.885453 -0.136649
v 0.906502 0.909611 -0.070188
v 0.856558 0.915914 0.003899
v 0.783075 0.927824 0.086537
v 0.749180 0.896128 0.163150
v 0.727196 0.848756 0.235922
v 0.718224 0.788085 0.301203
v 0.722713 0.717157 0.355719
v 0.740440 0.639528 0.396738
v 0.770515 0.559090 0.422202
v 0.811430 0.479878 0.430834
v 0.861133 0.405864 0.422202
v 0.917132 0.340758 0.396738
v 0.976619 0.287826 0.355719
v 1.036611 0.249721 0.301203
v 1.094100 0.228355 0.235922
v 1.146203 0.224799 0.163150
v 1.190308 0.239231 0.086537
v 1.224202 0.270927 0.009924
v 1.246186 0.318299 -0.062848
v 1.255159 0.378970 -0.128129
v 1.250669 0.449898 -0.182645
v 1.232942 0.527527 -0.223664
v 1.202867 0.607965 -0.249128
v 1.161952 0.687177 -0.257760
v 1.112249 0.761191 -0.249128
v 1.056250 0.826297 -0.223664
v 0.996763 0.879229 -0.182645
v 0.936771 0.917334 -0.128129
v 0.879282 0.938700 -0.062848
v 0.827179 0.942256 0.009924
v 0.751188 0.950468 0.091091
v 0.716294 0.916445 0.166243
v 0.693896 0.867193 0.237627
v 0.685119 0.805182 0.301662
v 0.690402 0.733520 0.355139
v 0.709480 0.655802 0.395376
v 0.741398 0.575925 0.420354
v 0.784554 0.497893 0.428822
v 0.836784 0.425620 0.420354
v 0.895470 0.362730 0.395376
v 0.957668 0.312376 0.355139
v 1.020260 0.277084 0.301662
v 1.080107 0.258623 0.237627
v 1.134208 0.257918 0.166243
v 1.179850 0.275006 0.091091
v 1.214745 0.309029 0.015938
v 1.237142 0.358281 -0.055446
v 1.245920 0.420292 -0.119481
v 1.240637 0.491954 -0.172958
v 1.221558 0.569672 -0.213195
v 1.189640 0.649550 -0.238173
v 1.146485 0.727581 -0.246641
v 1.094254 0.799854 -0.238173
v 1.035569 0.862744 -0.213195
v 0.973371 0.913098 -0.172958
v 0.910779 0.948390 -0.119481
v 0.850932 0.966851 -0.055446
v 0.796831 0.967556 0.015938
v 0.718538 0.971947 0.095554
v 0.682796 0.935531 0.169171
v 0.660120 0.884352 0.239097
v 0.651648 0.820976 0.301825
v 0.657804 0.748581 0.354209
v 0.678280 0.670797 0.393624
v 0.712048 0.591525 0.418092
v 0.757416 0.514739 0.426386
v 0.812108 0.444291 0.418092
v 0.873383 0.383712 0.393624
v 0.938167 0.336040 0.354209
v 1.003212 0.303666 0.301825
v 1.065256 0.288213 0.239097
v 1.121189 0.290456 0.169171
v 1.168205 0.310282 0.095554
v 1.203946 0.346698 0.021937
v 1.226622 0.397877 -0.047989
v 1.235094 0.461253 -0.110716
v 1.228938 0.533648 -0.163101
v 1.208463 0.611432 -0.202515
v 1.174694 0.690704 -0.226983
v 1.129326 0.767489 -0.235278
v 1.074634 0.837938 -0.226983
v 1.013360 0.898517 -0.202515
v 0.948576 0.946189 -0.163101
v 0.883531 0.978563 -0.110716
v 0.821486 0.994016 -0.047989
v 0.765554 0.991773 0.021937
v 0.685169 0.992232 0.099923
v 0.648738 0.953367 0.171933
v 0.625923 0.900223 0.240331
v 0.617869 0.835467 0.301689
v 0.624979 0.762344 0.352929
v 0.646897 0.684522 0.391483
v 0.682523 0.605903 0.415417
v 0.730072 0.530428 0.423530
v 0.787159 0.461884 0.415417
v 0.850921 0.403706 0.391483
v 0.918161 0.358813 0.352929
v 0.985508 0.329455 0.301689
v 1.049584 0.317104 0.240331
v 1.107177 0.322380 0.171933
v 1.155398 0.345018 0.099923
v 1.191829 0.383883 0.027914
v 1.214644 0.437027 -0.040484
v 1.222698 0.501783 -0.101842
v 1.215588 0.574906 -0.153082
v 1.193670 0.652728 -0.191636
v 1.158044 0.731347 -0.215570
v 1.110495 0.806822 -0.223683
v 1.053408 0.875366 -0.215570
v 0.989646 0.933544 -0.191636
v 0.922405 0.978437 -0.153082
v 0.855059 1.007795 -0.101842
v 0.790983 1.020146 -0.040484
v 0.733390 1.014870 0.027914
v 0.651131 1.011299 0.104194
v 0.614172 0.969938 0.174525
v 0.591359 0.914802 0.241328
v 0.583837 0.848657 0.301256
v 0.591983 0.774818 0.351301
v 0.615389 0.696989 0.388956
v 0.652880 0.619072 0.412332
v 0.702577 0.544975 0.420256
v 0.761988 0.478412 0.412332
v 0.828133 0.422721 0.388956
v 0.897696 0.380696 0.351301
v 0.967189 0.354443 0.301256
v 1.033127 0.345278 0.241328
v 1.092204 0.353663 0.174525
v 1.141456 0.379175 0.104194
v 1.178416 0.420535 0.033864
v 1.201228 0.475671 -0.032940
v 1.208750 0.541816 -0.092867
v 1.200604 0.615655 -0.142913
v 1.177198 0.693484 -0.180568
v 1.139707 0.771401 -0.203943
v 1.090010 0.845499 -0.211868
v 1.030600 0.912062 -0.203943
v 0.964454 0.967752 -0.180568
v 0.894891 1.009778 -0.142913
v 0.825398 1.036031 -0.092867
v 0.759460 1.045195 -0.032940
v 0.700384 1.036811 0.033864
v 0.616471 1.029124 0.108362
v 0.579148 0.985231 0.176944
v 0.556481 0.928085 0.242087
v 0.549608 0.860551 0.300525
v 0.558873 0.786015 0.349327
v 0.583811 0.708215 0.386045
v 0.623173 0.631052 0.408840
v 0.674983 0.558395 0.416567
v 0.736645 0.493887 0.408840
v 0.805066 0.440764 0.386045
v 0.876815 0.401689 0.349327
v 0.948295 0.378622 0.300525
v 1.015921 0.372719 0.242087
v 1.076302 0.384276 0.176944
v 1.126410 0.412713 0.108362
v 1.163734 0.456605 0.039780
v 1.186400 0.513751 -0.025363
v 1.193273 0.581286 -0.083801
v 1.184008 0.655822 -0.132603
v 1.159070 0.733622 -0.169321
v 1.119709 0.810785 -0.192116
v 1.067898 0.883442 -0.199843
v 1.006236 0.947949 -0.192116
v 0.937816 1.001073 -0.169321
v 0.866066 1.040147 -0.132603
v 0.794587 1.063215 -0.083801
v 0.726961 1.069118 -0.025363
v 0.666580 1.057561 0.039780
v 0.581240 1.045686 0.112423
v 0.543719 0.999237 0.179189
v 0.521343 0.940072 0.242607
v 0.515236 0.871157 0.299498
v 0.525703 0.795948 0.347007
v 0.552219 0.718217 0.382754
v 0.593454 0.641860 0.404945
v 0.647341 0.570708 0.412467
v 0.711179 0.508328 0.404945
v 0.781764 0.457848 0.382754
v 0.855560 0.421799 0.347007
v 0.928863 0.401988 0.299498
v 0.998000 0.399410 0.242607
v 1.059504 0.414194 0.179189
v 1.110289 0.445597 0.112423
v 1.147810 0.492046 0.045657
v 1.170185 0.551212 -0.017761
v 1.176293 0.620127 -0.074652
v 1.165826 0.695335 -0.122161
v 1.139310 0.773067 -0.157908
v 1.098075 0.849423 -0.180099
v 1.044187 0.920575 -0.187621
v 0.980350 0.982955 -0.180099
v 0.909764 1.033436 -0.157908
v 0.835969 1.069485 -0.122161
v 0.762665 1.089295 -0.074652
v 0.693528 1.091873 -0.017761
v 0.632025 1.077090 0.045657
v 0.545487 1.060967 0.116373
v 0.507936 1.011946 0.181257
v 0.485998 0.950763 0.242888
v 0.480774 0.880484 0.298175
v 0.492525 0.804633 0.344345
v 0.520662 0.727015 0.379084
v 0.563775 0.651521 0.400650
v 0.619700 0.581937 0.407960
v 0.685635 0.521753 0.400650
v 0.758273 0.473985 0.379084
v 0.833971 0.441030 0.344345
v 0.908934 0.424539 0.298175
v 0.979403 0.425340 0.242888
v 1.041843 0.443393 0.181257
v 1.093125 0.477792 0.116373
v 1.130676 0.526812 0.051489
v 1.152614 0.587996 -0.010142
v 1.157838 0.658275 -0.065429
v 1.146087 0.734126 -0.111599
v 1.117950 0.811744 -0.146338
v 1.074837 0.887237 -0.167904
v 1.018911 0.956821 -0.175214
v 0.952976 1.017006 -0.167904
v 0.880338 1.064774 -0.146338
v 0.804640 1.097729 -0.111599
v 0.729678 1.114220 -0.065429
v 0.659209 1.113419 -0.010142
v 0.596769 1.095366 0.051489
v 0.509264 1.074949 0.120208
v 0.471851 1.023354 0.183147
v 0.450498 0.960163 0.242929
v 0.446273 0.888544 0.296558
v 0.459391 0.812090 0.341343
v 0.489192 0.734634 0.375041
v 0.534183 0.660060 0.395959
v 0.592107 0.592107 0.403051
v 0.660060 0.534183 0.395959
v 0.734634 0.489192 0.375041
v 0.812090 0.459391 0.341343
v 0.888544 0.446273 0.296558
v 0.960163 0.450498 0.242929
v 1.023354 0.471851 0.183147
v 1.074949 0.509264 0.120208
v 1.112362 0.560860 0.057270
v 1.133716 0.624051 -0.002513
v 1.137940 0.695669 -0.056141
v 1.124823 0.772124 -0.100927
v 1.095021 0.849580 -0.134624
v 1.050031 0.924154 -0.155543
v 0.992107 0.992107 -0.162635
v 0.924154 1.050031 -0.155543
v 0.849580 1.095021 -0.134624
v 0.772124 1.124823 -0.100927
v 0.695669 1.137940 -0.056141
v 0.624051 1.133716 -0.002513
v 0.560860 1.112362 0.057270
v 0.472622 1.087620 0.123925
v 0.435517 1.033456 0.184855
v 0.414893 0.968278 0.242730
v 0.411786 0.895353 0.294648
v 0.426350 0.818340 0.338005
v 0.457857 0.741098 0.370627
v 0.504725 0.667502 0.390878
v 0.564605 0.601243 0.397744
v 0.634493 0.545642 0.390878
v 0.710887 0.503487 0.370627
v 0.789954 0.476893 0.338005
v 0.867730 0.467193 0.294648
v 0.940316 0.474873 0.242730
v 1.004070 0.499549 0.184855
v 1.055797 0.539982 0.123925
v 1.092903 0.594146 0.062994
v 1.113527 0.659324 0.005119
v 1.116634 0.732249 -0.046799
v 1.102069 0.809262 -0.090156
v 1.070563 0.886504 -0.122778
v 1.023695 0.960099 -0.143029
v 0.963815 1.026359 -0.149894
v 0.893926 1.081960 -0.143029
v 0.817533 1.124115 -0.122778
v 0.738466 1.150709 -0.090156
v 0.660690 1.160409 -0.046799
v 0.588104 1.152729 0.005119
v 0.524350 1.128053 0.062994
v 0.435614 1.098966 0.127519
v 0.398984 1.042251 0.186381
v 0.379235 0.975117 0.242292
v 0.377360 0.900928 0.292447
v 0.393451 0.823405 0.334333
v 0.426701 0.746436 0.365847
v 0.475444 0.673879 0.385411
v 0.537236 0.609374 0.392044
v 0.608977 0.556155 0.385411
v 0.687070 0.516890 0.365847
v 0.767600 0.493548 0.334333
v 0.846528 0.487300 0.292447
v 0.919897 0.498459 0.242292
v 0.984027 0.526466 0.186381
v 1.035703 0.569916 0.127519
v 1.072333 0.626630 0.068657
v 1.092082 0.693765 0.012746
v 1.093957 0.767954 -0.037410
v 1.077866 0.845477 -0.079295
v 1.044616 0.922446 -0.110810
v 0.995873 0.995002 -0.130374
v 0.934081 1.059507 -0.137006
v 0.862340 1.112727 -0.130374
v 0.784247 1.151992 -0.110810
v 0.703717 1.175333 -0.079295
v 0.624789 1.181581 -0.037410
v 0.551420 1.170422 0.012746
v 0.487290 1.142415 0.068657
v 0.398291 1.108977 0.130987
v 0.362303 1.049741 0.187723
v 0.343574 0.980690 0.241614
v 0.343043 0.905287 0.289958
v 0.360737 0.827312 0.330331
v 0.395769 0.750676 0.360707
v 0.446383 0.679221 0.379564
v 0.510039 0.616531 0.385957
v 0.583547 0.565749 0.379564
v 0.663220 0.529422 0.360707
v 0.745063 0.509370 0.330331
v 0.824972 0.506600 0.289958
v 0.898940 0.521251 0.241614
v 0.963259 0.552587 0.187723
v 1.014702 0.599038 0.130987
v 1.050690 0.658274 0.074251
v 1.069420 0.727325 0.020360
v 1.069950 0.802728 -0.027984
v 1.052256 0.880703 -0.068356
v 1.017224 0.957339 -0.098732
v 0.966611 1.028794 -0.117590
v 0.902954 1.091484 -0.123982
v 0.829446 1.142266 -0.117590
v 0.749773 1.178594 -0.098732
v 0.667930 1.198645 -0.068356
v 0.588021 1.201415 -0.027984
v 0.514053 1.186764 0.020360
v 0.449735 1.155428 0.074251
v 0.360706 1.117647 0.134326
v 0.325525 1.055929 0.188880
v 0.307956 0.985011 0.240699
v 0.308881 0.908452 0.287183
v 0.328253 0.830088 0.326002
v 0.365102 0.753851 0.355210
v 0.417578 0.683562 0.373342
v 0.483052 0.622747 0.379489
v 0.558239 0.574454 0.373342
v 0.639370 0.541106 0.355210
v 0.722376 0.524375 0.326002
v 0.803095 0.525099 0.287183
v 0.877480 0.543243 0.240699
v 0.941800 0.577897 0.188880
v 0.992830 0.627322 0.134326
v 1.028012 0.689040 0.079772
v 1.045581 0.759958 0.027954
v 1.044656 0.836518 -0.018530
v 1.025284 0.914881 -0.057350
v 0.988435 0.991119 -0.086558
v 0.935959 1.061407 -0.104690
v 0.870485 1.122223 -0.110836
v 0.795298 1.170515 -0.104690
v 0.714167 1.203863 -0.086558
v 0.631161 1.220594 -0.057350
v 0.550442 1.219870 -0.018530
v 0.476057 1.201726 0.027954
v 0.411737 1.167073 0.079772
v 0.322912 1.124971 0.137533
v 0.288700 1.060819 0.189851
v 0.272430 0.988095 0.239545
v 0.274918 0.910445 0.284124
v 0.296040 0.831762 0.321352
v 0.334737 0.755992 0.349363
v 0.389067 0.686935 0.366752
v 0.456308 0.628053 0.372647
v 0.533086 0.582300 0.366752
v 0.615552 0.551968 0.349363
v 0.699571 0.538579 0.321352
v 0.780930 0.542805 0.284124
v 0.855549 0.564434 0.239545
v 0.919686 0.602381 0.189851
v 0.970126 0.654743 0.137533
v 1.004338 0.718894 0.085215
v 1.020608 0.791619 0.035521
v 1.018120 0.869269 -0.009058
v 0.996998 0.947952 -0.046287
v 0.958301 1.023721 -0.074298
v 0.903970 1.092778 -0.091686
v 0.836730 1.151660 -0.097581
v 0.759952 1.197414 -0.091686
v 0.677486 1.227746 -0.074298
v 0.593466 1.241134 -0.046287
v 0.512108 1.236908 -0.009058
v 0.437489 1.215280 0.035521
v 0.373352 1.177333 0.085215
v 0.284961 1.130945 0.140604
v 0.251876 1.064421 0.190634
v 0.237040 0.989958 0.238155
v 0.241197 0.911291 0.280785
v 0.264137 0.832364 0.316385
v 0.304710 0.757136 0.343172
v 0.360883 0.689377 0.359800
v 0.429837 0.632487 0.365437
v 0.508117 0.589317 0.359800
v 0.591796 0.562033 0.343172
v 0.676678 0.552002 0.316385
v 0.758507 0.559727 0.280785
v 0.833179 0.584822 0.238155
v 0.896951 0.626028 0.190634
v 0.946625 0.681278 0.140604
v 0.979709 0.747803 0.090574
v 0.994545 0.822265 0.043052
v 0.990389 0.900932 0.000422
v 0.967449 0.979859 -0.035178
v 0.926875 1.055088 -0.061964
v 0.870703 1.122846 -0.078593
v 0.801748 1.179736 -0.084230
v 0.723469 1.222906 -0.078593
v 0.639790 1.250191 -0.061964
v 0.554908 1.260221 -0.035178
v 0.473079 1.252496 0.000422
v 0.398406 1.227401 0.043052
v 0.334634 1.186195 0.090574
v 0.246904 1.135569 0.143536
v 0.215103 1.066742 0.191229
v 0.201832 0.990619 0.236530
v 0.207757 0.911017 0.277169
v 0.232579 0.831927 0.311106
v 0.275055 0.757316 0.336641
v 0.333055 0.690925 0.352493
v 0.403670 0.636082 0.357866
v 0.483360 0.595539 0.352493
v 0.568127 0.571327 0.336641
v 0.653723 0.564661 0.311106
v 0.735854 0.575876 0.277169
v 0.810403 0.604408 0.236530
v 0.873631 0.648828 0.191229
v 0.922367 0.706908 0.143536
v 0.954168 0.775734 0.095843
v 0.967439 0.851857 0.050541
v 0.961515 0.931459 0.009903
v 0.936692 1.010549 -0.024035
v 0.894216 1.085160 -0.049570
v 0.836216 1.151552 -0.065421
v 0.765601 1.206394 -0.070795
v 0.685912 1.246938 -0.065421
v 0.601144 1.271149 -0.049570
v 0.515548 1.277815 -0.024035
v 0.433417 1.266600 0.009903
v 0.358868 1.238068 0.050541
v 0.295641 1.193648 0.095843
v 0.208796 1.138845 0.146326
v 0.178428 1.067795 0.191635
v 0.166849 0.990099 0.234672
v 0.174637 0.909650 0.273279
v 0.201402 0.830485 0.305520
v 0.245803 0.756571 0.329778
v 0.305612 0.691616 0.344838
v 0.377831 0.638877 0.349943
v 0.458838 0.600999 0.344838
v 0.544572 0.579879 0.329778
v 0.630733 0.576579 0.305520
v 0.713001 0.591263 0.273279
v 0.787250 0.623194 0.234672
v 0.849758 0.670772 0.191635
v 0.897389 0.731612 0.146326
v 0.927756 0.802661 0.101017
v 0.939336 0.880358 0.057980
v 0.931548 0.960806 0.019373
v 0.904783 1.039972 -0.012868
v 0.860382 1.113885 -0.037126
v 0.800573 1.178840 -0.052185
v 0.728354 1.231579 -0.057290
v 0.647346 1.269458 -0.052185
v 0.561613 1.290577 -0.037126
v 0.475452 1.293877 -0.012868
v 0.393184 1.279194 0.019373
v 0.318935 1.247262 0.057980
v 0.256427 1.199684 0.101017
v 0.170686 1.140776 0.148972
v 0.141898 1.067594 0.191852
v 0.132130 0.988419 0.232582
v 0.141873 0.907220 0.269120
v 0.170637 0.828070 0.299632
v 0.216980 0.754938 0.322590
v 0.278578 0.691491 0.336842
v 0.352343 0.640909 0.341674
v 0.434575 0.605730 0.336842
v 0.521152 0.587718 0.322590
v 0.607731 0.587776 0.299632
v 0.689972 0.605900 0.269120
v 0.763750 0.641182 0.232582
v 0.825367 0.691854 0.191852
v 0.871731 0.755373 0.148972
v 0.900519 0.828555 0.106092
v 0.910286 0.907731 0.065362
v 0.900544 0.988929 0.028825
v 0.871780 1.068079 -0.001688
v 0.825437 1.141211 -0.024646
v 0.763839 1.204659 -0.038898
v 0.690074 1.255240 -0.043729
v 0.607842 1.290419 -0.038898
v 0.521265 1.308431 -0.024646
v 0.434686 1.308374 -0.001688
v 0.352445 1.290249 0.028825
v 0.278666 1.254967 0.065362
v 0.217050 1.204295 0.106092
v 0.132626 1.141369 0.151471
v 0.105557 1.066153 0.191880
v 0.097717 0.985603 0.230263
v 0.109499 0.903757 0.264694
v 0.140312 0.824720 0.293449
v 0.188612 0.752456 0.315084
v 0.251975 0.690587 0.328514
v 0.327225 0.642216 0.333067
v 0.410589 0.609769 0.328514
v 0.497886 0.594872 0.315084
v 0.584739 0.598273 0.293449
v 0.666793 0.619802 0.264694
v 0.739933 0.658378 0.230263
v 0.800491 0.712067 0.191880
v 0.845431 0.778177 0.151471
v 0.872500 0.853393 0.111062
v 0.880340 0.933943 0.072679
v 0.868558 1.015789 0.038248
v 0.837745 1.094826 0.009493
v 0.789446 1.167090 -0.012141
v 0.726082 1.228959 -0.025572
v 0.650832 1.277330 -0.030125
v 0.567468 1.309777 -0.025572
v 0.480171 1.324674 -0.012141
v 0.393318 1.321272 0.009493
v 0.311265 1.299744 0.038248
v 0.238125 1.261168 0.072679
v 0.177567 1.207479 0.111062
v 0.094667 1.140632 0.153821
v 0.069451 1.063490 0.191719
v 0.063647 0.981676 0.227716
v 0.077548 0.899292 0.260008
v 0.110456 0.820470 0.286976
v 0.160721 0.749163 0.307266
v 0.225822 0.688945 0.319862
v 0.302496 0.642836 0.324132
v 0.386896 0.613149 0.319862
v 0.474792 0.601372 0.307266
v 0.561776 0.608095 0.286976
v 0.643486 0.632982 0.260008
v 0.715824 0.674785 0.227716
v 0.775164 0.731407 0.191719
v 0.818529 0.800009 0.153821
v 0.843746 0.877151 0.115923
v 0.849549 0.958965 0.079925
v 0.835649 1.041349 0.047633
v 0.802741 1.120171 0.020666
v 0.752476 1.191479 0.000375
v 0.687374 1.251697 -0.012221
v 0.610701 1.297805 -0.016491
v 0.526300 1.327493 -0.012221
v 0.438404 1.339270 0.000375
v 0.351420 1.332546 0.020666
v 0.269711 1.307659 0.047633
v 0.197372 1.265857 0.079925
v 0.138033 1.209235 0.115923
v 0.056860 1.138576 0.156018
v 0.033621 1.059624 0.191368
v 0.029957 0.976665 0.224945
v 0.046049 0.893858 0.255065
v 0.081091 0.815358 0.280219
v 0.133326 0.745098 0.299145
v 0.200135 0.686604 0.310895
v 0.278168 0.642808 0.314877
v 0.363511 0.615905 0.310895
v 0.451885 0.607246 0.299145
v 0.538860 0.617264 0.280219
v 0.620072 0.645456 0.255065
v 0.691451 0.690410 0.224945
v 0.749417 0.749871 0.191368
v 0.791063 0.820858 0.156018
v 0.814301 0.899810 0.120669
v 0.817966 0.982769 0.087092
v 0.801874 1.065575 0.056971
v 0.766832 1.144076 0.031817
v 0.714597 1.214335 0.012891
v 0.647788 1.272830 0.001142
v 0.569755 1.316626 -0.002841
v 0.484412 1.343529 0.001142
v 0.396037 1.352188 0.012891
v 0.309063 1.342170 0.031817
v 0.227851 1.313978 0.056971
v 0.156472 1.269024 0.087092
v 0.098506 1.209563 0.120669
v 0.019252 1.135213 0.158062
v -0.001889 1.054575 0.190828
v -0.003320 0.970596 0.221951
v 0.015029 0.887489 0.249871
v 0.052240 0.809419 0.273187
v 0.106445 0.740303 0.290730
v 0.174928 0.683605 0.301620
v 0.254253 0.642169 0.305312
v 0.340443 0.618073 0.301620
v 0.429177 0.612524 0.290730
v 0.516005 0.625802 0.273187
v 0.596572 0.657240 0.249871
v 0.666839 0.705261 0.221951
v 0.723283 0.767459 0.190828
v 0.763073 0.840713 0.158062
v 0.784213 0.921351 0.125296
v 0.785645 1.005330 0.094173
v 0.767295 1.088437 0.066253
v 0.730085 1.166507 0.042937
v 0.675879 1.235623 0.025394
v 0.607397 1.292321 0.014504
v 0.528072 1.333757 0.010812
v 0.441881 1.357853 0.014504
v 0.353147 1.363402 0.025394
v 0.266320 1.350124 0.042937
v 0.185752 1.318686 0.066253
v 0.115485 1.270665 0.094173
v 0.059041 1.208467 0.125296
v -0.018108 1.130557 0.159950
v -0.037040 1.048365 0.190100
v -0.036151 0.963499 0.218739
v -0.015485 0.880217 0.244430
v 0.023921 0.802693 0.265884
v 0.080091 0.734815 0.282027
v 0.150210 0.679988 0.292048
v 0.230759 0.640959 0.295445
v 0.317702 0.619687 0.292048
v 0.406678 0.617237 0.282027
v 0.493224 0.633733 0.265884
v 0.573003 0.668348 0.244430
v 0.642012 0.719345 0.218739
v 0.696793 0.784169 0.190100
v 0.734597 0.859567 0.159950
v 0.753529 0.941759 0.129799
v 0.752640 1.026624 0.101161
v 0.731974 1.109907 0.075470
v 0.692568 1.187431 0.054015
v 0.636397 1.255308 0.037873
v 0.566279 1.310136 0.027852
v 0.485729 1.349164 0.024455
v 0.398787 1.370437 0.027852
v 0.309811 1.372886 0.037873
v 0.223264 1.356390 0.054015
v 0.143486 1.321776 0.075470
v 0.074476 1.270778 0.101161
v 0.019696 1.205955 0.129799
v -0.055172 1.124625 0.161680
v -0.071793 1.041017 0.189185
v -0.068504 0.955404 0.215311
v -0.045471 0.872077 0.238747
v -0.003849 0.795217 0.258319
v 0.054276 0.728676 0.273045
v 0.125989 0.675791 0.282187
v 0.207693 0.639215 0.285286
v 0.295293 0.620781 0.282187
v 0.384394 0.621414 0.273045
v 0.470530 0.641081 0.258319
v 0.549381 0.678798 0.238747
v 0.616993 0.732672 0.215311
v 0.669976 0.800002 0.189185
v 0.705673 0.877411 0.161680
v 0.722294 0.961019 0.134175
v 0.719006 1.046633 0.108049
v 0.695973 1.129959 0.084612
v 0.654350 1.206820 0.065040
v 0.596225 1.273361 0.050314
v 0.524512 1.326245 0.041172
v 0.442808 1.362822 0.038073
v 0.355208 1.381256 0.041172
v 0.266107 1.380623 0.050314
v 0.179971 1.360955 0.065040
v 0.101120 1.323239 0.084612
v 0.033508 1.269365 0.108049
v -0.019475 1.202035 0.134175
v -0.091894 1.117435 0.163250
v -0.106110 1.032557 0.188082
v -0.100352 0.946339 0.211670
v -0.074908 0.863105 0.232829
v -0.031055 0.787027 0.250500
v 0.029008 0.721922 0.263795
v 0.102271 0.671054 0.272048
v 0.185058 0.636973 0.274846
v 0.273219 0.621389 0.272048
v 0.362333 0.625083 0.263795
v 0.447931 0.647869 0.250500
v 0.525722 0.688605 0.232829
v 0.591804 0.745249 0.211670
v 0.642864 0.814960 0.188082
v 0.676341 0.894243 0.163250
v 0.690557 0.979121 0.138417
v 0.684798 1.065339 0.114830
v 0.659355 1.148573 0.093671
v 0.615502 1.224650 0.076000
v 0.555438 1.289755 0.062705
v 0.482176 1.340624 0.054451
v 0.399389 1.374705 0.051653
v 0.311228 1.390289 0.054451
v 0.222114 1.386595 0.062705
v 0.136515 1.363809 0.076000
v 0.058725 1.323073 0.093671
v -0.007357 1.266429 0.114830
v -0.058417 1.196718 0.138417
v -0.128229 1.109008 0.164659
v -0.139956 1.023011 0.186795
v -0.131667 0.936337 0.207820
v -0.103777 0.853334 0.226681
v -0.057687 0.778163 0.242433
v 0.004294 0.714594 0.254284
v 0.079057 0.665815 0.261641
v 0.162853 0.634271 0.264135
v 0.251481 0.621544 0.261641
v 0.340496 0.628272 0.254284
v 0.425434 0.654119 0.242433
v 0.502038 0.697787 0.226681
v 0.566464 0.757088 0.207820
v 0.615483 0.829047 0.186795
v 0.646637 0.910056 0.164659
v 0.658363 0.996054 0.142524
v 0.650074 1.082727 0.121498
v 0.622185 1.165730 0.102637
v 0.576095 1.240901 0.086886
v 0.514114 1.304470 0.075034
v 0.439351 1.353249 0.067677
v 0.355555 1.384794 0.065183
v 0.266927 1.397520 0.067677
v 0.177912 1.390792 0.075034
v 0.092973 1.364946 0.086886
v 0.016370 1.321277 0.102637
v -0.048056 1.261977 0.121498
v -0.097076 1.190018 0.142524
v -0.164134 1.099365 0.165906
v -0.173295 1.012405 0.185322
v -0.162423 0.925429 0.203765
v -0.132062 0.842800 0.220310
v -0.083734 0.768661 0.234126
v -0.019864 0.706730 0.244522
v 0.056347 0.660111 0.250975
v 0.141077 0.631143 0.253163
v 0.230077 0.621278 0.250975
v 0.318884 0.631011 0.244522
v 0.403045 0.659853 0.234126
v 0.478340 0.706359 0.220310
v 0.540993 0.768197 0.203765
v 0.587863 0.842266 0.185322
v 0.616600 0.924851 0.165906
v 0.625761 1.011811 0.146489
v 0.614889 1.098787 0.128046
v 0.584528 1.181416 0.111502
v 0.536200 1.255555 0.097685
v 0.472329 1.317486 0.087290
v 0.396119 1.364105 0.080836
v 0.311389 1.393073 0.078649
v 0.222389 1.402938 0.080836
v 0.133582 1.393205 0.087290
v 0.049421 1.364363 0.097685
v -0.025874 1.317857 0.111502
v -0.088528 1.256019 0.128046
v -0.135397 1.181950 0.146489
v -0.199565 1.088530 0.166989
v -0.206096 1.000768 0.183667
v -0.192598 0.913648 0.199510
v -0.159747 0.831539 0.213721
v -0.109190 0.758558 0.225589
v -0.043463 0.698365 0.234519
v 0.034140 0.653978 0.240062
v 0.119725 0.627623 0.241941
v 0.209003 0.620621 0.240062
v 0.297496 0.633323 0.234519
v 0.380766 0.665094 0.225589
v 0.454639 0.714338 0.213721
v 0.515410 0.778588 0.199510
v 0.560031 0.854621 0.183667
v 0.586265 0.938625 0.166989
v 0.592797 1.026388 0.150310
v 0.579299 1.113508 0.134468
v 0.546448 1.195617 0.120257
v 0.495891 1.268598 0.108389
v 0.430163 1.328791 0.099459
v 0.352561 1.373178 0.093916
v 0.266975 1.399533 0.092036
v 0.177698 1.406535 0.093916
v 0.089205 1.393832 0.099459
v 0.005934 1.362062 0.108389
v -0.067939 1.312817 0.120257
v -0.128709 1.248567 0.134468
v -0.173330 1.172534 0.150310
v -0.234481 1.076529 0.167907
v -0.238328 0.988130 0.181831
v -0.222171 0.901025 0.195057
v -0.186821 0.819584 0.206921
v -0.134051 0.747889 0.216829
v -0.066505 0.689536 0.224284
v 0.012428 0.647451 0.228912
v 0.098791 0.623743 0.230481
v 0.188253 0.619603 0.228912
v 0.276328 0.635237 0.224284
v 0.358600 0.669861 0.216829
v 0.430943 0.721740 0.206921
v 0.489730 0.788271 0.195057
v 0.532012 0.866120 0.181831
v 0.555670 0.951381 0.167907
v 0.559517 1.039780 0.153983
v 0.543361 1.126884 0.140757
v 0.508011 1.208325 0.128893
v 0.455240 1.280020 0.118985
v 0.387694 1.338373 0.111530
v 0.308761 1.380459 0.106902
v 0.222398 1.404166 0.105333
v 0.132936 1.408307 0.106902
v 0.044861 1.392673 0.111530
v -0.037411 1.358048 0.118985
v -0.109754 1.306170 0.128893
v -0.168540 1.239638 0.140757
v -0.210823 1.161790 0.153983
v -0.268842 1.063387 0.168659
v -0.269960 0.974519 0.179815
v -0.251123 0.887595 0.190412
v -0.213274 0.806971 0.199917
v -0.158312 0.736691 0.207855
v -0.088994 0.680279 0.213828
v -0.008794 0.640564 0.217536
v 0.078266 0.619537 0.218793
v 0.167819 0.618252 0.217536
v 0.255376 0.636775 0.213828
v 0.336546 0.674176 0.207855
v 0.407259 0.728579 0.199917
v 0.463969 0.797258 0.190412
v 0.503832 0.876767 0.179815
v 0.524850 0.963120 0.168659
v 0.525968 1.051987 0.157504
v 0.507130 1.138912 0.146907
v 0.469281 1.219536 0.137402
v 0.414320 1.289816 0.129464
v 0.345001 1.346228 0.123491
v 0.264801 1.385943 0.119783
v 0.177742 1.406970 0.118526
v 0.088188 1.408254 0.119783
v 0.000631 1.389732 0.123491
v -0.080539 1.352331 0.129464
v -0.151252 1.297927 0.137402
v -0.207962 1.229249 0.146907
v -0.247825 1.149740 0.157504
v -0.302611 1.049133 0.169246
v -0.300966 0.959969 0.177622
v -0.279435 0.873388 0.185578
v -0.239097 0.793733 0.192716
v -0.181975 0.724997 0.198676
v -0.110934 0.670626 0.203161
v -0.029536 0.633348 0.205945
v 0.058138 0.615032 0.206889
v 0.147691 0.616596 0.205945
v 0.234632 0.637961 0.203161
v 0.314603 0.678056 0.198676
v 0.383593 0.734871 0.192716
v 0.438142 0.805557 0.185578
v 0.475515 0.886570 0.177622
v 0.493839 0.973846 0.169246
v 0.492194 1.063010 0.160869
v 0.470662 1.149590 0.152913
v 0.430325 1.229246 0.145775
v 0.373203 1.297982 0.139815
v 0.302162 1.352352 0.135330
v 0.220764 1.389630 0.132546
v 0.133090 1.407947 0.131602
v 0.043537 1.406383 0.132546
v -0.043404 1.385018 0.135330
v -0.123375 1.344923 0.139815
v -0.192365 1.288107 0.145775
v -0.246914 1.217421 0.152913
v -0.284287 1.136409 0.160869
v -0.335750 1.033796 0.169665
v -0.331319 0.944509 0.175253
v -0.307092 0.858440 0.180562
v -0.264284 0.779904 0.185324
v -0.205041 0.712840 0.189301
v -0.132335 0.660611 0.192293
v -0.049810 0.625835 0.194151
v 0.038394 0.610257 0.194781
v 0.127855 0.614658 0.194151
v 0.214088 0.638816 0.192293
v 0.292767 0.681521 0.189301
v 0.359947 0.740631 0.185324
v 0.412261 0.813182 0.180562
v 0.447085 0.895536 0.175253
v 0.462671 0.983564 0.169665
v 0.458240 1.072851 0.164076
v 0.434013 1.158920 0.158767
v 0.391205 1.237456 0.154005
v 0.331962 1.304520 0.150028
v 0.259256 1.356749 0.147036
v 0.176732 1.391525 0.145178
v 0.088527 1.407103 0.144548
v -0.000934 1.402703 0.145178
v -0.087166 1.378544 0.147036
v -0.165845 1.335839 0.150028
v -0.233026 1.276729 0.154005
v -0.285340 1.204178 0.158767
v -0.320163 1.121824 0.164076
v -0.368224 1.017408 0.169916
v -0.360995 0.928172 0.172712
v -0.334080 0.842782 0.175368
v -0.288830 0.765517 0.177750
v -0.227513 0.700253 0.179739
v -0.153204 0.650263 0.181236
v -0.069629 0.618053 0.182165
v 0.019020 0.605238 0.182480
v 0.108300 0.612462 0.182165
v 0.193732 0.639360 0.181236
v 0.271033 0.684586 0.179739
v 0.336327 0.745871 0.177750
v 0.386339 0.820141 0.175368
v 0.418563 0.903674 0.172712
v 0.431381 0.992279 0.169916
v 0.424152 1.081515 0.167120
v 0.397237 1.166906 0.164465
v 0.351987 1.244170 0.162082
v 0.290670 1.309434 0.160093
v 0.216361 1.359424 0.158596
v 0.132786 1.391634 0.157667
v 0.044137 1.404449 0.157352
v -0.045143 1.397226 0.157667
v -0.130575 1.370327 0.158596
v -0.207876 1.325102 0.160093
v -0.273170 1.263817 0.162082
v -0.323182 1.189546 0.164465
v -0.355406 1.106014 0.167120
v -0.400000 1.000000 0.170000
v -0.389971 0.910992 0.170000
v -0.360388 0.826447 0.170000
v -0.312733 0.750604 0.170000
v -0.249396 0.687267 0.170000
v -0.173553 0.639612 0.170000
v -0.089008 0.610029 0.170000
v -0.000000 0.600000 0.170000
v 0.089008 0.610029 0.170000
v 0.173553 0.639612 0.170000
v 0.249396 0.687267 0.170000
v 0.312733 0.750604 0.170000
v 0.360388 0.826447 0.170000
v 0.389971 0.910992 0.170000
v 0.400000 1.000000 0.170000
v 0.389971 1.089008 0.170000
v 0.360388 1.173553 0.170000
v 0.312733 1.249396 0.170000
v 0.249396 1.312733 0.170000
v 0.173553 1.360388 0.170000
v 0.089008 1.389971 0.170000
v -0.000000 1.400000 0.170000
v -0.089008 1.389971 0.170000
v -0.173553 1.360388 0.170000
v -0.249396 1.312733 0.170000
v -0.312733 1.249396 0.170000
v -0.360388 1.173553 0.170000
v -0.389971 1.089008 0.170000
v -0.431046 0.981605 0.169916
v -0.418227 0.893000 0.167120
v -0.386004 0.809467 0.164465
v -0.335991 0.735196 0.162082
v -0.270698 0.673912 0.160093
v -0.193396 0.628686 0.158596
v -0.107964 0.601787 0.157667
v -0.018685 0.594564 0.157352
v 0.069965 0.607379 0.157667
v 0.153539 0.639589 0.158596
v 0.227848 0.689579 0.160093
v 0.289165 0.754843 0.162082
v 0.334415 0.832107 0.164465
v 0.361330 0.917498 0.167120
v 0.368560 1.006734 0.169916
v 0.355741 1.095339 0.172712
v 0.323518 1.178872 0.175368
v 0.273505 1.253142 0.177750
v 0.208212 1.314427 0.179739
v 0.130910 1.359653 0.181236
v 0.045478 1.386552 0.182165
v -0.043801 1.393775 0.182480
v -0.132451 1.380960 0.182165
v -0.216025 1.348750 0.181236
v -0.290334 1.298760 0.179739
v -0.351651 1.233496 0.177750
v -0.396902 1.156232 0.175368
v -0.423816 1.070841 0.172712
v -0.461331 0.962257 0.169665
v -0.445744 0.874229 0.164076
v -0.410921 0.791875 0.158767
v -0.358607 0.719324 0.154005
v -0.291426 0.660214 0.150028
v -0.212747 0.617509 0.147036
v -0.126515 0.593351 0.145178
v -0.037054 0.588950 0.144548
v 0.051151 0.604529 0.145178
v 0.133675 0.639304 0.147036
v 0.206381 0.691534 0.150028
v 0.265624 0.758597 0.154005
v 0.308432 0.837133 0.158767
v 0.332659 0.923202 0.164076
v 0.337090 1.012490 0.169665
v 0.321504 1.100517 0.175253
v 0.286680 1.182872 0.180562
v 0.234366 1.255423 0.185324
v 0.167186 1.314533 0.189301
v 0.088506 1.357238 0.192293
v 0.002274 1.381396 0.194151
v -0.087187 1.385796 0.194781
v -0.175391 1.370218 0.194151
v -0.257916 1.335443 0.192293
v -0.330622 1.283213 0.189301
v -0.389865 1.216149 0.185324
v -0.432673 1.137614 0.180562
v -0.456900 1.051544 0.175253
v -0.490828 0.941991 0.169246
v -0.472504 0.854715 0.160869
v -0.435131 0.773703 0.152913
v -0.380581 0.703017 0.145775
v -0.311592 0.646201 0.139815
v -0.231621 0.606106 0.135330
v -0.144679 0.584741 0.132546
v -0.055126 0.583177 0.131602
v 0.032547 0.601494 0.132546
v 0.113945 0.638772 0.135330
v 0.184986 0.693142 0.139815
v 0.242108 0.761878 0.145775
v 0.282446 0.841534 0.152913
v 0.303977 0.928114 0.160869
v 0.305622 1.017278 0.169246
v 0.287298 1.104554 0.177622
v 0.249925 1.185566 0.185578
v 0.195376 1.256252 0.192716
v 0.126386 1.313068 0.198676
v 0.046416 1.353163 0.203161
v -0.040526 1.374528 0.205945
v -0.130079 1.376092 0.206889
v -0.217753 1.357776 0.205945
v -0.299151 1.320498 0.203161
v -0.370192 1.266127 0.198676
v -0.427313 1.197391 0.192716
v -0.467651 1.117736 0.185578
v -0.489182 1.031155 0.177622
v -0.519509 0.920843 0.168659
v -0.498491 0.834490 0.157504
v -0.458628 0.754980 0.146907
v -0.401918 0.686302 0.137402
v -0.331205 0.631898 0.129464
v -0.250035 0.594498 0.123491
v -0.162478 0.575975 0.119783
v -0.072925 0.577259 0.118526
v 0.014135 0.598286 0.119783
v 0.094335 0.638002 0.123491
v 0.163653 0.694414 0.129464
v 0.218615 0.764694 0.137402
v 0.256463 0.845317 0.146907
v 0.275301 0.932242 0.157504
v 0.274183 1.021109 0.168659
v 0.253166 1.107463 0.179815
v 0.213302 1.186972 0.190412
v 0.156593 1.255650 0.199917
v 0.085880 1.310054 0.207855
v 0.004710 1.347455 0.213828
v -0.082847 1.365977 0.217536
v -0.172401 1.364693 0.218793
v -0.259460 1.343666 0.217536
v -0.339660 1.303950 0.213828
v -0.408979 1.247539 0.207855
v -0.463941 1.177259 0.199917
v -0.501789 1.096635 0.190412
v -0.520627 1.009710 0.179815
v -0.547350 0.898848 0.167907
v -0.523692 0.813587 0.153983
v -0.481409 0.735739 0.140757
v -0.422623 0.669207 0.128893
v -0.350280 0.617328 0.118985
v -0.268008 0.582704 0.111530
v -0.179933 0.567070 0.106902
v -0.090471 0.571211 0.105333
v -0.004108 0.594918 0.106902
v 0.074825 0.637003 0.111530
v 0.142371 0.695357 0.118985
v 0.195142 0.767051 0.128893
v 0.230492 0.848493 0.140757
v 0.246648 0.935597 0.153983
v 0.242801 1.023996 0.167907
v 0.219143 1.109257 0.181831
v 0.176861 1.187105 0.195057
v 0.118074 1.253637 0.206921
v 0.045731 1.305515 0.216829
v -0.036540 1.340140 0.224284
v -0.124616 1.355774 0.228912
v -0.214078 1.351633 0.230481
v -0.300441 1.327926 0.228912
v -0.379374 1.285840 0.224284
v -0.446920 1.227487 0.216829
v -0.499690 1.155793 0.206921
v -0.535040 1.074351 0.195057
v -0.551197 0.987247 0.181831
v -0.574327 0.876044 0.166989
v -0.548093 0.792040 0.150310
v -0.503472 0.716007 0.134468
v -0.442701 0.651757 0.120257
v -0.368828 0.602513 0.108389
v -0.285558 0.570742 0.099459
v -0.197065 0.558040 0.093916
v -0.107787 0.565041 0.092036
v -0.022202 0.591397 0.093916
v 0.055401 0.635784 0.099459
v 0.121128 0.695977 0.108389
v 0.171685 0.768958 0.120257
v 0.204536 0.851067 0.134468
v 0.218034 0.938187 0.150310
v 0.211503 1.025949 0.166989
v 0.185268 1.109953 0.183667
v 0.140647 1.185986 0.199510
v 0.079877 1.250236 0.213721
v 0.006004 1.299481 0.225589
v -0.077267 1.331251 0.234519
v -0.165760 1.343954 0.240062
v -0.255037 1.336952 0.241941
v -0.340623 1.310597 0.240062
v -0.418225 1.266210 0.234519
v -0.483953 1.206017 0.225589
v -0.534510 1.133036 0.213721
v -0.567361 1.050926 0.199510
v -0.580859 0.963806 0.183667
v -0.600420 0.852468 0.165906
v -0.571684 0.769883 0.146489
v -0.524814 0.695815 0.128046
v -0.462161 0.633977 0.111502
v -0.386866 0.587471 0.097685
v -0.302705 0.558628 0.087290
v -0.213897 0.548895 0.080836
v -0.124898 0.558760 0.078649
v -0.040168 0.587728 0.080836
v 0.036043 0.634347 0.087290
v 0.099914 0.696279 0.097685
v 0.148241 0.770418 0.111502
v 0.178602 0.853047 0.128046
v 0.189475 0.940022 0.146489
v 0.180313 1.026983 0.165906
v 0.151577 1.109568 0.185322
v 0.104707 1.183636 0.203765
v 0.042054 1.245474 0.220310
v -0.033241 1.291980 0.234126
v -0.117403 1.320823 0.244522
v -0.206210 1.330556 0.250975
v -0.295209 1.320691 0.253163
v -0.379939 1.291723 0.250975
v -0.456150 1.245104 0.244522
v -0.520021 1.183172 0.234126
v -0.568348 1.109033 0.220310
v -0.598710 1.026404 0.203765
v -0.609582 0.939429 0.185322
v -0.625609 0.828158 0.164659
v -0.594455 0.747149 0.142524
v -0.545436 0.675190 0.121498
v -0.481010 0.615889 0.102637
v -0.404407 0.572221 0.086886
v -0.319468 0.546374 0.075034
v -0.230453 0.539646 0.067677
v -0.141825 0.552373 0.065183
v -0.058029 0.583917 0.067677
v 0.016734 0.632696 0.075034
v 0.078715 0.696265 0.086886
v 0.124805 0.771436 0.102637
v 0.152694 0.854439 0.121498
v 0.160984 0.941112 0.142524
v 0.149257 1.027110 0.164659
v 0.118103 1.108119 0.186795
v 0.069084 1.180079 0.207820
v 0.004658 1.239379 0.226681
v -0.071945 1.283047 0.242433
v -0.156884 1.308894 0.254284
v -0.245899 1.315622 0.261641
v -0.334527 1.302895 0.264135
v -0.418323 1.271351 0.261641
v -0.493086 1.222572 0.254284
v -0.555067 1.159003 0.242433
v -0.601157 1.083832 0.226681
v -0.629046 1.000829 0.207820
v -0.637336 0.914156 0.186795
v -0.649876 0.803152 0.163250
v -0.616399 0.723870 0.138417
v -0.565340 0.654159 0.114830
v -0.499258 0.597515 0.093671
v -0.421467 0.556778 0.076000
v -0.335869 0.533992 0.062705
v -0.246755 0.530299 0.054451
v -0.158594 0.545883 0.051653
v -0.075806 0.579964 0.054451
v -0.002544 0.630832 0.062705
v 0.057520 0.695937 0.076000
v 0.101373 0.772014 0.093671
v 0.126816 0.855249 0.114830
v 0.132574 0.941467 0.138417
v 0.118358 1.026345 0.163250
v 0.084881 1.105627 0.188082
v 0.033822 1.175338 0.211670
v -0.032260 1.231982 0.232829
v -0.110051 1.272718 0.250500
v -0.195649 1.295505 0.263795
v -0.284763 1.299198 0.272048
v -0.372924 1.283614 0.274846
v -0.455712 1.249533 0.272048
v -0.528974 1.198665 0.263795
v -0.589038 1.133560 0.250500
v -0.632891 1.057483 0.232829
v -0.658334 0.974248 0.211670
v -0.664092 0.888030 0.188082
v -0.673206 0.777488 0.161680
v -0.637509 0.700078 0.134175
v -0.584526 0.632748 0.108049
v -0.516914 0.578874 0.084612
v -0.438063 0.541158 0.065040
v -0.351927 0.521490 0.050314
v -0.262826 0.520857 0.041172
v -0.175226 0.539291 0.038073
v -0.093522 0.575868 0.041172
v -0.021809 0.628752 0.050314
v 0.036316 0.695293 0.065040
v 0.077939 0.772154 0.084612
v 0.100972 0.855480 0.108049
v 0.104260 0.941094 0.134175
v 0.087639 1.024702 0.161680
v 0.051942 1.102111 0.189185
v -0.001041 1.169441 0.215311
v -0.068653 1.223315 0.238747
v -0.147504 1.261032 0.258319
v -0.233639 1.280699 0.273045
v -0.322741 1.281332 0.282187
v -0.410340 1.262898 0.285286
v -0.492045 1.226322 0.282187
v -0.563758 1.173437 0.273045
v -0.621883 1.106896 0.258319
v -0.663505 1.030036 0.238747
v -0.686538 0.946710 0.215311
v -0.689827 0.861096 0.189185
v -0.695584 0.751205 0.159950
v -0.657780 0.675806 0.129799
v -0.603000 0.610983 0.101161
v -0.533990 0.559986 0.075470
v -0.454212 0.525371 0.054015
v -0.367665 0.508875 0.037873
v -0.278689 0.511325 0.027852
v -0.191747 0.532597 0.024455
v -0.111197 0.571626 0.027852
v -0.041079 0.626453 0.037873
v 0.015092 0.694331 0.054015
v 0.054498 0.771855 0.075470
v 0.075164 0.855137 0.101161
v 0.076053 0.940002 0.129799
v 0.057121 1.022195 0.159950
v 0.019317 1.097593 0.190100
v -0.035463 1.162416 0.218739
v -0.104473 1.213414 0.244430
v -0.184251 1.248028 0.265884
v -0.270798 1.264524 0.282027
v -0.359774 1.262075 0.292048
v -0.446716 1.240802 0.295445
v -0.527266 1.201774 0.292048
v -0.597385 1.146946 0.282027
v -0.653555 1.079068 0.265884
v -0.692961 1.001545 0.244430
v -0.713627 0.918262 0.218739
v -0.714516 0.833397 0.190100
v -0.716997 0.724340 0.158062
v -0.677208 0.651086 0.125296
v -0.620764 0.588888 0.094173
v -0.550497 0.540867 0.066253
v -0.469929 0.509429 0.042937
v -0.383102 0.496151 0.025394
v -0.294368 0.501700 0.014504
v -0.208177 0.525796 0.010812
v -0.128852 0.567232 0.014504
v -0.060370 0.623930 0.025394
v -0.006164 0.693046 0.042937
v 0.031046 0.771116 0.066253
v 0.049396 0.854223 0.094173
v 0.047964 0.938202 0.125296
v 0.026824 1.018840 0.158062
v -0.012966 1.092094 0.190828
v -0.069410 1.154292 0.221951
v -0.139677 1.202313 0.249871
v -0.220245 1.233751 0.273187
v -0.307072 1.247029 0.290730
v -0.395806 1.241480 0.301620
v -0.481996 1.217384 0.305312
v -0.561322 1.175948 0.301620
v -0.629804 1.119250 0.290730
v -0.684009 1.050134 0.273187
v -0.721220 0.972064 0.249871
v -0.739570 0.888957 0.221951
v -0.738138 0.804978 0.190828
v -0.737436 0.696933 0.156018
v -0.695790 0.625947 0.120669
v -0.637824 0.566486 0.087092
v -0.566445 0.521532 0.056971
v -0.485233 0.493339 0.031817
v -0.398258 0.483321 0.012891
v -0.309884 0.491980 0.001142
v -0.224541 0.518883 -0.002841
v -0.146508 0.562679 0.001142
v -0.079699 0.621174 0.012891
v -0.027464 0.691433 0.031817
v 0.007578 0.769934 0.056971
v 0.023670 0.852740 0.087092
v 0.020006 0.935699 0.120669
v -0.003233 1.014651 0.156018
v -0.044879 1.085638 0.191368
v -0.102845 1.145099 0.224945
v -0.174224 1.190053 0.255065
v -0.255436 1.218246 0.280219
v -0.342410 1.228264 0.299145
v -0.430785 1.219604 0.310895
v -0.516128 1.192702 0.314877
v -0.594161 1.148905 0.310895
v -0.660970 1.090411 0.299145
v -0.713205 1.020152 0.280219
v -0.748247 0.941651 0.255065
v -0.764339 0.858845 0.224945
v -0.760674 0.775885 0.191368
v -0.756891 0.669022 0.153821
v -0.713526 0.600420 0.115923
v -0.654186 0.543798 0.079925
v -0.581848 0.501995 0.047633
v -0.500138 0.477108 0.020666
v -0.413155 0.470384 0.000375
v -0.325259 0.482161 -0.012221
v -0.240858 0.511849 -0.016491
v -0.164184 0.557957 -0.012221
v -0.099083 0.618175 0.000375
v -0.048818 0.689483 0.020666
v -0.015910 0.768305 0.047633
v -0.002009 0.850689 0.079925
v -0.007813 0.932503 0.115923
v -0.033030 1.009645 0.153821
v -0.076395 1.078247 0.191719
v -0.135735 1.134869 0.227716
v -0.208073 1.176672 0.260008
v -0.289782 1.201559 0.286976
v -0.376766 1.208283 0.307266
v -0.464662 1.196505 0.319862
v -0.549063 1.166818 0.324132
v -0.625736 1.120710 0.319862
v -0.690838 1.060492 0.307266
v -0.741103 0.989184 0.286976
v -0.774011 0.910362 0.260008
v -0.787911 0.827978 0.227716
v -0.782108 0.746164 0.191719
v -0.775355 0.640644 0.151471
v -0.730414 0.574534 0.111062
v -0.669856 0.520845 0.072679
v -0.596716 0.482269 0.038248
v -0.514663 0.460741 0.009493
v -0.427810 0.457339 -0.012141
v -0.340513 0.472236 -0.025572
v -0.257149 0.504683 -0.030125
v -0.181899 0.553054 -0.025572
v -0.118535 0.614923 -0.012141
v -0.070236 0.687187 0.009493
v -0.039423 0.766224 0.038248
v -0.027641 0.848070 0.072679
v -0.035481 0.928620 0.111062
v -0.062550 1.003836 0.151471
v -0.107490 1.069946 0.191880
v -0.168048 1.123635 0.230263
v -0.241188 1.162211 0.264694
v -0.323242 1.183740 0.293449
v -0.410095 1.187141 0.315084
v -0.497392 1.172244 0.328514
v -0.580756 1.139797 0.333067
v -0.656006 1.091426 0.328514
v -0.719369 1.029557 0.315084
v -0.767669 0.957293 0.293449
v -0.798482 0.878256 0.264694
v -0.810264 0.796410 0.230263
v -0.802424 0.715860 0.191880
v -0.792822 0.611837 0.148972
v -0.746457 0.548318 0.106092
v -0.684841 0.497647 0.065362
v -0.611063 0.462364 0.028825
v -0.528822 0.444240 -0.001688
v -0.442242 0.444182 -0.024646
v -0.355666 0.462195 -0.038898
v -0.273433 0.497373 -0.043729
v -0.199669 0.547955 -0.038898
v -0.138070 0.611402 -0.024646
v -0.091727 0.684535 -0.001688
v -0.062963 0.763684 0.028825
v -0.053221 0.844883 0.065362
v -0.062988 0.924058 0.106092
v -0.091776 0.997240 0.148972
v -0.138141 1.060760 0.191852
v -0.199757 1.111431 0.232582
v -0.273535 1.146713 0.269120
v -0.355776 1.164838 0.299632
v -0.442355 1.164895 0.322590
v -0.528932 1.146883 0.336842
v -0.611165 1.111704 0.341674
v -0.684929 1.061123 0.336842
v -0.746528 0.997675 0.322590
v -0.792871 0.924543 0.299632
v -0.821635 0.845393 0.269120
v -0.831377 0.764195 0.232582
v -0.821609 0.685019 0.191852
v -0.809287 0.582639 0.146326
v -0.761656 0.521800 0.101017
v -0.699148 0.474222 0.057980
v -0.624899 0.442290 0.019373
v -0.542631 0.427607 -0.012868
v -0.456470 0.430907 -0.037126
v -0.370737 0.452026 -0.052185
v -0.289729 0.489905 -0.057290
v -0.217510 0.542644 -0.052185
v -0.157701 0.607599 -0.037126
v -0.113300 0.681512 -0.012868
v -0.086535 0.760678 0.019373
v -0.078747 0.841126 0.057980
v -0.090327 0.918823 0.101017
v -0.120694 0.989873 0.146326
v -0.168325 1.050712 0.191635
v -0.230833 1.098290 0.234672
v -0.305082 1.130221 0.273279
v -0.387350 1.144905 0.305520
v -0.473511 1.141605 0.329778
v -0.559244 1.120486 0.344838
v -0.640252 1.082607 0.349943
v -0.712471 1.029868 0.344838
v -0.772280 0.964913 0.329778
v -0.816681 0.890999 0.305520
v -0.843446 0.811834 0.273279
v -0.851234 0.731386 0.234672
v -0.839654 0.653689 0.191635
v -0.824749 0.553087 0.143536
v -0.776013 0.495007 0.095843
v -0.712785 0.450588 0.050541
v -0.638237 0.422055 0.009903
v -0.556106 0.410841 -0.024035
v -0.470510 0.417506 -0.049570
v -0.385742 0.441718 -0.065421
v -0.306053 0.482262 -0.070795
v -0.235438 0.537104 -0.065421
v -0.177438 0.603496 -0.049570
v -0.134962 0.678107 -0.024035
v -0.110139 0.757196 0.009903
v -0.104215 0.836798 0.050541
v -0.117486 0.912921 0.095843
v -0.149287 0.981748 0.143536
v -0.198023 1.039828 0.191229
v -0.261251 1.084247 0.236530
v -0.335799 1.112780 0.277169
v -0.417931 1.123994 0.311106
v -0.503526 1.117329 0.336641
v -0.588294 1.093117 0.352493
v -0.667983 1.052573 0.357866
v -0.738599 0.997731 0.352493
v -0.796598 0.931340 0.336641
v -0.839074 0.856728 0.311106
v -0.863897 0.777639 0.277169
v -0.869821 0.698037 0.236530
v -0.856550 0.621914 0.191229
v -0.839206 0.523216 0.140604
v -0.789533 0.467966 0.090574
v -0.725761 0.426760 0.043052
v -0.651088 0.401665 0.000422
v -0.569259 0.393940 -0.035178
v -0.484377 0.403971 -0.061964
v -0.400698 0.431255 -0.078593
v -0.322419 0.474425 -0.084230
v -0.253464 0.531315 -0.078593
v -0.197291 0.599074 -0.061964
v -0.156718 0.674302 -0.035178
v -0.133778 0.753229 0.000422
v -0.129621 0.831896 0.043052
v -0.144457 0.906359 0.090574
v -0.177542 0.972883 0.140604
v -0.227215 1.028133 0.190634
v -0.290987 1.069339 0.238155
v -0.365660 1.094434 0.280785
v -0.447489 1.102159 0.316385
v -0.532371 1.092129 0.343172
v -0.616050 1.064844 0.359800
v -0.694329 1.021674 0.365437
v -0.763284 0.964784 0.359800
v -0.819457 0.897026 0.343172
v -0.860030 0.821797 0.316385
v -0.882970 0.742870 0.280785
v -0.887126 0.664203 0.238155
v -0.872290 0.589741 0.190634
v -0.852658 0.493063 0.137533
v -0.802219 0.440701 0.085215
v -0.738082 0.402754 0.035521
v -0.663463 0.381126 -0.009058
v -0.582104 0.376900 -0.046287
v -0.498085 0.390288 -0.074298
v -0.415619 0.420620 -0.091686
v -0.338840 0.466374 -0.097581
v -0.271600 0.525256 -0.091686
v -0.217270 0.594313 -0.074298
v -0.178573 0.670082 -0.046287
v -0.157451 0.748765 -0.009058
v -0.154962 0.826415 0.035521
v -0.171232 0.899140 0.085215
v -0.205445 0.963291 0.137533
v -0.255884 1.015653 0.189851
v -0.320022 1.053600 0.239545
v -0.394641 1.075229 0.284124
v -0.475999 1.079455 0.321352
v -0.560018 1.066066 0.349363
v -0.642485 1.035734 0.366752
v -0.719263 0.989981 0.372647
v -0.786503 0.931099 0.366752
v -0.840834 0.862042 0.349363
v -0.879530 0.786272 0.321352
v -0.900652 0.707589 0.284124
v -0.903141 0.629939 0.239545
v -0.886871 0.557215 0.189851
v -0.865108 0.462663 0.134326
v -0.814077 0.413237 0.079772
v -0.749757 0.378584 0.027954
v -0.675373 0.360440 -0.018530
v -0.594653 0.359716 -0.057350
v -0.511647 0.376447 -0.086558
v -0.430516 0.409795 -0.104690
v -0.355329 0.458087 -0.110836
v -0.289856 0.518903 -0.104690
v -0.237379 0.589191 -0.086558
v -0.200530 0.665429 -0.057350
v -0.181158 0.743792 -0.018530
v -0.180233 0.820352 0.027954
v -0.197802 0.891270 0.079772
v -0.232984 0.952988 0.134326
v -0.284014 1.002413 0.188880
v -0.348334 1.037067 0.240699
v -0.422719 1.055211 0.287183
v -0.503438 1.055935 0.326002
v -0.586444 1.039204 0.355210
v -0.667575 1.005856 0.373342
v -0.742762 0.957563 0.379489
v -0.808236 0.896748 0.373342
v -0.860713 0.826459 0.355210
v -0.897561 0.750222 0.326002
v -0.916933 0.671859 0.287183
v -0.917858 0.595299 0.240699
v -0.900289 0.524381 0.188880
v -0.876557 0.432049 0.130987
v -0.825113 0.385598 0.074251
v -0.760795 0.354262 0.020360
v -0.686827 0.339612 -0.027984
v -0.606918 0.342381 -0.068356
v -0.525075 0.362433 -0.098732
v -0.445402 0.398761 -0.117590
v -0.371894 0.449543 -0.123982
v -0.308237 0.512233 -0.117590
v -0.257624 0.583687 -0.098732
v -0.222592 0.660323 -0.068356
v -0.204898 0.738298 -0.027984
v -0.205428 0.813701 0.020360
v -0.224158 0.882752 0.074251
v -0.260146 0.941988 0.130987
v -0.311589 0.988439 0.187723
v -0.375908 1.019776 0.241614
v -0.449876 1.034426 0.289958
v -0.529785 1.031656 0.330331
v -0.611628 1.011605 0.360707
v -0.691301 0.975277 0.379564
v -0.764809 0.924495 0.385957
v -0.828465 0.861805 0.379564
v -0.879079 0.790350 0.360707
v -0.914111 0.713714 0.330331
v -0.931805 0.635740 0.289958
v -0.931274 0.560336 0.241614
v -0.912545 0.491285 0.187723
v -0.887010 0.401257 0.127519
v -0.835334 0.357807 0.068657
v -0.771203 0.329800 0.012746
v -0.697835 0.318641 -0.037410
v -0.618907 0.324889 -0.079295
v -0.538377 0.348230 -0.110810
v -0.460283 0.387495 -0.130374
v -0.388542 0.440715 -0.137006
v -0.326751 0.505220 -0.130374
v -0.278008 0.577776 -0.110810
v -0.244757 0.654746 -0.079295
v -0.228666 0.732268 -0.037410
v -0.230542 0.806457 0.012746
v -0.250290 0.873592 0.068657
v -0.286921 0.930306 0.127519
v -0.338597 0.973756 0.186381
v -0.402727 1.001763 0.242292
v -0.476096 1.012922 0.292447
v -0.555024 1.006674 0.334333
v -0.635554 0.983332 0.365847
v -0.713647 0.944067 0.385411
v -0.785388 0.890848 0.392044
v -0.847179 0.826343 0.385411
v -0.895922 0.753786 0.365847
v -0.929173 0.676817 0.334333
v -0.945264 0.599294 0.292447
v -0.943388 0.525106 0.242292
v -0.923640 0.457971 0.186381
v -0.896472 0.370318 0.123925
v -0.844745 0.329884 0.062994
v -0.780990 0.305209 0.005119
v -0.708405 0.297528 -0.046799
v -0.630628 0.307228 -0.090156
v -0.551561 0.333823 -0.122778
v -0.475168 0.375977 -0.143029
v -0.405279 0.431578 -0.149894
v -0.345399 0.497838 -0.143029
v -0.298531 0.571434 -0.122778
v -0.267025 0.648675 -0.090156
v -0.252460 0.725689 -0.046799
v -0.255568 0.798613 0.005119
v -0.276191 0.863791 0.062994
v -0.313297 0.917955 0.123925
v -0.365024 0.958389 0.184855
v -0.428779 0.983064 0.242730
v -0.501364 0.990744 0.294648
v -0.579140 0.981044 0.338005
v -0.658207 0.954450 0.370627
v -0.734601 0.912296 0.390878
v -0.804490 0.856694 0.397744
v -0.864369 0.790435 0.390878
v -0.911238 0.716839 0.370627
v -0.942744 0.639598 0.338005
v -0.957308 0.562584 0.294648
v -0.954201 0.489660 0.242730
v -0.933577 0.424481 0.184855
v -0.904949 0.339264 0.120208
v -0.853354 0.301851 0.057270
v -0.790163 0.280498 -0.002513
v -0.718544 0.276273 -0.056141
v -0.642090 0.289391 -0.100927
v -0.564634 0.319192 -0.134624
v -0.490060 0.364183 -0.155543
v -0.422107 0.422107 -0.162635
v -0.364183 0.490060 -0.155543
v -0.319192 0.564634 -0.134624
v -0.289391 0.642090 -0.100927
v -0.276273 0.718544 -0.056141
v -0.280498 0.790163 -0.002513
v -0.301851 0.853354 0.057270
v -0.339264 0.904949 0.120208
v -0.390860 0.942362 0.183147
v -0.454051 0.963716 0.242929
v -0.525669 0.967940 0.296558
v -0.602124 0.954823 0.341343
v -0.679580 0.925021 0.375041
v -0.754154 0.880031 0.395959
v -0.822107 0.822107 0.403051
v -0.880031 0.754154 0.395959
v -0.925021 0.679580 0.375041
v -0.954823 0.602124 0.341343
v -0.967940 0.525669 0.296558
v -0.963716 0.454051 0.242929
v -0.942362 0.390860 0.183147
v -0.912450 0.308127 0.116373
v -0.861169 0.273728 0.051489
v -0.798728 0.255676 -0.010142
v -0.728260 0.254874 -0.065429
v -0.653297 0.271365 -0.111599
v -0.577599 0.304320 -0.146338
v -0.504961 0.352088 -0.167904
v -0.439026 0.412273 -0.175214
v -0.383100 0.481857 -0.167904
v -0.339988 0.557351 -0.146338
v -0.311850 0.634969 -0.111599
v -0.300099 0.710819 -0.065429
v -0.305324 0.781098 -0.010142
v -0.327261 0.842282 0.051489
v -0.364813 0.891302 0.116373
v -0.416094 0.925701 0.181257
v -0.478535 0.943754 0.242888
v -0.549003 0.944555 0.298175
v -0.623966 0.928065 0.344345
v -0.699664 0.895109 0.379084
v -0.772302 0.847341 0.400650
v -0.838237 0.787157 0.407960
v -0.894163 0.717573 0.400650
v -0.937275 0.642079 0.379084
v -0.965412 0.564461 0.344345
v -0.977164 0.488611 0.298175
v -0.971939 0.418332 0.242888
v -0.950001 0.357148 0.181257
v -0.918982 0.276938 0.112423
v -0.868197 0.245534 0.045657
v -0.806694 0.230751 -0.017761
v -0.737557 0.233329 -0.074652
v -0.664253 0.253139 -0.122161
v -0.590458 0.289188 -0.157908
v -0.519872 0.339669 -0.180099
v -0.456035 0.402049 -0.187621
v -0.402147 0.473201 -0.180099
v -0.360912 0.549557 -0.157908
v -0.334396 0.627288 -0.122161
v -0.323929 0.702497 -0.074652
v -0.330037 0.771412 -0.017761
v -0.352412 0.830577 0.045657
v -0.389933 0.877027 0.112423
v -0.440718 0.908430 0.179189
v -0.502222 0.923214 0.242607
v -0.571359 0.920635 0.299498
v -0.644663 0.900825 0.347007
v -0.718458 0.864776 0.382754
v -0.789044 0.814296 0.404945
v -0.852881 0.751915 0.412467
v -0.906768 0.680763 0.404945
v -0.948004 0.604407 0.382754
v -0.974520 0.526676 0.347007
v -0.984986 0.451467 0.299498
v -0.978879 0.382552 0.242607
v -0.956504 0.323387 0.179189
v -0.924555 0.245724 0.108362
v -0.874447 0.217287 0.039780
v -0.814066 0.205730 -0.025363
v -0.746440 0.211633 -0.083801
v -0.674960 0.234701 -0.132603
v -0.603211 0.273775 -0.169321
v -0.534790 0.326899 -0.192116
v -0.473128 0.391406 -0.199843
v -0.421318 0.464063 -0.192116
v -0.381957 0.541226 -0.169321
v -0.357018 0.619026 -0.132603
v -0.347753 0.693562 -0.083801
v -0.354626 0.761097 -0.025363
v -0.377293 0.818243 0.039780
v -0.414616 0.862135 0.108362
v -0.464725 0.890572 0.176944
v -0.525106 0.902129 0.242087
v -0.592732 0.896226 0.300525
v -0.664212 0.873159 0.349327
v -0.735961 0.834084 0.386045
v -0.804382 0.780961 0.408840
v -0.866043 0.716453 0.416567
v -0.917854 0.643796 0.408840
v -0.957215 0.566633 0.386045
v -0.982153 0.488833 0.349327
v -0.991418 0.414297 0.300525
v -0.984545 0.346763 0.242087
v -0.961879 0.289617 0.176944
v -0.929179 0.214515 0.104194
v -0.879926 0.189003 0.033864
v -0.820850 0.180619 -0.032940
v -0.754912 0.189783 -0.092867
v -0.685419 0.216036 -0.142913
v -0.615856 0.258062 -0.180568
v -0.549710 0.313752 -0.203943
v -0.490300 0.380315 -0.211868
v -0.440603 0.454413 -0.203943
v -0.403112 0.532330 -0.180568
v -0.379706 0.610159 -0.142913
v -0.371560 0.683998 -0.092867
v -0.379082 0.750143 -0.032940
v -0.401894 0.805279 0.033864
v -0.438854 0.846639 0.104194
v -0.488106 0.872152 0.174525
v -0.547183 0.880536 0.241328
v -0.613121 0.871372 0.301256
v -0.682614 0.845119 0.351301
v -0.752177 0.803093 0.388956
v -0.818322 0.747403 0.412332
v -0.877733 0.680840 0.420256
v -0.927430 0.606742 0.412332
v -0.964921 0.528825 0.388956
v -0.988327 0.450996 0.351301
v -0.996473 0.377157 0.301256
v -0.988951 0.311012 0.241328
v -0.966138 0.255876 0.174525
v -0.932865 0.183339 0.099923
v -0.884644 0.160701 0.027914
v -0.827051 0.155425 -0.040484
v -0.762975 0.167775 -0.101842
v -0.695629 0.197133 -0.153082
v -0.628388 0.242027 -0.191636
v -0.564626 0.300204 -0.215570
v -0.507539 0.368749 -0.223683
v -0.459990 0.444223 -0.215570
v -0.424364 0.522842 -0.191636
v -0.402446 0.600665 -0.153082
v -0.395336 0.673787 -0.101842
v -0.403390 0.738544 -0.040484
v -0.426205 0.791687 0.027914
v -0.462636 0.830552 0.099923
v -0.510857 0.853190 0.171933
v -0.568450 0.858466 0.240331
v -0.632526 0.846116 0.301689
v -0.699872 0.816757 0.352929
v -0.767113 0.771864 0.391483
v -0.830875 0.713686 0.415417
v -0.887962 0.645142 0.423530
v -0.935511 0.569668 0.415417
v -0.971137 0.491049 0.391483
v -0.993055 0.413226 0.352929
v -1.000165 0.340104 0.301689
v -0.992111 0.275347 0.240331
v -0.969296 0.222204 0.171933
v -0.935623 0.152220 0.095554
v -0.888607 0.132394 0.021937
v -0.832675 0.130151 -0.047989
v -0.770631 0.145604 -0.110716
v -0.705586 0.177978 -0.163101
v -0.640802 0.225650 -0.202515
v -0.579527 0.286229 -0.226983
v -0.524835 0.356677 -0.235278
v -0.479467 0.433463 -0.226983
v -0.445699 0.512735 -0.202515
v -0.425223 0.590519 -0.163101
v -0.419067 0.662914 -0.110716
v -0.427539 0.726290 -0.047989
v -0.450215 0.777469 0.021937
v -0.485957 0.813885 0.095554
v -0.532973 0.833711 0.169171
v -0.588905 0.835954 0.239097
v -0.650949 0.820501 0.301825
v -0.715994 0.788127 0.354209
v -0.780778 0.740455 0.393624
v -0.842053 0.679876 0.418092
v -0.896745 0.609427 0.426386
v -0.942113 0.532642 0.418092
v -0.975881 0.453370 0.393624
v -0.996357 0.375586 0.354209
v -1.002513 0.303191 0.301825
v -0.994041 0.239815 0.239097
v -0.971365 0.188636 0.169171
v -0.937467 0.121185 0.091091
v -0.891825 0.104098 0.015938
v -0.837724 0.104802 -0.055446
v -0.777877 0.123263 -0.119481
v -0.715285 0.158556 -0.172958
v -0.653087 0.208909 -0.213195
v -0.594402 0.271799 -0.238173
v -0.542171 0.344072 -0.246641
v -0.499015 0.422104 -0.238173
v -0.467098 0.501982 -0.213195
v -0.448019 0.579700 -0.172958
v -0.442736 0.651361 -0.119481
v -0.451513 0.713373 -0.055446
v -0.473911 0.762625 0.015938
v -0.508806 0.796648 0.091091
v -0.554448 0.813735 0.166243
v -0.608549 0.813031 0.237627
v -0.668396 0.794570 0.301662
v -0.730988 0.759277 0.355139
v -0.793186 0.708924 0.395376
v -0.851872 0.646034 0.420354
v -0.904102 0.573761 0.428822
v -0.947258 0.495729 0.420354
v -0.979176 0.415851 0.395376
v -0.998254 0.338133 0.355139
v -1.003537 0.266472 0.301662
v -0.994760 0.204460 0.237627
v -0.972362 0.155208 0.166243
v -0.938410 0.090259 0.086537
v -0.894305 0.075827 0.009924
v -0.842202 0.079383 -0.062848
v -0.784713 0.100749 -0.128129
v -0.724721 0.138854 -0.182645
v -0.665234 0.191786 -0.223664
v -0.609235 0.256892 -0.249128
v -0.559532 0.330906 -0.257760
v -0.518617 0.410118 -0.249128
v -0.488542 0.490555 -0.223664
v -0.470815 0.568185 -0.182645
v -0.466325 0.639113 -0.128129
v -0.475298 0.699784 -0.062848
v -0.497282 0.747156 0.009924
v -0.531176 0.778852 0.086537
v -0.575281 0.793284 0.163150
v -0.627384 0.789728 0.235922
v -0.684873 0.768362 0.301203
v -0.744865 0.730257 0.355719
v -0.804352 0.677325 0.396738
v -0.860351 0.612219 0.422202
v -0.910054 0.538205 0.430834
v -0.950969 0.458993 0.422202
v -0.981044 0.378555 0.396738
v -0.998771 0.300926 0.355719
v -1.003260 0.229998 0.301203
v -0.994288 0.169326 0.235922
v -0.972304 0.121955 0.163150
v -0.938463 0.059463 0.081898
v -0.896055 0.047594 0.003899
v -0.846111 0.053896 -0.070188
v -0.791136 0.078055 -0.136649
v -0.733884 0.118857 -0.192152
v -0.677229 0.174259 -0.233912
v -0.624010 0.241480 -0.259836
v -0.576896 0.317151 -0.268625
v -0.538250 0.397477 -0.259836
v -0.510009 0.478431 -0.233912
v -0.493590 0.555952 -0.192152
v -0.489815 0.626154 -0.136649
v -0.498875 0.685516 -0.070188
v -0.520315 0.731062 0.003899
v -0.553060 0.760508 0.081898
v -0.595467 0.772378 0.159897
v -0.645411 0.766075 0.233984
v -0.700387 0.741917 0.300445
v -0.757638 0.701114 0.355948
v -0.814294 0.645713 0.397708
v -0.867513 0.578492 0.423632
v -0.914627 0.502820 0.432421
v -0.953273 0.422494 0.423632
v -0.981514 0.341541 0.397708
v -0.997933 0.264020 0.355948
v -1.001707 0.193818 0.300445
v -0.992647 0.134455 0.233984
v -0.971208 0.088909 0.159897
v -0.937641 0.028821 0.077178
v -0.897083 0.019412 -0.002129
v -0.849453 0.028346 -0.077459
v -0.797140 0.055175 -0.145035
v -0.742765 0.098554 -0.201468
v -0.689057 0.156308 -0.243929
v -0.638707 0.225541 -0.270288
v -0.594241 0.302781 -0.279224
v -0.557889 0.384155 -0.270288
v -0.531473 0.465583 -0.243929
v -0.516318 0.542981 -0.201468
v -0.513184 0.612468 -0.145035
v -0.522228 0.670561 -0.077459
v -0.542997 0.714346 -0.002129
v -0.574449 0.741627 0.077178
v -0.615006 0.751036 0.156485
v -0.662636 0.742102 0.231816
v -0.714950 0.715273 0.299392
v -0.769324 0.671894 0.355825
v -0.823033 0.614140 0.398286
v -0.873382 0.544907 0.424645
v -0.917848 0.467667 0.433581
v -0.954200 0.386293 0.424645
v -0.980616 0.304865 0.398286
v -0.995771 0.227467 0.355825
v -0.998905 0.157980 0.299392
v -0.989861 0.099887 0.231816
v -0.969093 0.056102 0.156485
v -0.935958 -0.001645 0.072382
v -0.897397 -0.008707 -0.008155
v -0.852229 0.002734 -0.084653
v -0.802720 0.032104 -0.153278
v -0.751351 0.077931 -0.210586
v -0.700700 0.137916 -0.253706
v -0.653305 0.209051 -0.280474
v -0.611543 0.287770 -0.289548
v -0.577509 0.370126 -0.280474
v -0.552909 0.451988 -0.253706
v -0.538976 0.529251 -0.210586
v -0.536410 0.598042 -0.153278
v -0.545338 0.654911 -0.084653
v -0.565313 0.697006 -0.008155
v -0.595334 0.722216 0.072382
v -0.633895 0.729278 0.152920
v -0.679063 0.717837 0.229418
v -0.728572 0.688467 0.298043
v -0.779941 0.642641 0.355351
v -0.830592 0.582656 0.398471
v -0.877987 0.511520 0.425239
v -0.919749 0.432801 0.434313
v -0.953783 0.350446 0.425239
v -0.978383 0.268584 0.398471
v -0.992316 0.191320 0.355351
v -0.994883 0.122529 0.298043
v -0.985954 0.065660 0.229418
v -0.965979 0.023565 0.152920
v -0.933427 -0.031916 0.067515
v -0.897002 -0.036751 -0.014173
v -0.854438 -0.022936 -0.091764
v -0.807868 0.008837 -0.161369
v -0.759629 0.056975 -0.219497
v -0.712139 0.119063 -0.263232
v -0.667779 0.191989 -0.290383
v -0.628774 0.272095 -0.299587
v -0.597080 0.355365 -0.290383
v -0.574286 0.437622 -0.263232
v -0.561535 0.514744 -0.219497
v -0.559466 0.582861 -0.161369
v -0.568183 0.638559 -0.091764
v -0.587250 0.679044 -0.014173
v -0.615709 0.702287 0.067515
v -0.652134 0.707122 0.149203
v -0.694698 0.693307 0.226795
v -0.741268 0.661534 0.296399
v -0.789507 0.613396 0.354527
v -0.836997 0.551308 0.398262
v -0.881357 0.478382 0.425413
v -0.920362 0.398276 0.434617
v -0.952056 0.315006 0.425413
v -0.974850 0.232749 0.398262
v -0.987601 0.155627 0.354527
v -0.989670 0.087510 0.296399
v -0.980953 0.031812 0.226795
v -0.961887 -0.008673 0.149203
v -0.930064 -0.061973 0.062581
v -0.895907 -0.064710 -0.020177
v -0.856079 -0.048661 -0.098785
v -0.812577 -0.014630 -0.169301
v -0.767583 0.035675 -0.228190
v -0.723352 0.099734 -0.272499
v -0.682104 0.174333 -0.300005
v -0.645905 0.255732 -0.309329
v -0.616571 0.339849 -0.300005
v -0.595574 0.422466 -0.272499
v -0.583965 0.499440 -0.228190
v -0.582328 0.566912 -0.169301
v -0.590744 0.621499 -0.098785
v -0.608791 0.660462 -0.020177
v -0.635564 0.681849 0.062581
v -0.669721 0.684586 0.145339
v -0.709549 0.668537 0.223947
v -0.753051 0.634507 0.294464
v -0.798045 0.584201 0.353353
v -0.842276 0.520142 0.397661
v -0.883525 0.445543 0.425167
v -0.919724 0.364144 0.434492
v -0.949057 0.280027 0.425167
v -0.970055 0.197410 0.397661
v -0.981663 0.120436 0.353353
v -0.983300 0.052964 0.294464
v -0.974884 -0.001623 0.223947
v -0.956837 -0.040586 0.145339
v -0.925882 -0.091795 0.057585
v -0.894117 -0.092573 -0.026161
v -0.857150 -0.074439 -0.105708
v -0.816836 -0.038304 -0.177066
v -0.775195 0.014021 -0.236659
v -0.734316 0.079912 -0.281496
v -0.696249 0.156064 -0.309331
v -0.662902 0.238660 -0.318767
v -0.635948 0.323557 -0.309331
v -0.616738 0.406498 -0.281496
v -0.606236 0.483325 -0.236659
v -0.604967 0.550184 -0.177066
v -0.612997 0.603724 -0.105708
v -0.629921 0.641260 -0.026161
v -0.654892 0.660909 0.057585
v -0.686657 0.661686 0.141332
v -0.723624 0.643553 0.220879
v -0.763938 0.607417 0.292237
v -0.805579 0.555093 0.351830
v -0.846458 0.489202 0.396667
v -0.884525 0.413050 0.424502
v -0.917872 0.330454 0.433938
v -0.944826 0.245557 0.424502
v -0.964036 0.162616 0.396667
v -0.974539 0.085789 0.351830
v -0.975807 0.018929 0.292237
v -0.967778 -0.034611 0.220879
v -0.950853 -0.072146 0.141332
v -0.920897 -0.121367 0.052533
v -0.891639 -0.120329 -0.032119
v -0.857650 -0.100267 -0.112526
v -0.820634 -0.062186 -0.184657
v -0.782448 -0.007998 -0.244893
v -0.745006 0.059582 -0.290216
v -0.710186 0.137164 -0.318352
v -0.679733 0.220859 -0.327890
v -0.655175 0.306468 -0.318352
v -0.637744 0.389700 -0.290216
v -0.628313 0.466382 -0.244893
v -0.627355 0.532666 -0.184657
v -0.634918 0.585231 -0.112526
v -0.650623 0.621440 -0.032119
v -0.673683 0.639478 0.052533
v -0.702941 0.638439 0.137185
v -0.736930 0.618377 0.217592
v -0.773946 0.580297 0.289723
v -0.812132 0.526108 0.349959
v -0.849574 0.458528 0.395282
v -0.884395 0.380946 0.423418
v -0.914847 0.297252 0.432955
v -0.939405 0.211642 0.423418
v -0.956836 0.128410 0.395282
v -0.966267 0.051729 0.349959
v -0.967225 -0.014556 0.289723
v -0.959662 -0.067121 0.217592
v -0.943957 -0.103330 0.137185
v -0.915122 -0.150672 0.047428
v -0.888478 -0.147969 -0.038046
v -0.857573 -0.126141 -0.119234
v -0.823959 -0.086281 -0.192065
v -0.789320 -0.030389 -0.252887
v -0.755393 0.038732 -0.298649
v -0.723880 0.117618 -0.327058
v -0.696360 0.202311 -0.336689
v -0.674215 0.288566 -0.327058
v -0.658553 0.372057 -0.298649
v -0.650161 0.448597 -0.252887
v -0.649460 0.514349 -0.192065
v -0.656484 0.566015 -0.119234
v -0.670881 0.601005 -0.038046
v -0.691929 0.617563 0.047428
v -0.718574 0.614861 0.132903
v -0.749478 0.593032 0.214091
v -0.783093 0.553173 0.286922
v -0.817732 0.497281 0.347744
v -0.851659 0.428159 0.393506
v -0.883172 0.349274 0.421915
v -0.910691 0.264580 0.431546
v -0.932837 0.178325 0.421915
v -0.948498 0.094835 0.393506
v -0.956890 0.018294 0.347744
v -0.957592 -0.047457 0.286922
v -0.950568 -0.099123 0.214091
v -0.936171 -0.134113 0.132903
v -0.908573 -0.179692 0.042277
v -0.884639 -0.175484 -0.043935
v -0.856917 -0.152058 -0.125824
v -0.826797 -0.110591 -0.199283
v -0.795789 -0.053161 -0.260630
v -0.765449 0.017351 -0.306788
v -0.737298 0.097410 -0.335442
v -0.712746 0.183002 -0.345156
v -0.693027 0.269834 -0.335442
v -0.679127 0.353553 -0.306788
v -0.671745 0.429960 -0.260630
v -0.671250 0.495224 -0.199283
v -0.677667 0.546072 -0.125824
v -0.690675 0.579955 -0.043935
v -0.709621 0.595174 0.042277
v -0.733555 0.590965 0.128489
v -0.761277 0.567540 0.210378
v -0.791397 0.526073 0.283838
v -0.822405 0.468643 0.345185
v -0.852745 0.398131 0.391343
v -0.880897 0.318071 0.419997
v -0.905448 0.232479 0.429711
v -0.925168 0.145647 0.419997
v -0.939067 0.061929 0.391343
v -0.946449 -0.014478 0.345185
v -0.946944 -0.079742 0.283838
v -0.940527 -0.130591 0.210378
v -0.927519 -0.164474 0.128489
v -0.901264 -0.208415 0.037084
v -0.880127 -0.202863 -0.049780
v -0.855675 -0.178015 -0.132289
v -0.829133 -0.135117 -0.206305
v -0.801833 -0.076319 -0.268117
v -0.775143 -0.004571 -0.314624
v -0.750402 0.076530 -0.343495
v -0.728851 0.162917 -0.353282
v -0.711569 0.250259 -0.343495
v -0.699424 0.334176 -0.314624
v -0.693025 0.410460 -0.268117
v -0.692692 0.475285 -0.206305
v -0.698443 0.525401 -0.132289
v -0.709988 0.558296 -0.049780
v -0.726749 0.572319 0.037084
v -0.747886 0.566767 0.123949
v -0.772338 0.541919 0.206458
v -0.798880 0.499021 0.280474
v -0.826180 0.440224 0.342285
v -0.852870 0.368475 0.388793
v -0.877611 0.287374 0.417664
v -0.899162 0.200987 0.427451
v -0.916444 0.113645 0.417664
v -0.928589 0.029728 0.388793
v -0.934988 -0.046556 0.342285
v -0.935321 -0.111381 0.280474
v -0.929570 -0.161497 0.206458
v -0.918025 -0.194392 0.123949
v -0.893209 -0.236824 0.031855
v -0.874946 -0.230098 -0.055577
v -0.853841 -0.204007 -0.138625
v -0.830952 -0.159859 -0.213124
v -0.807426 -0.099868 -0.275338
v -0.784443 -0.027042 -0.322149
v -0.763156 0.054966 -0.351209
v -0.744631 0.142046 -0.361060
v -0.729799 0.229830 -0.351209
v -0.719402 0.313916 -0.322149
v -0.713962 0.390089 -0.275338
v -0.713752 0.454527 -0.213124
v -0.718782 0.504001 -0.138625
v -0.728800 0.536029 -0.055577
v -0.743304 0.549006 0.031855
v -0.761566 0.542280 0.119287
v -0.782671 0.516189 0.202334
v -0.805560 0.472041 0.276833
v -0.829086 0.412050 0.339048
v -0.852069 0.339224 0.385859
v -0.873357 0.257215 0.414919
v -0.891881 0.170135 0.424770
v -0.906714 0.082352 0.414919
v -0.917111 -0.001735 0.385859
v -0.922551 -0.077907 0.339048
v -0.922761 -0.142346 0.276833
v -0.917731 -0.191820 0.202334
v -0.907713 -0.223848 0.119287
v -0.884422 -0.264907 0.026594
v -0.869101 -0.257180 -0.061319
v -0.851410 -0.230030 -0.144823
v -0.832237 -0.184817 -0.219732
v -0.812543 -0.123811 -0.282288
v -0.793315 -0.050068 -0.329357
v -0.775519 0.032712 -0.358576
v -0.760045 0.120379 -0.368481
v -0.747671 0.208537 -0.358576
v -0.739016 0.292765 -0.329357
v -0.734515 0.368840 -0.282288
v -0.734393 0.432947 -0.219732
v -0.738656 0.481871 -0.144823
v -0.747091 0.513160 -0.061319
v -0.759275 0.525243 0.026594
v -0.774596 0.517516 0.114506
v -0.792287 0.490366 0.198011
v -0.811460 0.445154 0.272919
v -0.831154 0.384147 0.335476
v -0.850382 0.310404 0.382544
v -0.868178 0.227624 0.411764
v -0.883652 0.139957 0.421669
v -0.896026 0.051799 0.411764
v -0.904681 -0.032429 0.382544
v -0.909182 -0.108504 0.335476
v -0.909304 -0.172611 0.272919
v -0.905041 -0.221535 0.198011
v -0.896606 -0.252824 0.114506
v -0.874918 -0.292651 0.021307
v -0.862594 -0.284100 -0.067000
v -0.848373 -0.256077 -0.150878
v -0.832970 -0.209990 -0.226123
v -0.817156 -0.148147 -0.288960
v -0.801725 -0.073652 -0.336239
v -0.787450 0.009762 -0.365589
v -0.775047 0.097911 -0.375539
v -0.765138 0.186375 -0.365589
v -0.758221 0.270718 -0.336239
v -0.754641 0.346711 -0.288960
v -0.754578 0.410544 -0.226123
v -0.758036 0.459014 -0.150878
v -0.764841 0.489693 -0.067000
v -0.774652 0.501040 0.021307
v -0.786977 0.492489 0.109613
v -0.801197 0.464467 0.193492
v -0.816600 0.418379 0.268736
v -0.832414 0.356536 0.331573
v -0.847845 0.282041 0.378852
v -0.862120 0.198627 0.408203
v -0.874523 0.110478 0.418153
v -0.884432 0.022014 0.408203
v -0.891350 -0.062329 0.378852
v -0.894929 -0.138322 0.331573
v -0.894992 -0.202154 0.268736
v -0.891534 -0.250625 0.193492
v -0.884729 -0.281303 0.109613
v -0.864711 -0.320044 0.015998
v -0.855428 -0.310848 -0.072615
v -0.844723 -0.282144 -0.156785
v -0.833132 -0.235373 -0.232291
v -0.821238 -0.172878 -0.295346
v -0.809635 -0.097794 -0.342790
v -0.798907 -0.013886 -0.372242
v -0.789591 0.074638 -0.382226
v -0.782154 0.163341 -0.372242
v -0.776970 0.247772 -0.342790
v -0.774297 0.323700 -0.295346
v -0.774271 0.387317 -0.232291
v -0.776892 0.435432 -0.156785
v -0.782029 0.465633 -0.072615
v -0.789424 0.476406 0.015998
v -0.798707 0.467210 0.104612
v -0.809412 0.438506 0.188782
v -0.821003 0.391734 0.264288
v -0.832897 0.329240 0.327343
v -0.844500 0.254156 0.374787
v -0.855228 0.170248 0.404239
v -0.864544 0.081723 0.414223
v -0.871981 -0.006979 0.404239
v -0.877165 -0.091411 0.374787
v -0.879838 -0.167339 0.327343
v -0.879864 -0.230955 0.264288
v -0.877243 -0.279070 0.188782
v -0.872106 -0.309271 0.104612
v -0.853813 -0.347073 0.010674
v -0.847606 -0.337415 -0.078158
v -0.840450 -0.308223 -0.162537
v -0.832705 -0.260962 -0.238229
v -0.824759 -0.198000 -0.301441
v -0.817010 -0.122495 -0.349002
v -0.809848 -0.038233 -0.378527
v -0.803630 0.050560 -0.388536
v -0.798670 0.139432 -0.378527
v -0.795215 0.223927 -0.349002
v -0.793439 0.299808 -0.301441
v -0.793432 0.363269 -0.238229
v -0.795192 0.411129 -0.162537
v -0.798633 0.440988 -0.078158
v -0.803581 0.451348 0.010674
v -0.809788 0.441690 0.099507
v -0.816944 0.412498 0.183885
v -0.824689 0.365236 0.259578
v -0.832635 0.302274 0.322790
v -0.840384 0.226769 0.370351
v -0.847546 0.142507 0.399876
v -0.853764 0.053714 0.409885
v -0.858724 -0.035158 0.399876
v -0.862179 -0.119653 0.370351
v -0.863955 -0.195534 0.322790
v -0.863962 -0.258995 0.259578
v -0.862202 -0.306855 0.183885
v -0.858761 -0.336714 0.099507
v -0.842239 -0.373729 0.005340
v -0.839129 -0.363793 -0.083625
v -0.835546 -0.334307 -0.168128
v -0.831668 -0.286751 -0.243933
v -0.827690 -0.223508 -0.307238
v -0.823811 -0.147750 -0.354870
v -0.820227 -0.063276 -0.384439
v -0.817116 0.025679 -0.394463
v -0.814635 0.114653 -0.384439
v -0.812908 0.199186 -0.354870
v -0.812022 0.275038 -0.307238
v -0.812021 0.338406 -0.243933
v -0.812905 0.386112 -0.168128
v -0.814631 0.415764 -0.083625
v -0.817110 0.425876 0.005340
v -0.820219 0.415940 0.094304
v -0.823803 0.386455 0.178808
v -0.827681 0.338898 0.254613
v -0.831659 0.275655 0.317918
v -0.835537 0.199897 0.365550
v -0.839122 0.115423 0.395119
v -0.842232 0.026468 0.405142
v -0.844713 -0.062506 0.395119
v -0.846440 -0.147039 0.365550
v -0.847326 -0.222891 0.317918
v -0.847327 -0.286259 0.254613
v -0.846443 -0.333965 0.178808
v -0.844718 -0.363617 0.094304
v -0.830000 -0.400000 -0.000000
v -0.830000 -0.389971 -0.089008
v -0.830000 -0.360388 -0.173553
v -0.830000 -0.312733 -0.249396
v -0.830000 -0.249396 -0.312733
v -0.830000 -0.173553 -0.360388
v -0.830000 -0.089008 -0.389971
v -0.830000 -0.000000 -0.400000
v -0.830000 0.089008 -0.389971
v -0.830000 0.173553 -0.360388
v -0.830000 0.249396 -0.312733
v -0.830000 0.312733 -0.249396
v -0.830000 0.360388 -0.173553
v -0.830000 0.389971 -0.089008
v -0.830000 0.400000 -0.000000
v -0.830000 0.389971 0.089008
v -0.830000 0.360388 0.173553
v -0.830000 0.312733 0.249396
v -0.830000 0.249396 0.312733
v -0.830000 0.173553 0.360388
v -0.830000 0.089008 0.389971
v -0.830000 -0.000000 0.400000
v -0.830000 -0.089008 0.389971
v -0.830000 -0.173553 0.360388
v -0.830000 -0.249396 0.312733
v -0.830000 -0.312733 0.249396
v -0.830000 -0.360388 0.173553
v -0.830000 -0.389971 0.089008
v -0.817110 -0.425876 -0.005340
v -0.820219 -0.415940 -0.094304
v -0.823803 -0.386455 -0.178808
v -0.827681 -0.338898 -0.254613
v -0.831659 -0.275655 -0.317918
v -0.835537 -0.199897 -0.365550
v -0.839122 -0.115423 -0.395119
v -0.842232 -0.026468 -0.405142
v -0.844713 0.062506 -0.395119
v -0.846440 0.147039 -0.365550
v -0.847326 0.222891 -0.317918
v -0.847327 0.286259 -0.254613
v -0.846443 0.333965 -0.178808
v -0.844718 0.363617 -0.094304
v -0.842239 0.373729 -0.005340
v -0.839129 0.363793 0.083625
v -0.835546 0.334307 0.168128
v -0.831668 0.286751 0.243933
v -0.827690 0.223508 0.307238
v -0.823811 0.147750 0.354870
v -0.820227 0.063276 0.384439
v -0.817116 -0.025679 0.394463
v -0.814635 -0.114653 0.384439
v -0.812908 -0.199186 0.354870
v -0.812022 -0.275038 0.307238
v -0.812021 -0.338406 0.243933
v -0.812905 -0.386112 0.168128
v -0.814631 -0.415764 0.083625
v -0.803581 -0.451348 -0.010674
v -0.809788 -0.441690 -0.099507
v -0.816944 -0.412498 -0.183885
v -0.824689 -0.365236 -0.259578
v -0.832635 -0.302274 -0.322790
v -0.840384 -0.226769 -0.370351
v -0.847546 -0.142507 -0.399876
v -0.853764 -0.053714 -0.409885
v -0.858724 0.035158 -0.399876
v -0.862179 0.119653 -0.370351
v -0.863955 0.195534 -0.322790
v -0.863962 0.258995 -0.259578
v -0.862202 0.306855 -0.183885
v -0.858761 0.336714 -0.099507
v -0.853813 0.347073 -0.010674
v -0.847606 0.337415 0.078158
v -0.840450 0.308223 0.162537
v -0.832705 0.260962 0.238229
v -0.824759 0.198000 0.301441
v -0.817010 0.122495 0.349002
v -0.809848 0.038233 0.378527
v -0.803630 -0.050560 0.388536
v -0.798670 -0.139432 0.378527
v -0.795215 -0.223927 0.349002
v -0.793439 -0.299808 0.301441
v -0.793432 -0.363269 0.238229
v -0.795192 -0.411129 0.162537
v -0.798633 -0.440988 0.078158
v -0.789424 -0.476406 -0.015998
v -0.798707 -0.467210 -0.104612
v -0.809412 -0.438506 -0.188782
v -0.821003 -0.391734 -0.264288
v -0.832897 -0.329240 -0.327343
v -0.844500 -0.254156 -0.374787
v -0.855228 -0.170248 -0.404239
v -0.864544 -0.081723 -0.414223
v -0.871981 0.006979 -0.404239
v -0.877165 0.091411 -0.374787
v -0.879838 0.167339 -0.327343
v -0.879864 0.230955 -0.264288
v -0.877243 0.279070 -0.188782
v -0.872106 0.309271 -0.104612
v -0.864711 0.320044 -0.015998
v -0.855428 0.310848 0.072615
v -0.844723 0.282144 0.156785
v -0.833132 0.235373 0.232291
v -0.821238 0.172878 0.295346
v -0.809635 0.097794 0.342790
v -0.798907 0.013886 0.372242
v -0.789591 -0.074638 0.382226
v -0.782154 -0.163341 0.372242
v -0.776970 -0.247772 0.342790
v -0.774297 -0.323700 0.295346
v -0.774271 -0.387317 0.232291
v -0.776892 -0.435432 0.156785
v -0.782029 -0.465633 0.072615
v -0.774652 -0.501040 -0.021307
v -0.786977 -0.492489 -0.109613
v -0.801197 -0.464467 -0.193492
v -0.816600 -0.418379 -0.268736
v -0.832414 -0.356536 -0.331573
v -0.847845 -0.282041 -0.378852
v -0.862120 -0.198627 -0.408203
v -0.874523 -0.110478 -0.418153
v -0.884432 -0.022014 -0.408203
v -0.891350 0.062329 -0.378852
v -0.894929 0.138322 -0.331573
v -0.894992 0.202154 -0.268736
v -0.891534 0.250625 -0.193492
v -0.884729 0.281303 -0.109613
v -0.874918 0.292651 -0.021307
v -0.862594 0.284100 0.067000
v -0.848373 0.256077 0.150878
v -0.832970 0.209990 0.226123
v -0.817156 0.148147 0.288960
v -0.801725 0.073652 0.336239
v -0.787450 -0.009762 0.365589
v -0.775047 -0.097911 0.375539
v -0.765138 -0.186375 0.365589
v -0.758221 -0.270718 0.336239
v -0.754641 -0.346711 0.288960
v -0.754578 -0.410544 0.226123
v -0.758036 -0.459014 0.150878
v -0.764841 -0.489693 0.067000
v -0.759275 -0.525243 -0.026594
v -0.774596 -0.517516 -0.114506
v -0.792287 -0.490366 -0.198011
v -0.811460 -0.445154 -0.272919
v -0.831154 -0.384147 -0.335476
v -0.850382 -0.310404 -0.382544
v -0.868178 -0.227624 -0.411764
v -0.883652 -0.139957 -0.421669
v -0.896026 -0.051799 -0.411764
v -0.904681 0.032429 -0.382544
v -0.909182 0.108504 -0.335476
v -0.909304 0.172611 -0.272919
v -0.905041 0.221535 -0.198011
v -0.896606 0.252824 -0.114506
v -0.884422 0.264907 -0.026594
v -0.869101 0.257180 0.061319
v -0.851410 0.230030 0.144823
v -0.832237 0.184817 0.219732
v -0.812543 0.123811 0.282288
v -0.793315 0.050068 0.329357
v -0.775519 -0.032712 0.358576
v -0.760045 -0.120379 0.368481
v -0.747671 -0.208537 0.358576
v -0.739016 -0.292765 0.329357
v -0.734515 -0.368840 0.282288
v -0.734393 -0.432947 0.219732
v -0.738656 -0.481871 0.144823
v -0.747091 -0.513160 0.061319
v -0.743304 -0.549006 -0.031855
v -0.761566 -0.542280 -0.119287
v -0.782671 -0.516189 -0.202334
v -0.805560 -0.472041 -0.276833
v -0.829086 -0.412050 -0.339048
v -0.852069 -0.339224 -0.385859
v -0.873357 -0.257215 -0.414919
v -0.891881 -0.170135 -0.424770
v -0.906714 -0.082352 -0.414919
v -0.917111 0.001735 -0.385859
v -0.922551 0.077907 -0.339048
v -0.922761 0.142346 -0.276833
v -0.917731 0.191820 -0.202334
v -0.907713 0.223848 -0.119287
v -0.893209 0.236824 -0.031855
v -0.874946 0.230098 0.055577
v -0.853841 0.204007 0.138625
v -0.830952 0.159859 0.213124
v -0.807426 0.099868 0.275338
v -0.784443 0.027042 0.322149
v -0.763156 -0.054966 0.351209
v -0.744631 -0.142046 0.361060
v -0.729799 -0.229830 0.351209
v -0.719402 -0.313916 0.322149
v -0.713962 -0.390089 0.275338
v -0.713752 -0.454527 0.213124
v -0.718782 -0.504001 0.138625
v -0.728800 -0.536029 0.055577
v -0.726749 -0.572319 -0.037084
v -0.747886 -0.566767 -0.123949
v -0.772338 -0.541919 -0.206458
v -0.798880 -0.499021 -0.280474
v -0.826180 -0.440224 -0.342285
v -0.852870 -0.368475 -0.388793
v -0.877611 -0.287374 -0.417664
v -0.899162 -0.200987 -0.427451
v -0.916444 -0.113645 -0.417664
v -0.928589 -0.029728 -0.388793
v -0.934988 0.046556 -0.342285
v -0.935321 0.111381 -0.280474
v -0.929570 0.161497 -0.206458
v -0.918025 0.194392 -0.123949
v -0.901264 0.208415 -0.037084
v -0.880127 0.202863 0.049780
v -0.855675 0.178015 0.132289
v -0.829133 0.135117 0.206305
v -0.801833 0.076319 0.268117
v -0.775143 0.004571 0.314624
v -0.750402 -0.076530 0.343495
v -0.728851 -0.162917 0.353282
v -0.711569 -0.250259 0.343495
v -0.699424 -0.334176 0.314624
v -0.693025 -0.410460 0.268117
v -0.692692 -0.475285 0.206305
v -0.698443 -0.525401 0.132289
v -0.709988 -0.558296 0.049780
v -0.709621 -0.595174 -0.042277
v -0.733555 -0.590965 -0.128489
v -0.761277 -0.567540 -0.210378
v -0.791397 -0.526073 -0.283838
v -0.822405 -0.468643 -0.345185
v -0.852745 -0.398131 -0.391343
v -0.880897 -0.318071 -0.419997
v -0.905448 -0.232479 -0.429711
v -0.925168 -0.145647 -0.419997
v -0.939067 -0.061929 -0.391343
v -0.946449 0.014478 -0.345185
v -0.946944 0.079742 -0.283838
v -0.940527 0.130591 -0.210378
v -0.927519 0.164474 -0.128489
v -0.908573 0.179692 -0.042277
v -0.884639 0.175484 0.043935
v -0.856917 0.152058 0.125824
v -0.826797 0.110591 0.199283
v -0.795789 0.053161 0.260630
v -0.765449 -0.017351 0.306788
v -0.737298 -0.097410 0.335442
v -0.712746 -0.183002 0.345156
v -0.693027 -0.269834 0.335442
v -0.679127 -0.353553 0.306788
v -0.671745 -0.429960 0.260630
v -0.671250 -0.495224 0.199283
v -0.677667 -0.546072 0.125824
v -0.690675 -0.579955 0.043935
v -0.691929 -0.617563 -0.047428
v -0.718574 -0.614861 -0.132903
v -0.749478 -0.593032 -0.214091
v -0.783093 -0.553173 -0.286922
v -0.817732 -0.497281 -0.347744
v -0.851659 -0.428159 -0.393506
v -0.883172 -0.349274 -0.421915
v -0.910691 -0.264580 -0.431546
v -0.932837 -0.178325 -0.421915
v -0.948498 -0.094835 -0.393506
v -0.956890 -0.018294 -0.347744
v -0.957592 0.047457 -0.286922
v -0.950568 0.099123 -0.214091
v -0.936171 0.134113 -0.132903
v -0.915122 0.150672 -0.047428
v -0.888478 0.147969 0.038046
v -0.857573 0.126141 0.119234
v -0.823959 0.086281 0.192065
v -0.789320 0.030389 0.252887
v -0.755393 -0.038732 0.298649
v -0.723880 -0.117618 0.327058
v -0.696360 -0.202311 0.336689
v -0.674215 -0.288566 0.327058
v -0.658553 -0.372057 0.298649
v -0.650161 -0.448597 0.252887
v -0.649460 -0.514349 0.192065
v -0.656484 -0.566015 0.119234
v -0.670881 -0.601005 0.038046
v -0.673683 -0.639478 -0.052533
v -0.702941 -0.638439 -0.137185
v -0.736930 -0.618377 -0.217592
v -0.773946 -0.580297 -0.289723
v -0.812132 -0.526108 -0.349959
v -0.849574 -0.458528 -0.395282
v -0.884395 -0.380946 -0.423418
v -0.914847 -0.297252 -0.432955
v -0.939405 -0.211642 -0.423418
v -0.956836 -0.128410 -0.395282
v -0.966267 -0.051729 -0.349959
v -0.967225 0.014556 -0.289723
v -0.959662 0.067121 -0.217592
v -0.943957 0.103330 -0.137185
v -0.920897 0.121367 -0.052533
v -0.891639 0.120329 0.032119
v -0.857650 0.100267 0.112526
v -0.820634 0.062186 0.184657
v -0.782448 0.007998 0.244893
v -0.745006 -0.059582 0.290216
v -0.710186 -0.137164 0.318352
v -0.679733 -0.220859 0.327890
v -0.655175 -0.306468 0.318352
v -0.637744 -0.389700 0.290216
v -0.628313 -0.466382 0.244893
v -0.627355 -0.532666 0.184657
v -0.634918 -0.585231 0.112526
v -0.650623 -0.621440 0.032119
v -0.654892 -0.660909 -0.057585
v -0.686657 -0.661686 -0.141332
v -0.723624 -0.643553 -0.220879
v -0.763938 -0.607417 -0.292237
v -0.805579 -0.555093 -0.351830
v -0.846458 -0.489202 -0.396667
v -0.884525 -0.413050 -0.424502
v -0.917872 -0.330454 -0.433938
v -0.944826 -0.245557 -0.424502
v -0.964036 -0.162616 -0.396667
v -0.974539 -0.085789 -0.351830
v -0.975807 -0.018929 -0.292237
v -0.967778 0.034611 -0.220879
v -0.950853 0.072146 -0.141332
v -0.925882 0.091795 -0.057585
v -0.894117 0.092573 0.026161
v -0.857150 0.074439 0.105708
v -0.816836 0.038304 0.177066
v -0.775195 -0.014021 0.236659
v -0.734316 -0.079912 0.281496
v -0.696249 -0.156064 0.309331
v -0.662902 -0.238660 0.318767
v -0.635948 -0.323557 0.309331
v -0.616738 -0.406498 0.281496
v -0.606236 -0.483325 0.236659
v -0.604967 -0.550184 0.177066
v -0.612997 -0.603724 0.105708
v -0.629921 -0.641260 0.026161
v -0.635564 -0.681849 -0.062581
v -0.669721 -0.684586 -0.145339
v -0.709549 -0.668537 -0.223947
v -0.753051 -0.634507 -0.294464
v -0.798045 -0.584201 -0.353353
v -0.842276 -0.520142 -0.397661
v -0.883525 -0.445543 -0.425167
v -0.919724 -0.364144 -0.434492
v -0.949057 -0.280027 -0.425167
v -0.970055 -0.197410 -0.397661
v -0.981663 -0.120436 -0.353353
v -0.983300 -0.052964 -0.294464
v -0.974884 0.001623 -0.223947
v -0.956837 0.040586 -0.145339
v -0.930064 0.061973 -0.062581
v -0.895907 0.064710 0.020177
v -0.856079 0.048661 0.098785
v -0.812577 0.014630 0.169301
v -0.767583 -0.035675 0.228190
v -0.723352 -0.099734 0.272499
v -0.682104 -0.174333 0.300005
v -0.645905 -0.255732 0.309329
v -0.616571 -0.339849 0.300005
v -0.595574 -0.422466 0.272499
v -0.583965 -0.499440 0.228190
v -0.582328 -0.566912 0.169301
v -0.590744 -0.621499 0.098785
v -0.608791 -0.660462 0.020177
v -0.615709 -0.702287 -0.067515
v -0.652134 -0.707122 -0.149203
v -0.694698 -0.693307 -0.226795
v -0.741268 -0.661534 -0.296399
v -0.789507 -0.613396 -0.354527
v -0.836997 -0.551308 -0.398262
v -0.881357 -0.478382 -0.425413
v -0.920362 -0.398276 -0.434617
v -0.952056 -0.315006 -0.425413
v -0.974850 -0.232749 -0.398262
v -0.987601 -0.155627 -0.354527
v -0.989670 -0.087510 -0.296399
v -0.980953 -0.031812 -0.226795
v -0.961887 0.008673 -0.149203
v -0.933427 0.031916 -0.067515
v -0.897002 0.036751 0.014173
v -0.854438 0.022936 0.091764
v -0.807868 -0.008837 0.161369
v -0.759629 -0.056975 0.219497
v -0.712139 -0.119063 0.263232
v -0.667779 -0.191989 0.290383
v -0.628774 -0.272095 0.299587
v -0.597080 -0.355365 0.290383
v -0.574286 -0.437622 0.263232
v -0.561535 -0.514744 0.219497
v -0.559466 -0.582861 0.161369
v -0.568183 -0.638559 0.091764
v -0.587250 -0.679044 0.014173
v -0.595334 -0.722216 -0.072382
v -0.633895 -0.729278 -0.152920
v -0.679063 -0.717837 -0.229418
v -0.728572 -0.688467 -0.298043
v -0.779941 -0.642641 -0.355351
v -0.830592 -0.582656 -0.398471
v -0.877987 -0.511520 -0.425239
v -0.919749 -0.432801 -0.434313
v -0.953783 -0.350446 -0.425239
v -0.978383 -0.268584 -0.398471
v -0.992316 -0.191320 -0.355351
v -0.994883 -0.122529 -0.298043
v -0.985954 -0.065660 -0.229418
v -0.965979 -0.023565 -0.152920
v -0.935958 0.001645 -0.072382
v -0.897397 0.008707 0.008155
v -0.852229 -0.002734 0.084653
v -0.802720 -0.032104 0.153278
v -0.751351 -0.077931 0.210586
v -0.700700 -0.137916 0.253706
v -0.653305 -0.209051 0.280474
v -0.611543 -0.287770 0.289548
v -0.577509 -0.370126 0.280474
v -0.552909 -0.451988 0.253706
v -0.538976 -0.529251 0.210586
v -0.536410 -0.598042 0.153278
v -0.545338 -0.654911 0.084653
v -0.565313 -0.697006 0.008155
v -0.574449 -0.741627 -0.077178
v -0.615006 -0.751036 -0.156485
v -0.662636 -0.742102 -0.231816
v -0.714950 -0.715273 -0.299392
v -0.769324 -0.671894 -0.355825
v -0.823033 -0.614140 -0.398286
v -0.873382 -0.544907 -0.424645
v -0.917848 -0.467667 -0.433581
v -0.954200 -0.386293 -0.424645
v -0.980616 -0.304865 -0.398286
v -0.995771 -0.227467 -0.355825
v -0.998905 -0.157980 -0.299392
v -0.989861 -0.099887 -0.231816
v -0.969093 -0.056102 -0.156485
v -0.937641 -0.028821 -0.077178
v -0.897083 -0.019412 0.002129
v -0.849453 -0.028346 0.077459
v -0.797140 -0.055175 0.145035
v -0.742765 -0.098554 0.201468
v -0.689057 -0.156308 0.243929
v -0.638707 -0.225541 0.270288
v -0.594241 -0.302781 0.279224
v -0.557889 -0.384155 0.270288
v -0.531473 -0.465583 0.243929
v -0.516318 -0.542981 0.201468
v -0.513184 -0.612468 0.145035
v -0.522228 -0.670561 0.077459
v -0.542997 -0.714346 0.002129
v -0.553060 -0.760508 -0.081898
v -0.595467 -0.772378 -0.159897
v -0.645411 -0.766075 -0.233984
v -0.700387 -0.741917 -0.300445
v -0.757638 -0.701114 -0.355948
v -0.814294 -0.645713 -0.397708
v -0.867513 -0.578492 -0.423632
v -0.914627 -0.502820 -0.432421
v -0.953273 -0.422494 -0.423632
v -0.981514 -0.341541 -0.397708
v -0.997933 -0.264020 -0.355948
v -1.001707 -0.193818 -0.300445
v -0.992647 -0.134455 -0.233984
v -0.971208 -0.088909 -0.159897
v -0.938463 -0.059463 -0.081898
v -0.896055 -0.047594 -0.003899
v -0.846111 -0.053896 0.070188
v -0.791136 -0.078055 0.136649
v -0.733884 -0.118857 0.192152
v -0.677229 -0.174259 0.233912
v -0.624010 -0.241480 0.259836
v -0.576896 -0.317151 0.268625
v -0.538250 -0.397477 0.259836
v -0.510009 -0.478431 0.233912
v -0.493590 -0.555952 0.192152
v -0.489815 -0.626154 0.136649
v -0.498875 -0.685516 0.070188
v -0.520315 -0.731062 -0.003899
v -0.531176 -0.778852 -0.086537
v -0.575281 -0.793284 -0.163150
v -0.627384 -0.789728 -0.235922
v -0.684873 -0.768362 -0.301203
v -0.744865 -0.730257 -0.355719
v -0.804352 -0.677325 -0.396738
v -0.860351 -0.612219 -0.422202
v -0.910054 -0.538205 -0.430834
v -0.950969 -0.458993 -0.422202
v -0.981044 -0.378555 -0.396738
v -0.998771 -0.300926 -0.355719
v -1.003260 -0.229998 -0.301203
v -0.994288 -0.169326 -0.235922
v -0.972304 -0.121955 -0.163150
v -0.938410 -0.090259 -0.086537
v -0.894305 -0.075827 -0.009924
v -0.842202 -0.079383 0.062848
v -0.784713 -0.100749 0.128129
v -0.724721 -0.138854 0.182645
v -0.665234 -0.191786 0.223664
v -0.609235 -0.256892 0.249128
v -0.559532 -0.330906 0.257760
v -0.518617 -0.410118 0.249128
v -0.488542 -0.490555 0.223664
v -0.470815 -0.568185 0.182645
v -0.466325 -0.639113 0.128129
v -0.475298 -0.699784 0.062848
v -0.497282 -0.747156 -0.009924
v -0.508806 -0.796648 -0.091091
v -0.554448 -0.813735 -0.166243
v -0.608549 -0.813031 -0.237627
v -0.668396 -0.794570 -0.301662
v -0.730988 -0.759277 -0.355139
v -0.793186 -0.708924 -0.395376
v -0.851872 -0.646034 -0.420354
v -0.904102 -0.573761 -0.428822
v -0.947258 -0.495729 -0.420354
v -0.979176 -0.415851 -0.395376
v -0.998254 -0.338133 -0.355139
v -1.003537 -0.266472 -0.301662
v -0.994760 -0.204460 -0.237627
v -0.972362 -0.155208 -0.166243
v -0.937467 -0.121185 -0.091091
v -0.891825 -0.104098 -0.015938
v -0.837724 -0.104802 0.055446
v -0.777877 -0.123263 0.119481
v -0.715285 -0.158556 0.172958
v -0.653087 -0.208909 0.213195
v -0.594402 -0.271799 0.238173
v -0.542171 -0.344072 0.246641
v -0.499015 -0.422104 0.238173
v -0.467098 -0.501982 0.213195
v -0.448019 -0.579700 0.172958
v -0.442736 -0.651361 0.119481
v -0.451513 -0.713373 0.055446
v -0.473911 -0.762625 -0.015938
v -0.485957 -0.813885 -0.095554
v -0.532973 -0.833711 -0.169171
v -0.588905 -0.835954 -0.239097
v -0.650949 -0.820501 -0.301825
v -0.715994 -0.788127 -0.354209
v -0.780778 -0.740455 -0.393624
v -0.842053 -0.679876 -0.418092
v -0.896745 -0.609427 -0.426386
v -0.942113 -0.532642 -0.418092
v -0.975881 -0.453370 -0.393624
v -0.996357 -0.375586 -0.354209
v -1.002513 -0.303191 -0.301825
v -0.994041 -0.239815 -0.239097
v -0.971365 -0.188636 -0.169171
v -0.935623 -0.152220 -0.095554
v -0.888607 -0.132394 -0.021937
v -0.832675 -0.130151 0.047989
v -0.770631 -0.145604 0.110716
v -0.705586 -0.177978 0.163101
v -0.640802 -0.225650 0.202515
v -0.579527 -0.286229 0.226983
v -0.524835 -0.356677 0.235278
v -0.479467 -0.433463 0.226983
v -0.445699 -0.512735 0.202515
v -0.425223 -0.590519 0.163101
v -0.419067 -0.662914 0.110716
v -0.427539 -0.726290 0.047989
v -0.450215 -0.777469 -0.021937
v -0.462636 -0.830552 -0.099923
v -0.510857 -0.853190 -0.171933
v -0.568450 -0.858466 -0.240331
v -0.632526 -0.846116 -0.301689
v -0.699872 -0.816757 -0.352929
v -0.767113 -0.771864 -0.391483
v -0.830875 -0.713686 -0.415417
v -0.887962 -0.645142 -0.423530
v -0.935511 -0.569668 -0.415417
v -0.971137 -0.491049 -0.391483
v -0.993055 -0.413226 -0.352929
v -1.000165 -0.340104 -0.301689
v -0.992111 -0.275347 -0.240331
v -0.969296 -0.222204 -0.171933
v -0.932865 -0.183339 -0.099923
v -0.884644 -0.160701 -0.027914
v -0.827051 -0.155425 0.040484
v -0.762975 -0.167775 0.101842
v -0.695629 -0.197133 0.153082
v -0.628388 -0.242027 0.191636
v -0.564626 -0.300204 0.215570
v -0.507539 -0.368749 0.223683
v -0.459990 -0.444223 0.215570
v -0.424364 -0.522842 0.191636
v -0.402446 -0.600665 0.153082
v -0.395336 -0.673787 0.101842
v -0.403390 -0.738544 0.040484
v -0.426205 -0.791687 -0.027914
v -0.438854 -0.846639 -0.104194
v -0.488106 -0.872152 -0.174525
v -0.547183 -0.880536 -0.241328
v -0.613121 -0.871372 -0.301256
v -0.682614 -0.845119 -0.351301
v -0.752177 -0.803093 -0.388956
v -0.818322 -0.747403 -0.412332
v -0.877733 -0.680840 -0.420256
v -0.927430 -0.606742 -0.412332
v -0.964921 -0.528825 -0.388956
v -0.988327 -0.450996 -0.351301
v -0.996473 -0.377157 -0.301256
v -0.988951 -0.311012 -0.241328
v -0.966138 -0.255876 -0.174525
v -0.929179 -0.214515 -0.104194
v -0.879926 -0.189003 -0.033864
v -0.820850 -0.180619 0.032940
v -0.754912 -0.189783 0.092867
v -0.685419 -0.216036 0.142913
v -0.615856 -0.258062 0.180568
v -0.549710 -0.313752 0.203943
v -0.490300 -0.380315 0.211868
v -0.440603 -0.454413 0.203943
v -0.403112 -0.532330 0.180568
v -0.379706 -0.610159 0.142913
v -0.371560 -0.683998 0.092867
v -0.379082 -0.750143 0.032940
v -0.401894 -0.805279 -0.033864
v -0.414616 -0.862135 -0.108362
v -0.464725 -0.890572 -0.176944
v -0.525106 -0.902129 -0.242087
v -0.592732 -0.896226 -0.300525
v -0.664212 -0.873159 -0.349327
v -0.735961 -0.834084 -0.386045
v -0.804382 -0.780961 -0.408840
v -0.866043 -0.716453 -0.416567
v -0.917854 -0.643796 -0.408840
v -0.957215 -0.566633 -0.386045
v -0.982153 -0.488833 -0.349327
v -0.991418 -0.414297 -0.300525
v -0.984545 -0.346763 -0.242087
v -0.961879 -0.289617 -0.176944
v -0.924555 -0.245724 -0.108362
v -0.874447 -0.217287 -0.039780
v -0.814066 -0.205730 0.025363
v -0.746440 -0.211633 0.083801
v -0.674960 -0.234701 0.132603
v -0.603211 -0.273775 0.169321
v -0.534790 -0.326899 0.192116
v -0.473128 -0.391406 0.199843
v -0.421318 -0.464063 0.192116
v -0.381957 -0.541226 0.169321
v -0.357018 -0.619026 0.132603
v -0.347753 -0.693562 0.083801
v -0.354626 -0.761097 0.025363
v -0.377293 -0.818243 -0.039780
v -0.389933 -0.877027 -0.112423
v -0.440718 -0.908430 -0.179189
v -0.502222 -0.923214 -0.242607
v -0.571359 -0.920635 -0.299498
v -0.644663 -0.900825 -0.347007
v -0.718458 -0.864776 -0.382754
v -0.789044 -0.814296 -0.404945
v -0.852881 -0.751915 -0.412467
v -0.906768 -0.680763 -0.404945
v -0.948004 -0.604407 -0.382754
v -0.974520 -0.526676 -0.347007
v -0.984986 -0.451467 -0.299498
v -0.978879 -0.382552 -0.242607
v -0.956504 -0.323387 -0.179189
v -0.918982 -0.276938 -0.112423
v -0.868197 -0.245534 -0.045657
v -0.806694 -0.230751 0.017761
v -0.737557 -0.233329 0.074652
v -0.664253 -0.253139 0.122161
v -0.590458 -0.289188 0.157908
v -0.519872 -0.339669 0.180099
v -0.456035 -0.402049 0.187621
v -0.402147 -0.473201 0.180099
v -0.360912 -0.549557 0.157908
v -0.334396 -0.627288 0.122161
v -0.323929 -0.702497 0.074652
v -0.330037 -0.771412 0.017761
v -0.352412 -0.830577 -0.045657
v -0.364813 -0.891302 -0.116373
v -0.416094 -0.925701 -0.181257
v -0.478535 -0.943754 -0.242888
v -0.549003 -0.944555 -0.298175
v -0.623966 -0.928065 -0.344345
v -0.699664 -0.895109 -0.379084
v -0.772302 -0.847341 -0.400650
v -0.838237 -0.787157 -0.407960
v -0.894163 -0.717573 -0.400650
v -0.937275 -0.642079 -0.379084
v -0.965412 -0.564461 -0.344345
v -0.977164 -0.488611 -0.298175
v -0.971939 -0.418332 -0.242888
v -0.950001 -0.357148 -0.181257
v -0.912450 -0.308127 -0.116373
v -0.861169 -0.273728 -0.051489
v -0.798728 -0.255676 0.010142
v -0.728260 -0.254874 0.065429
v -0.653297 -0.271365 0.111599
v -0.577599 -0.304320 0.146338
v -0.504961 -0.352088 0.167904
v -0.439026 -0.412273 0.175214
v -0.383100 -0.481857 0.167904
v -0.339988 -0.557351 0.146338
v -0.311850 -0.634969 0.111599
v -0.300099 -0.710819 0.065429
v -0.305324 -0.781098 0.010142
v -0.327261 -0.842282 -0.051489
v -0.339264 -0.904949 -0.120208
v -0.390860 -0.942362 -0.183147
v -0.454051 -0.963716 -0.242929
v -0.525669 -0.967940 -0.296558
v -0.602124 -0.954823 -0.341343
v -0.679580 -0.925021 -0.375041
v -0.754154 -0.880031 -0.395959
v -0.822107 -0.822107 -0.403051
v -0.880031 -0.754154 -0.395959
v -0.925021 -0.679580 -0.375041
v -0.954823 -0.602124 -0.341343
v -0.967940 -0.525669 -0.296558
v -0.963716 -0.454051 -0.242929
v -0.942362 -0.390860 -0.183147
v -0.904949 -0.339264 -0.120208
v -0.853354 -0.301851 -0.057270
v -0.790163 -0.280498 0.002513
v -0.718544 -0.276273 0.056141
v -0.642090 -0.289391 0.100927
v -0.564634 -0.319192 0.134624
v -0.490060 -0.364183 0.155543
v -0.422107 -0.422107 0.162635
v -0.364183 -0.490060 0.155543
v -0.319192 -0.564634 0.134624
v -0.289391 -0.642090 0.100927
v -0.276273 -0.718544 0.056141
v -0.280498 -0.790163 0.002513
v -0.301851 -0.853354 -0.057270
v -0.313297 -0.917955 -0.123925
v -0.365024 -0.958389 -0.184855
v -0.428779 -0.983064 -0.242730
v -0.501364 -0.990744 -0.294648
v -0.579140 -0.981044 -0.338005
v -0.658207 -0.954450 -0.370627
v -0.734601 -0.912296 -0.390878
v -0.804490 -0.856694 -0.397744
v -0.864369 -0.790435 -0.390878
v -0.911238 -0.716839 -0.370627
v -0.942744 -0.639598 -0.338005
v -0.957308 -0.562584 -0.294648
v -0.954201 -0.489660 -0.242730
v -0.933577 -0.424481 -0.184855
v -0.896472 -0.370318 -0.123925
v -0.844745 -0.329884 -0.062994
v -0.780990 -0.305209 -0.005119
v -0.708405 -0.297528 0.046799
v -0.630628 -0.307228 0.090156
v -0.551561 -0.333823 0.122778
v -0.475168 -0.375977 0.143029
v -0.405279 -0.431578 0.149894
v -0.345399 -0.497838 0.143029
v -0.298531 -0.571434 0.122778
v -0.267025 -0.648675 0.090156
v -0.252460 -0.725689 0.046799
v -0.255568 -0.798613 -0.005119
v -0.276191 -0.863791 -0.062994
v -0.286921 -0.930306 -0.127519
v -0.338597 -0.973756 -0.186381
v -0.402727 -1.001763 -0.242292
v -0.476096 -1.012922 -0.292447
v -0.555024 -1.006674 -0.334333
v -0.635554 -0.983332 -0.365847
v -0.713647 -0.944067 -0.385411
v -0.785388 -0.890848 -0.392044
v -0.847179 -0.826343 -0.385411
v -0.895922 -0.753786 -0.365847
v -0.929173 -0.676817 -0.334333
v -0.945264 -0.599294 -0.292447
v -0.943388 -0.525106 -0.242292
v -0.923640 -0.457971 -0.186381
v -0.887010 -0.401257 -0.127519
v -0.835334 -0.357807 -0.068657
v -0.771203 -0.329800 -0.012746
v -0.697835 -0.318641 0.037410
v -0.618907 -0.324889 0.079295
v -0.538377 -0.348230 0.110810
v -0.460283 -0.387495 0.130374
v -0.388542 -0.440715 0.137006
v -0.326751 -0.505220 0.130374
v -0.278008 -0.577776 0.110810
v -0.244757 -0.654746 0.079295
v -0.228666 -0.732268 0.037410
v -0.230542 -0.806457 -0.012746
v -0.250290 -0.873592 -0.068657
v -0.260146 -0.941988 -0.130987
v -0.311589 -0.988439 -0.187723
v -0.375908 -1.019776 -0.241614
v -0.449876 -1.034426 -0.289958
v -0.529785 -1.031656 -0.330331
v -0.611628 -1.011605 -0.360707
v -0.691301 -0.975277 -0.379564
v -0.764809 -0.924495 -0.385957
v -0.828465 -0.861805 -0.379564
v -0.879079 -0.790350 -0.360707
v -0.914111 -0.713714 -0.330331
v -0.931805 -0.635740 -0.289958
v -0.931274 -0.560336 -0.241614
v -0.912545 -0.491285 -0.187723
v -0.876557 -0.432049 -0.130987
v -0.825113 -0.385598 -0.074251
v -0.760795 -0.354262 -0.020360
v -0.686827 -0.339612 0.027984
v -0.606918 -0.342381 0.068356
v -0.525075 -0.362433 0.098732
v -0.445402 -0.398761 0.117590
v -0.371894 -0.449543 0.123982
v -0.308237 -0.512233 0.117590
v -0.257624 -0.583687 0.098732
v -0.222592 -0.660323 0.068356
v -0.204898 -0.738298 0.027984
v -0.205428 -0.813701 -0.020360
v -0.224158 -0.882752 -0.074251
v -0.232984 -0.952988 -0.134326
v -0.284014 -1.002413 -0.188880
v -0.348334 -1.037067 -0.240699
v -0.422719 -1.055211 -0.287183
v -0.503438 -1.055935 -0.326002
v -0.586444 -1.039204 -0.355210
v -0.667575 -1.005856 -0.373342
v -0.742762 -0.957563 -0.379489
v -0.808236 -0.896748 -0.373342
v -0.860713 -0.826459 -0.355210
v -0.897561 -0.750222 -0.326002
v -0.916933 -0.671859 -0.287183
v -0.917858 -0.595299 -0.240699
v -0.900289 -0.524381 -0.188880
v -0.865108 -0.462663 -0.134326
v -0.814077 -0.413237 -0.079772
v -0.749757 -0.378584 -0.027954
v -0.675373 -0.360440 0.018530
v -0.594653 -0.359716 0.057350
v -0.511647 -0.376447 0.086558
v -0.430516 -0.409795 0.104690
v -0.355329 -0.458087 0.110836
v -0.289856 -0.518903 0.104690
v -0.237379 -0.589191 0.086558
v -0.200530 -0.665429 0.057350
v -0.181158 -0.743792 0.018530
v -0.180233 -0.820352 -0.027954
v -0.197802 -0.891270 -0.079772
v -0.205445 -0.963291 -0.137533
v -0.255884 -1.015653 -0.189851
v -0.320022 -1.053600 -0.239545
v -0.394641 -1.075229 -0.284124
v -0.475999 -1.079455 -0.321352
v -0.560018 -1.066066 -0.349363
v -0.642485 -1.035734 -0.366752
v -0.719263 -0.989981 -0.372647
v -0.786503 -0.931099 -0.366752
v -0.840834 -0.862042 -0.349363
v -0.879530 -0.786272 -0.321352
v -0.900652 -0.707589 -0.284124
v -0.903141 -0.629939 -0.239545
v -0.886871 -0.557215 -0.189851
v -0.852658 -0.493063 -0.137533
v -0.802219 -0.440701 -0.085215
v -0.738082 -0.402754 -0.035521
v -0.663463 -0.381126 0.009058
v -0.582104 -0.376900 0.046287
v -0.498085 -0.390288 0.074298
v -0.415619 -0.420620 0.091686
v -0.338840 -0.466374 0.097581
v -0.271600 -0.525256 0.091686
v -0.217270 -0.594313 0.074298
v -0.178573 -0.670082 0.046287
v -0.157451 -0.748765 0.009058
v -0.154962 -0.826415 -0.035521
v -0.171232 -0.899140 -0.085215
v -0.177542 -0.972883 -0.140604
v -0.227215 -1.028133 -0.190634
v -0.290987 -1.069339 -0.238155
v -0.365660 -1.094434 -0.280785
v -0.447489 -1.102159 -0.316385
v -0.532371 -1.092129 -0.343172
v -0.616050 -1.064844 -0.359800
v -0.694329 -1.021674 -0.365437
v -0.763284 -0.964784 -0.359800
v -0.819457 -0.897026 -0.343172
v -0.860030 -0.821797 -0.316385
v -0.882970 -0.742870 -0.280785
v -0.887126 -0.664203 -0.238155
v -0.872290 -0.589741 -0.190634
v -0.839206 -0.523216 -0.140604
v -0.789533 -0.467966 -0.090574
v -0.725761 -0.426760 -0.043052
v -0.651088 -0.401665 -0.000422
v -0.569259 -0.393940 0.035178
v -0.484377 -0.403971 0.061964
v -0.400698 -0.431255 0.078593
v -0.322419 -0.474425 0.084230
v -0.253464 -0.531315 0.078593
v -0.197291 -0.599074 0.061964
v -0.156718 -0.674302 0.035178
v -0.133778 -0.753229 -0.000422
v -0.129621 -0.831896 -0.043052
v -0.144457 -0.906359 -0.090574
v -0.149287 -0.981748 -0.143536
v -0.198023 -1.039828 -0.191229
v -0.261251 -1.084247 -0.236530
v -0.335799 -1.112780 -0.277169
v -0.417931 -1.123994 -0.311106
v -0.503526 -1.117329 -0.336641
v -0.588294 -1.093117 -0.352493
v -0.667983 -1.052573 -0.357866
v -0.738599 -0.997731 -0.352493
v -0.796598 -0.931340 -0.336641
v -0.839074 -0.856728 -0.311106
v -0.863897 -0.777639 -0.277169
v -0.869821 -0.698037 -0.236530
v -0.856550 -0.621914 -0.191229
v -0.824749 -0.553087 -0.143536
v -0.776013 -0.495007 -0.095843
v -0.712785 -0.450588 -0.050541
v -0.638237 -0.422055 -0.009903
v -0.556106 -0.410841 0.024035
v -0.470510 -0.417506 0.049570
v -0.385742 -0.441718 0.065421
v -0.306053 -0.482262 0.070795
v -0.235438 -0.537104 0.065421
v -0.177438 -0.603496 0.049570
v -0.134962 -0.678107 0.024035
v -0.110139 -0.757196 -0.009903
v -0.104215 -0.836798 -0.050541
v -0.117486 -0.912921 -0.095843
v -0.120694 -0.989873 -0.146326
v -0.168325 -1.050712 -0.191635
v -0.230833 -1.098290 -0.234672
v -0.305082 -1.130221 -0.273279
v -0.387350 -1.144905 -0.305520
v -0.473511 -1.141605 -0.329778
v -0.559244 -1.120486 -0.344838
v -0.640252 -1.082607 -0.349943
v -0.712471 -1.029868 -0.344838
v -0.772280 -0.964913 -0.329778
v -0.816681 -0.890999 -0.305520
v -0.843446 -0.811834 -0.273279
v -0.851234 -0.731386 -0.234672
v -0.839654 -0.653689 -0.191635
v -0.809287 -0.582639 -0.146326
v -0.761656 -0.521800 -0.101017
v -0.699148 -0.474222 -0.057980
v -0.624899 -0.442290 -0.019373
v -0.542631 -0.427607 0.012868
v -0.456470 -0.430907 0.037126
v -0.370737 -0.452026 0.052185
v -0.289729 -0.489905 0.057290
v -0.217510 -0.542644 0.052185
v -0.157701 -0.607599 0.037126
v -0.113300 -0.681512 0.012868
v -0.086535 -0.760678 -0.019373
v -0.078747 -0.841126 -0.057980
v -0.090327 -0.918823 -0.101017
v -0.091776 -0.997240 -0.148972
v -0.138141 -1.060760 -0.191852
v -0.199757 -1.111431 -0.232582
v -0.273535 -1.146713 -0.269120
v -0.355776 -1.164838 -0.299632
v -0.442355 -1.164895 -0.322590
v -0.528932 -1.146883 -0.336842
v -0.611165 -1.111704 -0.341674
v -0.684929 -1.061123 -0.336842
v -0.746528 -0.997675 -0.322590
v -0.792871 -0.924543 -0.299632
v -0.821635 -0.845393 -0.269120
v -0.831377 -0.764195 -0.232582
v -0.821609 -0.685019 -0.191852
v -0.792822 -0.611837 -0.148972
v -0.746457 -0.548318 -0.106092
v -0.684841 -0.497647 -0.065362
v -0.611063 -0.462364 -0.028825
v -0.528822 -0.444240 0.001688
v -0.442242 -0.444182 0.024646
v -0.355666 -0.462195 0.038898
v -0.273433 -0.497373 0.043729
v -0.199669 -0.547955 0.038898
v -0.138070 -0.611402 0.024646
v -0.091727 -0.684535 0.001688
v -0.062963 -0.763684 -0.028825
v -0.053221 -0.844883 -0.065362
v -0.062988 -0.924058 -0.106092
v -0.062550 -1.003836 -0.151471
v -0.107490 -1.069946 -0.191880
v -0.168048 -1.123635 -0.230263
v -0.241188 -1.162211 -0.264694
v -0.323242 -1.183740 -0.293449
v -0.410095 -1.187141 -0.315084
v -0.497392 -1.172244 -0.328514
v -0.580756 -1.139797 -0.333067
v -0.656006 -1.091426 -0.328514
v -0.719369 -1.029557 -0.315084
v -0.767669 -0.957293 -0.293449
v -0.798482 -0.878256 -0.264694
v -0.810264 -0.796410 -0.230263
v -0.802424 -0.715860 -0.191880
v -0.775355 -0.640644 -0.151471
v -0.730414 -0.574534 -0.111062
v -0.669856 -0.520845 -0.072679
v -0.596716 -0.482269 -0.038248
v -0.514663 -0.460741 -0.009493
v -0.427810 -0.457339 0.012141
v -0.340513 -0.472236 0.025572
v -0.257149 -0.504683 0.030125
v -0.181899 -0.553054 0.025572
v -0.118535 -0.614923 0.012141
v -0.070236 -0.687187 -0.009493
v -0.039423 -0.766224 -0.038248
v -0.027641 -0.848070 -0.072679
v -0.035481 -0.928620 -0.111062
v -0.033030 -1.009645 -0.153821
v -0.076395 -1.078247 -0.191719
v -0.135735 -1.134869 -0.227716
v -0.208073 -1.176672 -0.260008
v -0.289782 -1.201559 -0.286976
v -0.376766 -1.208283 -0.307266
v -0.464662 -1.196505 -0.319862
v -0.549063 -1.166818 -0.324132
v -0.625736 -1.120710 -0.319862
v -0.690838 -1.060492 -0.307266
v -0.741103 -0.989184 -0.286976
v -0.774011 -0.910362 -0.260008
v -0.787911 -0.827978 -0.227716
v -0.782108 -0.746164 -0.191719
v -0.756891 -0.669022 -0.153821
v -0.713526 -0.600420 -0.115923
v -0.654186 -0.543798 -0.079925
v -0.581848 -0.501995 -0.047633
v -0.500138 -0.477108 -0.020666
v -0.413155 -0.470384 -0.000375
v -0.325259 -0.482161 0.012221
v -0.240858 -0.511849 0.016491
v -0.164184 -0.557957 0.012221
v -0.099083 -0.618175 -0.000375
v -0.048818 -0.689483 -0.020666
v -0.015910 -0.768305 -0.047633
v -0.002009 -0.850689 -0.079925
v -0.007813 -0.932503 -0.115923
v -0.003233 -1.014651 -0.156018
v -0.044879 -1.085638 -0.191368
v -0.102845 -1.145099 -0.224945
v -0.174224 -1.190053 -0.255065
v -0.255436 -1.218246 -0.280219
v -0.342410 -1.228264 -0.299145
v -0.430785 -1.219604 -0.310895
v -0.516128 -1.192702 -0.314877
v -0.594161 -1.148905 -0.310895
v -0.660970 -1.090411 -0.299145
v -0.713205 -1.020152 -0.280219
v -0.748247 -0.941651 -0.255065
v -0.764339 -0.858845 -0.224945
v -0.760674 -0.775885 -0.191368
v -0.737436 -0.696933 -0.156018
v -0.695790 -0.625947 -0.120669
v -0.637824 -0.566486 -0.087092
v -0.566445 -0.521532 -0.056971
v -0.485233 -0.493339 -0.031817
v -0.398258 -0.483321 -0.012891
v -0.309884 -0.491980 -0.001142
v -0.224541 -0.518883 0.002841
v -0.146508 -0.562679 -0.001142
v -0.079699 -0.621174 -0.012891
v -0.027464 -0.691433 -0.031817
v 0.007578 -0.769934 -0.056971
v 0.023670 -0.852740 -0.087092
v 0.020006 -0.935699 -0.120669
v 0.026824 -1.018840 -0.158062
v -0.012966 -1.092094 -0.190828
v -0.069410 -1.154292 -0.221951
v -0.139677 -1.202313 -0.249871
v -0.220245 -1.233751 -0.273187
v -0.307072 -1.247029 -0.290730
v -0.395806 -1.241480 -0.301620
v -0.481996 -1.217384 -0.305312
v -0.561322 -1.175948 -0.301620
v -0.629804 -1.119250 -0.290730
v -0.684009 -1.050134 -0.273187
v -0.721220 -0.972064 -0.249871
v -0.739570 -0.888957 -0.221951
v -0.738138 -0.804978 -0.190828
v -0.716997 -0.724340 -0.158062
v -0.677208 -0.651086 -0.125296
v -0.620764 -0.588888 -0.094173
v -0.550497 -0.540867 -0.066253
v -0.469929 -0.509429 -0.042937
v -0.383102 -0.496151 -0.025394
v -0.294368 -0.501700 -0.014504
v -0.208177 -0.525796 -0.010812
v -0.128852 -0.567232 -0.014504
v -0.060370 -0.623930 -0.025394
v -0.006164 -0.693046 -0.042937
v 0.031046 -0.771116 -0.066253
v 0.049396 -0.854223 -0.094173
v 0.047964 -0.938202 -0.125296
v 0.057121 -1.022195 -0.159950
v 0.019317 -1.097593 -0.190100
v -0.035463 -1.162416 -0.218739
v -0.104473 -1.213414 -0.244430
v -0.184251 -1.248028 -0.265884
v -0.270798 -1.264524 -0.282027
v -0.359774 -1.262075 -0.292048
v -0.446716 -1.240802 -0.295445
v -0.527266 -1.201774 -0.292048
v -0.597385 -1.146946 -0.282027
v -0.653555 -1.079068 -0.265884
v -0.692961 -1.001545 -0.244430
v -0.713627 -0.918262 -0.218739
v -0.714516 -0.833397 -0.190100
v -0.695584 -0.751205 -0.159950
v -0.657780 -0.675806 -0.129799
v -0.603000 -0.610983 -0.101161
v -0.533990 -0.559986 -0.075470
v -0.454212 -0.525371 -0.054015
v -0.367665 -0.508875 -0.037873
v -0.278689 -0.511325 -0.027852
v -0.191747 -0.532597 -0.024455
v -0.111197 -0.571626 -0.027852
v -0.041079 -0.626453 -0.037873
v 0.015092 -0.694331 -0.054015
v 0.054498 -0.771855 -0.075470
v 0.075164 -0.855137 -0.101161
v 0.076053 -0.940002 -0.129799
v 0.087639 -1.024702 -0.161680
v 0.051942 -1.102111 -0.189185
v -0.001041 -1.169441 -0.215311
v -0.068653 -1.223315 -0.238747
v -0.147504 -1.261032 -0.258319
v -0.233639 -1.280699 -0.273045
v -0.322741 -1.281332 -0.282187
v -0.410340 -1.262898 -0.285286
v -0.492045 -1.226322 -0.282187
v -0.563758 -1.173437 -0.273045
v -0.621883 -1.106896 -0.258319
v -0.663505 -1.030036 -0.238747
v -0.686538 -0.946710 -0.215311
v -0.689827 -0.861096 -0.189185
v -0.673206 -0.777488 -0.161680
v -0.637509 -0.700078 -0.134175
v -0.584526 -0.632748 -0.108049
v -0.516914 -0.578874 -0.084612
v -0.438063 -0.541158 -0.065040
v -0.351927 -0.521490 -0.050314
v -0.262826 -0.520857 -0.041172
v -0.175226 -0.539291 -0.038073
v -0.093522 -0.575868 -0.041172
v -0.021809 -0.628752 -0.050314
v 0.036316 -0.695293 -0.065040
v 0.077939 -0.772154 -0.084612
v 0.100972 -0.855480 -0.108049
v 0.104260 -0.941094 -0.134175
v 0.118358 -1.026345 -0.163250
v 0.084881 -1.105627 -0.188082
v 0.033822 -1.175338 -0.211670
v -0.032260 -1.231982 -0.232829
v -0.110051 -1.272718 -0.250500
v -0.195649 -1.295505 -0.263795
v -0.284763 -1.299198 -0.272048
v -0.372924 -1.283614 -0.274846
v -0.455712 -1.249533 -0.272048
v -0.528974 -1.198665 -0.263795
v -0.589038 -1.133560 -0.250500
v -0.632891 -1.057483 -0.232829
v -0.658334 -0.974248 -0.211670
v -0.664092 -0.888030 -0.188082
v -0.649876 -0.803152 -0.163250
v -0.616399 -0.723870 -0.138417
v -0.565340 -0.654159 -0.114830
v -0.499258 -0.597515 -0.093671
v -0.421467 -0.556778 -0.076000
v -0.335869 -0.533992 -0.062705
v -0.246755 -0.530299 -0.054451
v -0.158594 -0.545883 -0.051653
v -0.075806 -0.579964 -0.054451
v -0.002544 -0.630832 -0.062705
v 0.057520 -0.695937 -0.076000
v 0.101373 -0.772014 -0.093671
v 0.126816 -0.855249 -0.114830
v 0.132574 -0.941467 -0.138417
v 0.149257 -1.027110 -0.164659
v 0.118103 -1.108119 -0.186795
v 0.069084 -1.180079 -0.207820
v 0.004658 -1.239379 -0.226681
v -0.071945 -1.283047 -0.242433
v -0.156884 -1.308894 -0.254284
v -0.245899 -1.315622 -0.261641
v -0.334527 -1.302895 -0.264135
v -0.418323 -1.271351 -0.261641
v -0.493086 -1.222572 -0.254284
v -0.555067 -1.159003 -0.242433
v -0.601157 -1.083832 -0.226681
v -0.629046 -1.000829 -0.207820
v -0.637336 -0.914156 -0.186795
v -0.625609 -0.828158 -0.164659
v -0.594455 -0.747149 -0.142524
v -0.545436 -0.675190 -0.121498
v -0.481010 -0.615889 -0.102637
v -0.404407 -0.572221 -0.086886
v -0.319468 -0.546374 -0.075034
v -0.230453 -0.539646 -0.067677
v -0.141825 -0.552373 -0.065183
v -0.058029 -0.583917 -0.067677
v 0.016734 -0.632696 -0.075034
v 0.078715 -0.696265 -0.086886
v 0.124805 -0.771436 -0.102637
v 0.152694 -0.854439 -0.121498
v 0.160984 -0.941112 -0.142524
v 0.180313 -1.026983 -0.165906
v 0.151577 -1.109568 -0.185322
v 0.104707 -1.183636 -0.203765
v 0.042054 -1.245474 -0.220310
v -0.033241 -1.291980 -0.234126
v -0.117403 -1.320823 -0.244522
v -0.206210 -1.330556 -0.250975
v -0.295209 -1.320691 -0.253163
v -0.379939 -1.291723 -0.250975
v -0.456150 -1.245104 -0.244522
v -0.520021 -1.183172 -0.234126
v -0.568348 -1.109033 -0.220310
v -0.598710 -1.026404 -0.203765
v -0.609582 -0.939429 -0.185322
v -0.600420 -0.852468 -0.165906
v -0.571684 -0.769883 -0.146489
v -0.524814 -0.695815 -0.128046
v -0.462161 -0.633977 -0.111502
v -0.386866 -0.587471 -0.097685
v -0.302705 -0.558628 -0.087290
v -0.213897 -0.548895 -0.080836
v -0.124898 -0.558760 -0.078649
v -0.040168 -0.587728 -0.080836
v 0.036043 -0.634347 -0.087290
v 0.099914 -0.696279 -0.097685
v 0.148241 -0.770418 -0.111502
v 0.178602 -0.853047 -0.128046
v 0.189475 -0.940022 -0.146489
v 0.211503 -1.025949 -0.166989
v 0.185268 -1.109953 -0.183667
v 0.140647 -1.185986 -0.199510
v 0.079877 -1.250236 -0.213721
v 0.006004 -1.299481 -0.225589
v -0.077267 -1.331251 -0.234519
v -0.165760 -1.343954 -0.240062
v -0.255037 -1.336952 -0.241941
v -0.340623 -1.310597 -0.240062
v -0.418225 -1.266210 -0.234519
v -0.483953 -1.206017 -0.225589
v -0.534510 -1.133036 -0.213721
v -0.567361 -1.050926 -0.199510
v -0.580859 -0.963806 -0.183667
v -0.574327 -0.876044 -0.166989
v -0.548093 -0.792040 -0.150310
v -0.503472 -0.716007 -0.134468
v -0.442701 -0.651757 -0.120257
v -0.368828 -0.602513 -0.108389
v -0.285558 -0.570742 -0.099459
v -0.197065 -0.558040 -0.093916
v -0.107787 -0.565041 -0.092036
v -0.022202 -0.591397 -0.093916
v 0.055401 -0.635784 -0.099459
v 0.121128 -0.695977 -0.108389
v 0.171685 -0.768958 -0.120257
v 0.204536 -0.851067 -0.134468
v 0.218034 -0.938187 -0.150310
v 0.242801 -1.023996 -0.167907
v 0.219143 -1.109257 -0.181831
v 0.176861 -1.187105 -0.195057
v 0.118074 -1.253637 -0.206921
v 0.045731 -1.305515 -0.216829
v -0.036540 -1.340140 -0.224284
v -0.124616 -1.355774 -0.228912
v -0.214078 -1.351633 -0.230481
v -0.300441 -1.327926 -0.228912
v -0.379374 -1.285840 -0.224284
v -0.446920 -1.227487 -0.216829
v -0.499690 -1.155793 -0.206921
v -0.535040 -1.074351 -0.195057
v -0.551197 -0.987247 -0.181831
v -0.547350 -0.898848 -0.167907
v -0.523692 -0.813587 -0.153983
v -0.481409 -0.735739 -0.140757
v -0.422623 -0.669207 -0.128893
v -0.350280 -0.617328 -0.118985
v -0.268008 -0.582704 -0.111530
v -0.179933 -0.567070 -0.106902
v -0.090471 -0.571211 -0.105333
v -0.004108 -0.594918 -0.106902
v 0.074825 -0.637003 -0.111530
v 0.142371 -0.695357 -0.118985
v 0.195142 -0.767051 -0.128893
v 0.230492 -0.848493 -0.140757
v 0.246648 -0.935597 -0.153983
v 0.274183 -1.021109 -0.168659
v 0.253166 -1.107463 -0.179815
v 0.213302 -1.186972 -0.190412
v 0.156593 -1.255650 -0.199917
v 0.085880 -1.310054 -0.207855
v 0.004710 -1.347455 -0.213828
v -0.082847 -1.365977 -0.217536
v -0.172401 -1.364693 -0.218793
v -0.259460 -1.343666 -0.217536
v -0.339660 -1.303950 -0.213828
v -0.408979 -1.247539 -0.207855
v -0.463941 -1.177259 -0.199917
v -0.501789 -1.096635 -0.190412
v -0.520627 -1.009710 -0.179815
v -0.519509 -0.920843 -0.168659
v -0.498491 -0.834490 -0.157504
v -0.458628 -0.754980 -0.146907
v -0.401918 -0.686302 -0.137402
v -0.331205 -0.631898 -0.129464
v -0.250035 -0.594498 -0.123491
v -0.162478 -0.575975 -0.119783
v -0.072925 -0.577259 -0.118526
v 0.014135 -0.598286 -0.119783
v 0.094335 -0.638002 -0.123491
v 0.163653 -0.694414 -0.129464
v 0.218615 -0.764694 -0.137402
v 0.256463 -0.845317 -0.146907
v 0.275301 -0.932242 -0.157504
v 0.305622 -1.017278 -0.169246
v 0.287298 -1.104554 -0.177622
v 0.249925 -1.185566 -0.185578
v 0.195376 -1.256252 -0.192716
v 0.126386 -1.313068 -0.198676
v 0.046416 -1.353163 -0.203161
v -0.040526 -1.374528 -0.205945
v -0.130079 -1.376092 -0.206889
v -0.217753 -1.357776 -0.205945
v -0.299151 -1.320498 -0.203161
v -0.370192 -1.266127 -0.198676
v -0.427313 -1.197391 -0.192716
v -0.467651 -1.117736 -0.185578
v -0.489182 -1.031155 -0.177622
v -0.490828 -0.941991 -0.169246
v -0.472504 -0.854715 -0.160869
v -0.435131 -0.773703 -0.152913
v -0.380581 -0.703017 -0.145775
v -0.311592 -0.646201 -0.139815
v -0.231621 -0.606106 -0.135330
v -0.144679 -0.584741 -0.132546
v -0.055126 -0.583177 -0.131602
v 0.032547 -0.601494 -0.132546
v 0.113945 -0.638772 -0.135330
v 0.184986 -0.693142 -0.139815
v 0.242108 -0.761878 -0.145775
v 0.282446 -0.841534 -0.152913
v 0.303977 -0.928114 -0.160869
v 0.337090 -1.012490 -0.169665
v 0.321504 -1.100517 -0.175253
v 0.286680 -1.182872 -0.180562
v 0.234366 -1.255423 -0.185324
v 0.167186 -1.314533 -0.189301
v 0.088506 -1.357238 -0.192293
v 0.002274 -1.381396 -0.194151
v -0.087187 -1.385796 -0.194781
v -0.175391 -1.370218 -0.194151
v -0.257916 -1.335443 -0.192293
v -0.330622 -1.283213 -0.189301
v -0.389865 -1.216149 -0.185324
v -0.432673 -1.137614 -0.180562
v -0.456900 -1.051544 -0.175253
v -0.461331 -0.962257 -0.169665
v -0.445744 -0.874229 -0.164076
v -0.410921 -0.791875 -0.158767
v -0.358607 -0.719324 -0.154005
v -0.291426 -0.660214 -0.150028
v -0.212747 -0.617509 -0.147036
v -0.126515 -0.593351 -0.145178
v -0.037054 -0.588950 -0.144548
v 0.051151 -0.604529 -0.145178
v 0.133675 -0.639304 -0.147036
v 0.206381 -0.691534 -0.150028
v 0.265624 -0.758597 -0.154005
v 0.308432 -0.837133 -0.158767
v 0.332659 -0.923202 -0.164076
v 0.368560 -1.006734 -0.169916
v 0.355741 -1.095339 -0.172712
v 0.323518 -1.178872 -0.175368
v 0.273505 -1.253142 -0.177750
v 0.208212 -1.314427 -0.179739
v 0.130910 -1.359653 -0.181236
v 0.045478 -1.386552 -0.182165
v -0.043801 -1.393775 -0.182480
v -0.132451 -1.380960 -0.182165
v -0.216025 -1.348750 -0.181236
v -0.290334 -1.298760 -0.179739
v -0.351651 -1.233496 -0.177750
v -0.396902 -1.156232 -0.175368
v -0.423816 -1.070841 -0.172712
v -0.431046 -0.981605 -0.169916
v -0.418227 -0.893000 -0.167120
v -0.386004 -0.809467 -0.164465
v -0.335991 -0.735196 -0.162082
v -0.270698 -0.673912 -0.160093
v -0.193396 -0.628686 -0.158596
v -0.107964 -0.601787 -0.157667
v -0.018685 -0.594564 -0.157352
v 0.069965 -0.607379 -0.157667
v 0.153539 -0.639589 -0.158596
v 0.227848 -0.689579 -0.160093
v 0.289165 -0.754843 -0.162082
v 0.334415 -0.832107 -0.164465
v 0.361330 -0.917498 -0.167120
v 0.400000 -1.000000 -0.170000
v 0.389971 -1.089008 -0.170000
v 0.360388 -1.173553 -0.170000
v 0.312733 -1.249396 -0.170000
v 0.249396 -1.312733 -0.170000
v 0.173553 -1.360388 -0.170000
v 0.089008 -1.389971 -0.170000
v -0.000000 -1.400000 -0.170000
v -0.089008 -1.389971 -0.170000
v -0.173553 -1.360388 -0.170000
v -0.249396 -1.312733 -0.170000
v -0.312733 -1.249396 -0.170000
v -0.360388 -1.173553 -0.170000
v -0.389971 -1.089008 -0.170000
v -0.400000 -1.000000 -0.170000
v -0.389971 -0.910992 -0.170000
v -0.360388 -0.826447 -0.170000
v -0.312733 -0.750604 -0.170000
v -0.249396 -0.687267 -0.170000
v -0.173553 -0.639612 -0.170000
v -0.089008 -0.610029 -0.170000
v -0.000000 -0.600000 -0.170000
v 0.089008 -0.610029 -0.170000
v 0.173553 -0.639612 -0.170000
v 0.249396 -0.687267 -0.170000
v 0.312733 -0.750604 -0.170000
v 0.360388 -0.826447 -0.170000
v 0.389971 -0.910992 -0.170000
v 0.431381 -0.992279 -0.169916
v 0.424152 -1.081515 -0.167120
v 0.397237 -1.166906 -0.164465
v 0.351987 -1.244170 -0.162082
v 0.290670 -1.309434 -0.160093
v 0.216361 -1.359424 -0.158596
v 0.132786 -1.391634 -0.157667
v 0.044137 -1.404449 -0.157352
v -0.045143 -1.397226 -0.157667
v -0.130575 -1.370327 -0.158596
v -0.207876 -1.325102 -0.160093
v -0.273170 -1.263817 -0.162082
v -0.323182 -1.189546 -0.164465
v -0.355406 -1.106014 -0.167120
v -0.368224 -1.017408 -0.169916
v -0.360995 -0.928172 -0.172712
v -0.334080 -0.842782 -0.175368
v -0.288830 -0.765517 -0.177750
v -0.227513 -0.700253 -0.179739
v -0.153204 -0.650263 -0.181236
v -0.069629 -0.618053 -0.182165
v 0.019020 -0.605238 -0.182480
v 0.108300 -0.612462 -0.182165
v 0.193732 -0.639360 -0.181236
v 0.271033 -0.684586 -0.179739
v 0.336327 -0.745871 -0.177750
v 0.386339 -0.820141 -0.175368
v 0.418563 -0.903674 -0.172712
v 0.462671 -0.983564 -0.169665
v 0.458240 -1.072851 -0.164076
v 0.434013 -1.158920 -0.158767
v 0.391205 -1.237456 -0.154005
v 0.331962 -1.304520 -0.150028
v 0.259256 -1.356749 -0.147036
v 0.176732 -1.391525 -0.145178
v 0.088527 -1.407103 -0.144548
v -0.000934 -1.402703 -0.145178
v -0.087166 -1.378544 -0.147036
v -0.165845 -1.335839 -0.150028
v -0.233026 -1.276729 -0.154005
v -0.285340 -1.204178 -0.158767
v -0.320163 -1.121824 -0.164076
v -0.335750 -1.033796 -0.169665
v -0.331319 -0.944509 -0.175253
v -0.307092 -0.858440 -0.180562
v -0.264284 -0.779904 -0.185324
v -0.205041 -0.712840 -0.189301
v -0.132335 -0.660611 -0.192293
v -0.049810 -0.625835 -0.194151
v 0.038394 -0.610257 -0.194781
v 0.127855 -0.614658 -0.194151
v 0.214088 -0.638816 -0.192293
v 0.292767 -0.681521 -0.189301
v 0.359947 -0.740631 -0.185324
v 0.412261 -0.813182 -0.180562
v 0.447085 -0.895536 -0.175253
v 0.493839 -0.973846 -0.169246
v 0.492194 -1.063010 -0.160869
v 0.470662 -1.149590 -0.152913
v 0.430325 -1.229246 -0.145775
v 0.373203 -1.297982 -0.139815
v 0.302162 -1.352352 -0.135330
v 0.220764 -1.389630 -0.132546
v 0.133090 -1.407947 -0.131602
v 0.043537 -1.406383 -0.132546
v -0.043404 -1.385018 -0.135330
v -0.123375 -1.344923 -0.139815
v -0.192365 -1.288107 -0.145775
v -0.246914 -1.217421 -0.152913
v -0.284287 -1.136409 -0.160869
v -0.302611 -1.049133 -0.169246
v -0.300966 -0.959969 -0.177622
v -0.279435 -0.873388 -0.185578
v -0.239097 -0.793733 -0.192716
v -0.181975 -0.724997 -0.198676
v -0.110934 -0.670626 -0.203161
v -0.029536 -0.633348 -0.205945
v 0.058138 -0.615032 -0.206889
v 0.147691 -0.616596 -0.205945
v 0.234632 -0.637961 -0.203161
v 0.314603 -0.678056 -0.198676
v 0.383593 -0.734871 -0.192716
v 0.438142 -0.805557 -0.185578
v 0.475515 -0.886570 -0.177622
v 0.524850 -0.963120 -0.168659
v 0.525968 -1.051987 -0.157504
v 0.507130 -1.138912 -0.146907
v 0.469281 -1.219536 -0.137402
v 0.414320 -1.289816 -0.129464
v 0.345001 -1.346228 -0.123491
v 0.264801 -1.385943 -0.119783
v 0.177742 -1.406970 -0.118526
v 0.088188 -1.408254 -0.119783
v 0.000631 -1.389732 -0.123491
v -0.080539 -1.352331 -0.129464
v -0.151252 -1.297927 -0.137402
v -0.207962 -1.229249 -0.146907
v -0.247825 -1.149740 -0.157504
v -0.268842 -1.063387 -0.168659
v -0.269960 -0.974519 -0.179815
v -0.251123 -0.887595 -0.190412
v -0.213274 -0.806971 -0.199917
v -0.158312 -0.736691 -0.207855
v -0.088994 -0.680279 -0.213828
v -0.008794 -0.640564 -0.217536
v 0.078266 -0.619537 -0.218793
v 0.167819 -0.618252 -0.217536
v 0.255376 -0.636775 -0.213828
v 0.336546 -0.674176 -0.207855
v 0.407259 -0.728579 -0.199917
v 0.463969 -0.797258 -0.190412
v 0.503832 -0.876767 -0.179815
v 0.555670 -0.951381 -0.167907
v 0.559517 -1.039780 -0.153983
v 0.543361 -1.126884 -0.140757
v 0.508011 -1.208325 -0.128893
v 0.455240 -1.280020 -0.118985
v 0.387694 -1.338373 -0.111530
v 0.308761 -1.380459 -0.106902
v 0.222398 -1.404166 -0.105333
v 0.132936 -1.408307 -0.106902
v 0.044861 -1.392673 -0.111530
v -0.037411 -1.358048 -0.118985
v -0.109754 -1.306170 -0.128893
v -0.168540 -1.239638 -0.140757
v -0.210823 -1.161790 -0.153983
v -0.234481 -1.076529 -0.167907
v -0.238328 -0.988130 -0.181831
v -0.222171 -0.901025 -0.195057
v -0.186821 -0.819584 -0.206921
v -0.134051 -0.747889 -0.216829
v -0.066505 -0.689536 -0.224284
v 0.012428 -0.647451 -0.228912
v 0.098791 -0.623743 -0.230481
v 0.188253 -0.619603 -0.228912
v 0.276328 -0.635237 -0.224284
v 0.358600 -0.669861 -0.216829
v 0.430943 -0.721740 -0.206921
v 0.489730 -0.788271 -0.195057
v 0.532012 -0.866120 -0.181831
v 0.586265 -0.938625 -0.166989
v 0.592797 -1.026388 -0.150310
v 0.579299 -1.113508 -0.134468
v 0.546448 -1.195617 -0.120257
v 0.495891 -1.268598 -0.108389
v 0.430163 -1.328791 -0.099459
v 0.352561 -1.373178 -0.093916
v 0.266975 -1.399533 -0.092036
v 0.177698 -1.406535 -0.093916
v 0.089205 -1.393832 -0.099459
v 0.005934 -1.362062 -0.108389
v -0.067939 -1.312817 -0.120257
v -0.128709 -1.248567 -0.134468
v -0.173330 -1.172534 -0.150310
v -0.199565 -1.088530 -0.166989
v -0.206096 -1.000768 -0.183667
v -0.192598 -0.913648 -0.199510
v -0.159747 -0.831539 -0.213721
v -0.109190 -0.758558 -0.225589
v -0.043463 -0.698365 -0.234519
v 0.034140 -0.653978 -0.240062
v 0.119725 -0.627623 -0.241941
v 0.209003 -0.620621 -0.240062
v 0.297496 -0.633323 -0.234519
v 0.380766 -0.665094 -0.225589
v 0.454639 -0.714338 -0.213721
v 0.515410 -0.778588 -0.199510
v 0.560031 -0.854621 -0.183667
v 0.616600 -0.924851 -0.165906
v 0.625761 -1.011811 -0.146489
v 0.614889 -1.098787 -0.128046
v 0.584528 -1.181416 -0.111502
v 0.536200 -1.255555 -0.097685
v 0.472329 -1.317486 -0.087290
v 0.396119 -1.364105 -0.080836
v 0.311389 -1.393073 -0.078649
v 0.222389 -1.402938 -0.080836
v 0.133582 -1.393205 -0.087290
v 0.049421 -1.364363 -0.097685
v -0.025874 -1.317857 -0.111502
v -0.088528 -1.256019 -0.128046
v -0.135397 -1.181950 -0.146489
v -0.164134 -1.099365 -0.165906
v -0.173295 -1.012405 -0.185322
v -0.162423 -0.925429 -0.203765
v -0.132062 -0.842800 -0.220310
v -0.083734 -0.768661 -0.234126
v -0.019864 -0.706730 -0.244522
v 0.056347 -0.660111 -0.250975
v 0.141077 -0.631143 -0.253163
v 0.230077 -0.621278 -0.250975
v 0.318884 -0.631011 -0.244522
v 0.403045 -0.659853 -0.234126
v 0.478340 -0.706359 -0.220310
v 0.540993 -0.768197 -0.203765
v 0.587863 -0.842266 -0.185322
v 0.646637 -0.910056 -0.164659
v 0.658363 -0.996054 -0.142524
v 0.650074 -1.082727 -0.121498
v 0.622185 -1.165730 -0.102637
v 0.576095 -1.240901 -0.086886
v 0.514114 -1.304470 -0.075034
v 0.439351 -1.353249 -0.067677
v 0.355555 -1.384794 -0.065183
v 0.266927 -1.397520 -0.067677
v 0.177912 -1.390792 -0.075034
v 0.092973 -1.364946 -0.086886
v 0.016370 -1.321277 -0.102637
v -0.048056 -1.261977 -0.121498
v -0.097076 -1.190018 -0.142524
v -0.128229 -1.109008 -0.164659
v -0.139956 -1.023011 -0.186795
v -0.131667 -0.936337 -0.207820
v -0.103777 -0.853334 -0.226681
v -0.057687 -0.778163 -0.242433
v 0.004294 -0.714594 -0.254284
v 0.079057 -0.665815 -0.261641
v 0.162853 -0.634271 -0.264135
v 0.251481 -0.621544 -0.261641
v 0.340496 -0.628272 -0.254284
v 0.425434 -0.654119 -0.242433
v 0.502038 -0.697787 -0.226681
v 0.566464 -0.757088 -0.207820
v 0.615483 -0.829047 -0.186795
v 0.676341 -0.894243 -0.163250
v 0.690557 -0.979121 -0.138417
v 0.684798 -1.065339 -0.114830
v 0.659355 -1.148573 -0.093671
v 0.615502 -1.224650 -0.076000
v 0.555438 -1.289755 -0.062705
v 0.482176 -1.340624 -0.054451
v 0.399389 -1.374705 -0.051653
v 0.311228 -1.390289 -0.054451
v 0.222114 -1.386595 -0.062705
v 0.136515 -1.363809 -0.076000
v 0.058725 -1.323073 -0.093671
v -0.007357 -1.266429 -0.114830
v -0.058417 -1.196718 -0.138417
v -0.091894 -1.117435 -0.163250
v -0.106110 -1.032557 -0.188082
v -0.100352 -0.946339 -0.211670
v -0.074908 -0.863105 -0.232829
v -0.031055 -0.787027 -0.250500
v 0.029008 -0.721922 -0.263795
v 0.102271 -0.671054 -0.272048
v 0.185058 -0.636973 -0.274846
v 0.273219 -0.621389 -0.272048
v 0.362333 -0.625083 -0.263795
v 0.447931 -0.647869 -0.250500
v 0.525722 -0.688605 -0.232829
v 0.591804 -0.745249 -0.211670
v 0.642864 -0.814960 -0.188082
v 0.705673 -0.877411 -0.161680
v 0.722294 -0.961019 -0.134175
v 0.719006 -1.046633 -0.108049
v 0.695973 -1.129959 -0.084612
v 0.654350 -1.206820 -0.065040
v 0.596225 -1.273361 -0.050314
v 0.524512 -1.326245 -0.041172
v 0.442808 -1.362822 -0.038073
v 0.355208 -1.381256 -0.041172
v 0.266107 -1.380623 -0.050314
v 0.179971 -1.360955 -0.065040
v 0.101120 -1.323239 -0.084612
v 0.033508 -1.269365 -0.108049
v -0.019475 -1.202035 -0.134175
v -0.055172 -1.124625 -0.161680
v -0.071793 -1.041017 -0.189185
v -0.068504 -0.955404 -0.215311
v -0.045471 -0.872077 -0.238747
v -0.003849 -0.795217 -0.258319
v 0.054276 -0.728676 -0.273045
v 0.125989 -0.675791 -0.282187
v 0.207693 -0.639215 -0.285286
v 0.295293 -0.620781 -0.282187
v 0.384394 -0.621414 -0.273045
v 0.470530 -0.641081 -0.258319
v 0.549381 -0.678798 -0.238747
v 0.616993 -0.732672 -0.215311
v 0.669976 -0.800002 -0.189185
v 0.734597 -0.859567 -0.159950
v 0.753529 -0.941759 -0.129799
v 0.752640 -1.026624 -0.101161
v 0.731974 -1.109907 -0.075470
v 0.692568 -1.187431 -0.054015
v 0.636397 -1.255308 -0.037873
v 0.566279 -1.310136 -0.027852
v 0.485729 -1.349164 -0.024455
v 0.398787 -1.370437 -0.027852
v 0.309811 -1.372886 -0.037873
v 0.223264 -1.356390 -0.054015
v 0.143486 -1.321776 -0.075470
v 0.074476 -1.270778 -0.101161
v 0.019696 -1.205955 -0.129799
v -0.018108 -1.130557 -0.159950
v -0.037040 -1.048365 -0.190100
v -0.036151 -0.963499 -0.218739
v -0.015485 -0.880217 -0.244430
v 0.023921 -0.802693 -0.265884
v 0.080091 -0.734815 -0.282027
v 0.150210 -0.679988 -0.292048
v 0.230759 -0.640959 -0.295445
v 0.317702 -0.619687 -0.292048
v 0.406678 -0.617237 -0.282027
v 0.493224 -0.633733 -0.265884
v 0.573003 -0.668348 -0.244430
v 0.642012 -0.719345 -0.218739
v 0.696793 -0.784169 -0.190100
v 0.763073 -0.840713 -0.158062
v 0.784213 -0.921351 -0.125296
v 0.785645 -1.005330 -0.094173
v 0.767295 -1.088437 -0.066253
v 0.730085 -1.166507 -0.042937
v 0.675879 -1.235623 -0.025394
v 0.607397 -1.292321 -0.014504
v 0.528072 -1.333757 -0.010812
v 0.441881 -1.357853 -0.014504
v 0.353147 -1.363402 -0.025394
v 0.266320 -1.350124 -0.042937
v 0.185752 -1.318686 -0.066253
v 0.115485 -1.270665 -0.094173
v 0.059041 -1.208467 -0.125296
v 0.019252 -1.135213 -0.158062
v -0.001889 -1.054575 -0.190828
v -0.003320 -0.970596 -0.221951
v 0.015029 -0.887489 -0.249871
v 0.052240 -0.809419 -0.273187
v 0.106445 -0.740303 -0.290730
v 0.174928 -0.683605 -0.301620
v 0.254253 -0.642169 -0.305312
v 0.340443 -0.618073 -0.301620
v 0.429177 -0.612524 -0.290730
v 0.516005 -0.625802 -0.273187
v 0.596572 -0.657240 -0.249871
v 0.666839 -0.705261 -0.221951
v 0.723283 -0.767459 -0.190828
v 0.791063 -0.820858 -0.156018
v 0.814301 -0.899810 -0.120669
v 0.817966 -0.982769 -0.087092
v 0.801874 -1.065575 -0.056971
v 0.766832 -1.144076 -0.031817
v 0.714597 -1.214335 -0.012891
v 0.647788 -1.272830 -0.001142
v 0.569755 -1.316626 0.002841
v 0.484412 -1.343529 -0.001142
v 0.396037 -1.352188 -0.012891
v 0.309063 -1.342170 -0.031817
v 0.227851 -1.313978 -0.056971
v 0.156472 -1.269024 -0.087092
v 0.098506 -1.209563 -0.120669
v 0.056860 -1.138576 -0.156018
v 0.033621 -1.059624 -0.191368
v 0.029957 -0.976665 -0.224945
v 0.046049 -0.893858 -0.255065
v 0.081091 -0.815358 -0.280219
v 0.133326 -0.745098 -0.299145
v 0.200135 -0.686604 -0.310895
v 0.278168 -0.642808 -0.314877
v 0.363511 -0.615905 -0.310895
v 0.451885 -0.607246 -0.299145
v 0.538860 -0.617264 -0.280219
v 0.620072 -0.645456 -0.255065
v 0.691451 -0.690410 -0.224945
v 0.749417 -0.749871 -0.191368
v 0.818529 -0.800009 -0.153821
v 0.843746 -0.877151 -0.115923
v 0.849549 -0.958965 -0.079925
v 0.835649 -1.041349 -0.047633
v 0.802741 -1.120171 -0.020666
v 0.752476 -1.191479 -0.000375
v 0.687374 -1.251697 0.012221
v 0.610701 -1.297805 0.016491
v 0.526300 -1.327493 0.012221
v 0.438404 -1.339270 -0.000375
v 0.351420 -1.332546 -0.020666
v 0.269711 -1.307659 -0.047633
v 0.197372 -1.265857 -0.079925
v 0.138033 -1.209235 -0.115923
v 0.094667 -1.140632 -0.153821
v 0.069451 -1.063490 -0.191719
v 0.063647 -0.981676 -0.227716
v 0.077548 -0.899292 -0.260008
v 0.110456 -0.820470 -0.286976
v 0.160721 -0.749163 -0.307266
v 0.225822 -0.688945 -0.319862
v 0.302496 -0.642836 -0.324132
v 0.386896 -0.613149 -0.319862
v 0.474792 -0.601372 -0.307266
v 0.561776 -0.608095 -0.286976
v 0.643486 -0.632982 -0.260008
v 0.715824 -0.674785 -0.227716
v 0.775164 -0.731407 -0.191719
v 0.845431 -0.778177 -0.151471
v 0.872500 -0.853393 -0.111062
v 0.880340 -0.933943 -0.072679
v 0.868558 -1.015789 -0.038248
v 0.837745 -1.094826 -0.009493
v 0.789446 -1.167090 0.012141
v 0.726082 -1.228959 0.025572
v 0.650832 -1.277330 0.030125
v 0.567468 -1.309777 0.025572
v 0.480171 -1.324674 0.012141
v 0.393318 -1.321272 -0.009493
v 0.311265 -1.299744 -0.038248
v 0.238125 -1.261168 -0.072679
v 0.177567 -1.207479 -0.111062
v 0.132626 -1.141369 -0.151471
v 0.105557 -1.066153 -0.191880
v 0.097717 -0.985603 -0.230263
v 0.109499 -0.903757 -0.264694
v 0.140312 -0.824720 -0.293449
v 0.188612 -0.752456 -0.315084
v 0.251975 -0.690587 -0.328514
v 0.327225 -0.642216 -0.333067
v 0.410589 -0.609769 -0.328514
v 0.497886 -0.594872 -0.315084
v 0.584739 -0.598273 -0.293449
v 0.666793 -0.619802 -0.264694
v 0.739933 -0.658378 -0.230263
v 0.800491 -0.712067 -0.191880
v 0.871731 -0.755373 -0.148972
v 0.900519 -0.828555 -0.106092
v 0.910286 -0.907731 -0.065362
v 0.900544 -0.988929 -0.028825
v 0.871780 -1.068079 0.001688
v 0.825437 -1.141211 0.024646
v 0.763839 -1.204659 0.038898
v 0.690074 -1.255240 0.043729
v 0.607842 -1.290419 0.038898
v 0.521265 -1.308431 0.024646
v 0.434686 -1.308374 0.001688
v 0.352445 -1.290249 -0.028825
v 0.278666 -1.254967 -0.065362
v 0.217050 -1.204295 -0.106092
v 0.170686 -1.140776 -0.148972
v 0.141898 -1.067594 -0.191852
v 0.132130 -0.988419 -0.232582
v 0.141873 -0.907220 -0.269120
v 0.170637 -0.828070 -0.299632
v 0.216980 -0.754938 -0.322590
v 0.278578 -0.691491 -0.336842
v 0.352343 -0.640909 -0.341674
v 0.434575 -0.605730 -0.336842
v 0.521152 -0.587718 -0.322590
v 0.607731 -0.587776 -0.299632
v 0.689972 -0.605900 -0.269120
v 0.763750 -0.641182 -0.232582
v 0.825367 -0.691854 -0.191852
v 0.897389 -0.731612 -0.146326
v 0.927756 -0.802661 -0.101017
v 0.939336 -0.880358 -0.057980
v 0.931548 -0.960806 -0.019373
v 0.904783 -1.039972 0.012868
v 0.860382 -1.113885 0.037126
v 0.800573 -1.178840 0.052185
v 0.728354 -1.231579 0.057290
v 0.647346 -1.269458 0.052185
v 0.561613 -1.290577 0.037126
v 0.475452 -1.293877 0.012868
v 0.393184 -1.279194 -0.019373
v 0.318935 -1.247262 -0.057980
v 0.256427 -1.199684 -0.101017
v 0.208796 -1.138845 -0.146326
v 0.178428 -1.067795 -0.191635
v 0.166849 -0.990099 -0.234672
v 0.174637 -0.909650 -0.273279
v 0.201402 -0.830485 -0.305520
v 0.245803 -0.756571 -0.329778
v 0.305612 -0.691616 -0.344838
v 0.377831 -0.638877 -0.349943
v 0.458838 -0.600999 -0.344838
v 0.544572 -0.579879 -0.329778
v 0.630733 -0.576579 -0.305520
v 0.713001 -0.591263 -0.273279
v 0.787250 -0.623194 -0.234672
v 0.849758 -0.670772 -0.191635
v 0.922367 -0.706908 -0.143536
v 0.954168 -0.775734 -0.095843
v 0.967439 -0.851857 -0.050541
v 0.961515 -0.931459 -0.009903
v 0.936692 -1.010549 0.024035
v 0.894216 -1.085160 0.049570
v 0.836216 -1.151552 0.065421
v 0.765601 -1.206394 0.070795
v 0.685912 -1.246938 0.065421
v 0.601144 -1.271149 0.049570
v 0.515548 -1.277815 0.024035
v 0.433417 -1.266600 -0.009903
v 0.358868 -1.238068 -0.050541
v 0.295641 -1.193648 -0.095843
v 0.246904 -1.135569 -0.143536
v 0.215103 -1.066742 -0.191229
v 0.201832 -0.990619 -0.236530
v 0.207757 -0.911017 -0.277169
v 0.232579 -0.831927 -0.311106
v 0.275055 -0.757316 -0.336641
v 0.333055 -0.690925 -0.352493
v 0.403670 -0.636082 -0.357866
v 0.483360 -0.595539 -0.352493
v 0.568127 -0.571327 -0.336641
v 0.653723 -0.564661 -0.311106
v 0.735854 -0.575876 -0.277169
v 0.810403 -0.604408 -0.236530
v 0.873631 -0.648828 -0.191229
v 0.946625 -0.681278 -0.140604
v 0.979709 -0.747803 -0.090574
v 0.994545 -0.822265 -0.043052
v 0.990389 -0.900932 -0.000422
v 0.967449 -0.979859 0.035178
v 0.926875 -1.055088 0.061964
v 0.870703 -1.122846 0.078593
v 0.801748 -1.179736 0.084230
v 0.723469 -1.222906 0.078593
v 0.639790 -1.250191 0.061964
v 0.554908 -1.260221 0.035178
v 0.473079 -1.252496 -0.000422
v 0.398406 -1.227401 -0.043052
v 0.334634 -1.186195 -0.090574
v 0.284961 -1.130945 -0.140604
v 0.251876 -1.064421 -0.190634
v 0.237040 -0.989958 -0.238155
v 0.241197 -0.911291 -0.280785
v 0.264137 -0.832364 -0.316385
v 0.304710 -0.757136 -0.343172
v 0.360883 -0.689377 -0.359800
v 0.429837 -0.632487 -0.365437
v 0.508117 -0.589317 -0.359800
v 0.591796 -0.562033 -0.343172
v 0.676678 -0.552002 -0.316385
v 0.758507 -0.559727 -0.280785
v 0.833179 -0.584822 -0.238155
v 0.896951 -0.626028 -0.190634
v 0.970126 -0.654743 -0.137533
v 1.004338 -0.718894 -0.085215
v 1.020608 -0.791619 -0.035521
v 1.018120 -0.869269 0.009058
v 0.996998 -0.947952 0.046287
v 0.958301 -1.023721 0.074298
v 0.903970 -1.092778 0.091686
v 0.836730 -1.151660 0.097581
v 0.759952 -1.197414 0.091686
v 0.677486 -1.227746 0.074298
v 0.593466 -1.241134 0.046287
v 0.512108 -1.236908 0.009058
v 0.437489 -1.215280 -0.035521
v 0.373352 -1.177333 -0.085215
v 0.322912 -1.124971 -0.137533
v 0.288700 -1.060819 -0.189851
v 0.272430 -0.988095 -0.239545
v 0.274918 -0.910445 -0.284124
v 0.296040 -0.831762 -0.321352
v 0.334737 -0.755992 -0.349363
v 0.389067 -0.686935 -0.366752
v 0.456308 -0.628053 -0.372647
v 0.533086 -0.582300 -0.366752
v 0.615552 -0.551968 -0.349363
v 0.699571 -0.538579 -0.321352
v 0.780930 -0.542805 -0.284124
v 0.855549 -0.564434 -0.239545
v 0.919686 -0.602381 -0.189851
v 0.992830 -0.627322 -0.134326
v 1.028012 -0.689040 -0.079772
v 1.045581 -0.759958 -0.027954
v 1.044656 -0.836518 0.018530
v 1.025284 -0.914881 0.057350
v 0.988435 -0.991119 0.086558
v 0.935959 -1.061407 0.104690
v 0.870485 -1.122223 0.110836
v 0.795298 -1.170515 0.104690
v 0.714167 -1.203863 0.086558
v 0.631161 -1.220594 0.057350
v 0.550442 -1.219870 0.018530
v 0.476057 -1.201726 -0.027954
v 0.411737 -1.167073 -0.079772
v 0.360706 -1.117647 -0.134326
v 0.325525 -1.055929 -0.188880
v 0.307956 -0.985011 -0.240699
v 0.308881 -0.908452 -0.287183
v 0.328253 -0.830088 -0.326002
v 0.365102 -0.753851 -0.355210
v 0.417578 -0.683562 -0.373342
v 0.483052 -0.622747 -0.379489
v 0.558239 -0.574454 -0.373342
v 0.639370 -0.541106 -0.355210
v 0.722376 -0.524375 -0.326002
v 0.803095 -0.525099 -0.287183
v 0.877480 -0.543243 -0.240699
v 0.941800 -0.577897 -0.188880
v 1.014702 -0.599038 -0.130987
v 1.050690 -0.658274 -0.074251
v 1.069420 -0.727325 -0.020360
v 1.069950 -0.802728 0.027984
v 1.052256 -0.880703 0.068356
v 1.017224 -0.957339 0.098732
v 0.966611 -1.028794 0.117590
v 0.902954 -1.091484 0.123982
v 0.829446 -1.142266 0.117590
v 0.749773 -1.178594 0.098732
v 0.667930 -1.198645 0.068356
v 0.588021 -1.201415 0.027984
v 0.514053 -1.186764 -0.020360
v 0.449735 -1.155428 -0.074251
v 0.398291 -1.108977 -0.130987
v 0.362303 -1.049741 -0.187723
v 0.343574 -0.980690 -0.241614
v 0.343043 -0.905287 -0.289958
v 0.360737 -0.827312 -0.330331
v 0.395769 -0.750676 -0.360707
v 0.446383 -0.679221 -0.379564
v 0.510039 -0.616531 -0.385957
v 0.583547 -0.565749 -0.379564
v 0.663220 -0.529422 -0.360707
v 0.745063 -0.509370 -0.330331
v 0.824972 -0.506600 -0.289958
v 0.898940 -0.521251 -0.241614
v 0.963259 -0.552587 -0.187723
v 1.035703 -0.569916 -0.127519
v 1.072333 -0.626630 -0.068657
v 1.092082 -0.693765 -0.012746
v 1.093957 -0.767954 0.037410
v 1.077866 -0.845477 0.079295
v 1.044616 -0.922446 0.110810
v 0.995873 -0.995002 0.130374
v 0.934081 -1.059507 0.137006
v 0.862340 -1.112727 0.130374
v 0.784247 -1.151992 0.110810
v 0.703717 -1.175333 0.079295
v 0.624789 -1.181581 0.037410
v 0.551420 -1.170422 -0.012746
v 0.487290 -1.142415 -0.068657
v 0.435614 -1.098966 -0.127519
v 0.398984 -1.042251 -0.186381
v 0.379235 -0.975117 -0.242292
v 0.377360 -0.900928 -0.292447
v 0.393451 -0.823405 -0.334333
v 0.426701 -0.746436 -0.365847
v 0.475444 -0.673879 -0.385411
v 0.537236 -0.609374 -0.392044
v 0.608977 -0.556155 -0.385411
v 0.687070 -0.516890 -0.365847
v 0.767600 -0.493548 -0.334333
v 0.846528 -0.487300 -0.292447
v 0.919897 -0.498459 -0.242292
v 0.984027 -0.526466 -0.186381
v 1.055797 -0.539982 -0.123925
v 1.092903 -0.594146 -0.062994
v 1.113527 -0.659324 -0.005119
v 1.116634 -0.732249 0.046799
v 1.102069 -0.809262 0.090156
v 1.070563 -0.886504 0.122778
v 1.023695 -0.960099 0.143029
v 0.963815 -1.026359 0.149894
v 0.893926 -1.081960 0.143029
v 0.817533 -1.124115 0.122778
v 0.738466 -1.150709 0.090156
v 0.660690 -1.160409 0.046799
v 0.588104 -1.152729 -0.005119
v 0.524350 -1.128053 -0.062994
v 0.472622 -1.087620 -0.123925
v 0.435517 -1.033456 -0.184855
v 0.414893 -0.968278 -0.242730
v 0.411786 -0.895353 -0.294648
v 0.426350 -0.818340 -0.338005
v 0.457857 -0.741098 -0.370627
v 0.504725 -0.667502 -0.390878
v 0.564605 -0.601243 -0.397744
v 0.634493 -0.545642 -0.390878
v 0.710887 -0.503487 -0.370627
v 0.789954 -0.476893 -0.338005
v 0.867730 -0.467193 -0.294648
v 0.940316 -0.474873 -0.242730
v 1.004070 -0.499549 -0.184855
v 1.074949 -0.509264 -0.120208
v 1.112362 -0.560860 -0.057270
v 1.133716 -0.624051 0.002513
v 1.137940 -0.695669 0.056141
v 1.124823 -0.772124 0.100927
v 1.095021 -0.849580 0.134624
v 1.050031 -0.924154 0.155543
v 0.992107 -0.992107 0.162635
v 0.924154 -1.050031 0.155543
v 0.849580 -1.095021 0.134624
v 0.772124 -1.124823 0.100927
v 0.695669 -1.137940 0.056141
v 0.624051 -1.133716 0.002513
v 0.560860 -1.112362 -0.057270
v 0.509264 -1.074949 -0.120208
v 0.471851 -1.023354 -0.183147
v 0.450498 -0.960163 -0.242929
v 0.446273 -0.888544 -0.296558
v 0.459391 -0.812090 -0.341343
v 0.489192 -0.734634 -0.375041
v 0.534183 -0.660060 -0.395959
v 0.592107 -0.592107 -0.403051
v 0.660060 -0.534183 -0.395959
v 0.734634 -0.489192 -0.375041
v 0.812090 -0.459391 -0.341343
v 0.888544 -0.446273 -0.296558
v 0.960163 -0.450498 -0.242929
v 1.023354 -0.471851 -0.183147
v 1.093125 -0.477792 -0.116373
v 1.130676 -0.526812 -0.051489
v 1.152614 -0.587996 0.010142
v 1.157838 -0.658275 0.065429
v 1.146087 -0.734126 0.111599
v 1.117950 -0.811744 0.146338
v 1.074837 -0.887237 0.167904
v 1.018911 -0.956821 0.175214
v 0.952976 -1.017006 0.167904
v 0.880338 -1.064774 0.146338
v 0.804640 -1.097729 0.111599
v 0.729678 -1.114220 0.065429
v 0.659209 -1.113419 0.010142
v 0.596769 -1.095366 -0.051489
v 0.545487 -1.060967 -0.116373
v 0.507936 -1.011946 -0.181257
v 0.485998 -0.950763 -0.242888
v 0.480774 -0.880484 -0.298175
v 0.492525 -0.804633 -0.344345
v 0.520662 -0.727015 -0.379084
v 0.563775 -0.651521 -0.400650
v 0.619700 -0.581937 -0.407960
v 0.685635 -0.521753 -0.400650
v 0.758273 -0.473985 -0.379084
v 0.833971 -0.441030 -0.344345
v 0.908934 -0.424539 -0.298175
v 0.979403 -0.425340 -0.242888
v 1.041843 -0.443393 -0.181257
v 1.110289 -0.445597 -0.112423
v 1.147810 -0.492046 -0.045657
v 1.170185 -0.551212 0.017761
v 1.176293 -0.620127 0.074652
v 1.165826 -0.695335 0.122161
v 1.139310 -0.773067 0.157908
v 1.098075 -0.849423 0.180099
v 1.044187 -0.920575 0.187621
v 0.980350 -0.982955 0.180099
v 0.909764 -1.033436 0.157908
v 0.835969 -1.069485 0.122161
v 0.762665 -1.089295 0.074652
v 0.693528 -1.091873 0.017761
v 0.632025 -1.077090 -0.045657
v 0.581240 -1.045686 -0.112423
v 0.543719 -0.999237 -0.179189
v 0.521343 -0.940072 -0.242607
v 0.515236 -0.871157 -0.299498
v 0.525703 -0.795948 -0.347007
v 0.552219 -0.718217 -0.382754
v 0.593454 -0.641860 -0.404945
v 0.647341 -0.570708 -0.412467
v 0.711179 -0.508328 -0.404945
v 0.781764 -0.457848 -0.382754
v 0.855560 -0.421799 -0.347007
v 0.928863 -0.401988 -0.299498
v 0.998000 -0.399410 -0.242607
v 1.059504 -0.414194 -0.179189
v 1.126410 -0.412713 -0.108362
v 1.163734 -0.456605 -0.039780
v 1.186400 -0.513751 0.025363
v 1.193273 -0.581286 0.083801
v 1.184008 -0.655822 0.132603
v 1.159070 -0.733622 0.169321
v 1.119709 -0.810785 0.192116
v 1.067898 -0.883442 0.199843
v 1.006236 -0.947949 0.192116
v 0.937816 -1.001073 0.169321
v 0.866066 -1.040147 0.132603
v 0.794587 -1.063215 0.083801
v 0.726961 -1.069118 0.025363
v 0.666580 -1.057561 -0.039780
v 0.616471 -1.029124 -0.108362
v 0.579148 -0.985231 -0.176944
v 0.556481 -0.928085 -0.242087
v 0.549608 -0.860551 -0.300525
v 0.558873 -0.786015 -0.349327
v 0.583811 -0.708215 -0.386045
v 0.623173 -0.631052 -0.408840
v 0.674983 -0.558395 -0.416567
v 0.736645 -0.493887 -0.408840
v 0.805066 -0.440764 -0.386045
v 0.876815 -0.401689 -0.349327
v 0.948295 -0.378622 -0.300525
v 1.015921 -0.372719 -0.242087
v 1.076302 -0.384276 -0.176944
v 1.141456 -0.379175 -0.104194
v 1.178416 -0.420535 -0.033864
v 1.201228 -0.475671 0.032940
v 1.208750 -0.541816 0.092867
v 1.200604 -0.615655 0.142913
v 1.177198 -0.693484 0.180568
v 1.139707 -0.771401 0.203943
v 1.090010 -0.845499 0.211868
v 1.030600 -0.912062 0.203943
v 0.964454 -0.967752 0.180568
v 0.894891 -1.009778 0.142913
v 0.825398 -1.036031 0.092867
v 0.759460 -1.045195 0.032940
v 0.700384 -1.036811 -0.033864
v 0.651131 -1.011299 -0.104194
v 0.614172 -0.969938 -0.174525
v 0.591359 -0.914802 -0.241328
v 0.583837 -0.848657 -0.301256
v 0.591983 -0.774818 -0.351301
v 0.615389 -0.696989 -0.388956
v 0.652880 -0.619072 -0.412332
v 0.702577 -0.544975 -0.420256
v 0.761988 -0.478412 -0.412332
v 0.828133 -0.422721 -0.388956
v 0.897696 -0.380696 -0.351301
v 0.967189 -0.354443 -0.301256
v 1.033127 -0.345278 -0.241328
v 1.092204 -0.353663 -0.174525
v 1.155398 -0.345018 -0.099923
v 1.191829 -0.383883 -0.027914
v 1.214644 -0.437027 0.040484
v 1.222698 -0.501783 0.101842
v 1.215588 -0.574906 0.153082
v 1.193670 -0.652728 0.191636
v 1.158044 -0.731347 0.215570
v 1.110495 -0.806822 0.223683
v 1.053408 -0.875366 0.215570
v 0.989646 -0.933544 0.191636
v 0.922405 -0.978437 0.153082
v 0.855059 -1.007795 0.101842
v 0.790983 -1.020146 0.040484
v 0.733390 -1.014870 -0.027914
v 0.685169 -0.992232 -0.099923
v 0.648738 -0.953367 -0.171933
v 0.625923 -0.900223 -0.240331
v 0.617869 -0.835467 -0.301689
v 0.624979 -0.762344 -0.352929
v 0.646897 -0.684522 -0.391483
v 0.682523 -0.605903 -0.415417
v 0.730072 -0.530428 -0.423530
v 0.787159 -0.461884 -0.415417
v 0.850921 -0.403706 -0.391483
v 0.918161 -0.358813 -0.352929
v 0.985508 -0.329455 -0.301689
v 1.049584 -0.317104 -0.240331
v 1.107177 -0.322380 -0.171933
v 1.168205 -0.310282 -0.095554
v 1.203946 -0.346698 -0.021937
v 1.226622 -0.397877 0.047989
v 1.235094 -0.461253 0.110716
v 1.228938 -0.533648 0.163101
v 1.208463 -0.611432 0.202515
v 1.174694 -0.690704 0.226983
v 1.129326 -0.767489 0.235278
v 1.074634 -0.837938 0.226983
v 1.013360 -0.898517 0.202515
v 0.948576 -0.946189 0.163101
v 0.883531 -0.978563 0.110716
v 0.821486 -0.994016 0.047989
v 0.765554 -0.991773 -0.021937
v 0.718538 -0.971947 -0.095554
v 0.682796 -0.935531 -0.169171
v 0.660120 -0.884352 -0.239097
v 0.651648 -0.820976 -0.301825
v 0.657804 -0.748581 -0.354209
v 0.678280 -0.670797 -0.393624
v 0.712048 -0.591525 -0.418092
v 0.757416 -0.514739 -0.426386
v 0.812108 -0.444291 -0.418092
v 0.873383 -0.383712 -0.393624
v 0.938167 -0.336040 -0.354209
v 1.003212 -0.303666 -0.301825
v 1.065256 -0.288213 -0.239097
v 1.121189 -0.290456 -0.169171
v 1.179850 -0.275006 -0.091091
v 1.214745 -0.309029 -0.015938
v 1.237142 -0.358281 0.055446
v 1.245920 -0.420292 0.119481
v 1.240637 -0.491954 0.172958
v 1.221558 -0.569672 0.213195
v 1.189640 -0.649550 0.238173
v 1.146485 -0.727581 0.246641
v 1.094254 -0.799854 0.238173
v 1.035569 -0.862744 0.213195
v 0.973371 -0.913098 0.172958
v 0.910779 -0.948390 0.119481
v 0.850932 -0.966851 0.055446
v 0.796831 -0.967556 -0.015938
v 0.751188 -0.950468 -0.091091
v 0.716294 -0.916445 -0.166243
v 0.693896 -0.867193 -0.237627
v 0.685119 -0.805182 -0.301662
v 0.690402 -0.733520 -0.355139
v 0.709480 -0.655802 -0.395376
v 0.741398 -0.575925 -0.420354
v 0.784554 -0.497893 -0.428822
v 0.836784 -0.425620 -0.420354
v 0.895470 -0.362730 -0.395376
v 0.957668 -0.312376 -0.355139
v 1.020260 -0.277084 -0.301662
v 1.080107 -0.258623 -0.237627
v 1.134208 -0.257918 -0.166243
v 1.190308 -0.239231 -0.086537
v 1.224202 -0.270927 -0.009924
v 1.246186 -0.318299 0.062848
v 1.255159 -0.378970 0.128129
v 1.250669 -0.449898 0.182645
v 1.232942 -0.527527 0.223664
v 1.202867 -0.607965 0.249128
v 1.161952 -0.687177 0.257760
v 1.112249 -0.761191 0.249128
v 1.056250 -0.826297 0.223664
v 0.996763 -0.879229 0.182645
v 0.936771 -0.917334 0.128129
v 0.879282 -0.938700 0.062848
v 0.827179 -0.942256 -0.009924
v 0.783075 -0.927824 -0.086537
v 0.749180 -0.896128 -0.163150
v 0.727196 -0.848756 -0.235922
v 0.718224 -0.788085 -0.301203
v 0.722713 -0.717157 -0.355719
v 0.740440 -0.639528 -0.396738
v 0.770515 -0.559090 -0.422202
v 0.811430 -0.479878 -0.430834
v 0.861133 -0.405864 -0.422202
v 0.917132 -0.340758 -0.396738
v 0.976619 -0.287826 -0.355719
v 1.036611 -0.249721 -0.301203
v 1.094100 -0.228355 -0.235922
v 1.146203 -0.224799 -0.163150
v 1.199553 -0.202999 -0.081898
v 1.232298 -0.232445 -0.003899
v 1.253738 -0.277991 0.070188
v 1.262798 -0.337353 0.136649
v 1.259024 -0.407555 0.192152
v 1.242605 -0.485077 0.233912
v 1.214364 -0.566030 0.259836
v 1.175718 -0.646356 0.268625
v 1.128604 -0.722027 0.259836
v 1.075385 -0.789249 0.233912
v 1.018729 -0.844650 0.192152
v 0.961478 -0.885453 0.136649
v 0.906502 -0.909611 0.070188
v 0.856558 -0.915914 -0.003899
v 0.814150 -0.904044 -0.081898
v 0.781406 -0.874598 -0.159897
v 0.759966 -0.829052 -0.233984
v 0.750906 -0.769690 -0.300445
v 0.754680 -0.699488 -0.355948
v 0.771099 -0.621967 -0.397708
v 0.799340 -0.541013 -0.423632
v 0.837986 -0.460687 -0.432421
v 0.885100 -0.385016 -0.423632
v 0.938319 -0.317794 -0.397708
v 0.994975 -0.262393 -0.355948
v 1.052226 -0.221590 -0.300445
v 1.107202 -0.197432 -0.233984
v 1.157146 -0.191130 -0.159897
v 1.207564 -0.166354 -0.077178
v 1.239016 -0.193635 0.002129
v 1.259785 -0.237420 0.077459
v 1.268829 -0.295513 0.145035
v 1.265695 -0.365000 0.201468
v 1.250540 -0.442398 0.243929
v 1.224124 -0.523826 0.270288
v 1.187772 -0.605200 0.279224
v 1.143306 -0.682440 0.270288
v 1.092956 -0.751673 0.243929
v 1.039248 -0.809427 0.201468
v 0.984873 -0.852806 0.145035
v 0.932560 -0.879635 0.077459
v 0.884930 -0.888569 0.002129
v 0.844372 -0.879160 -0.077178
v 0.812920 -0.851879 -0.156485
v 0.792152 -0.808094 -0.231816
v 0.783108 -0.750001 -0.299392
v 0.786242 -0.680514 -0.355825
v 0.801397 -0.603116 -0.398286
v 0.827813 -0.521688 -0.424645
v 0.864165 -0.440314 -0.433581
v 0.908631 -0.363074 -0.424645
v 0.958980 -0.293841 -0.398286
v 1.012689 -0.236087 -0.355825
v 1.067063 -0.192708 -0.299392
v 1.119377 -0.165879 -0.231816
v 1.167007 -0.156945 -0.156485
v 1.214320 -0.129342 -0.072382
v 1.244341 -0.154553 0.008155
v 1.264316 -0.196648 0.084653
v 1.273245 -0.253516 0.153278
v 1.270678 -0.322307 0.210586
v 1.256745 -0.399571 0.253706
v 1.232145 -0.481433 0.280474
v 1.198111 -0.563788 0.289548
v 1.156349 -0.642507 0.280474
v 1.108954 -0.713643 0.253706
v 1.058303 -0.773628 0.210586
v 1.006934 -0.819454 0.153278
v 0.957425 -0.848824 0.084653
v 0.912258 -0.860266 0.008155
v 0.873696 -0.853204 -0.072382
v 0.843675 -0.827993 -0.152920
v 0.823700 -0.785898 -0.229418
v 0.814772 -0.729029 -0.298043
v 0.817338 -0.660238 -0.355351
v 0.831271 -0.582975 -0.398471
v 0.855871 -0.501113 -0.425239
v 0.889905 -0.418758 -0.434313
v 0.931667 -0.340039 -0.425239
v 0.979062 -0.268903 -0.398471
v 1.029713 -0.208918 -0.355351
v 1.081082 -0.163092 -0.298043
v 1.130591 -0.133721 -0.229418
v 1.175759 -0.122280 -0.152920
v 1.219800 -0.092008 -0.067515
v 1.248260 -0.115251 0.014173
v 1.267326 -0.155737 0.091764
v 1.276043 -0.211435 0.161369
v 1.273974 -0.279552 0.219497
v 1.261223 -0.356673 0.263232
v 1.238429 -0.438931 0.290383
v 1.206735 -0.522201 0.299587
v 1.167730 -0.602307 0.290383
v 1.123370 -0.675232 0.263232
v 1.075880 -0.737321 0.219497
v 1.027641 -0.785458 0.161369
v 0.981072 -0.817232 0.091764
v 0.938507 -0.831047 0.014173
v 0.902082 -0.826212 -0.067515
v 0.873623 -0.802969 -0.149203
v 0.854556 -0.762484 -0.226795
v 0.845839 -0.706786 -0.296399
v 0.847908 -0.638668 -0.354527
v 0.860659 -0.561547 -0.398262
v 0.883453 -0.479289 -0.425413
v 0.915147 -0.396020 -0.434617
v 0.954152 -0.315914 -0.425413
v 0.998512 -0.242988 -0.398262
v 1.046002 -0.180900 -0.354527
v 1.094241 -0.132762 -0.296399
v 1.140811 -0.100989 -0.226795
v 1.183375 -0.087173 -0.149203
v 1.223989 -0.054400 -0.062581
v 1.250762 -0.075787 0.020177
v 1.268809 -0.114750 0.098785
v 1.277225 -0.169337 0.169301
v 1.275588 -0.236809 0.228190
v 1.263979 -0.313783 0.272499
v 1.242982 -0.396400 0.300005
v 1.213648 -0.480517 0.309329
v 1.177449 -0.561916 0.300005
v 1.136201 -0.636515 0.272499
v 1.091970 -0.700574 0.228190
v 1.046976 -0.750880 0.169301
v 1.003474 -0.784910 0.098785
v 0.963646 -0.800959 0.020177
v 0.929489 -0.798222 -0.062581
v 0.902716 -0.776835 -0.145339
v 0.884669 -0.737872 -0.223947
v 0.876253 -0.683285 -0.294464
v 0.877890 -0.615813 -0.353353
v 0.889498 -0.538839 -0.397661
v 0.910496 -0.456222 -0.425167
v 0.939829 -0.372105 -0.434492
v 0.976028 -0.290706 -0.425167
v 1.017277 -0.216107 -0.397661
v 1.061507 -0.152048 -0.353353
v 1.106502 -0.101743 -0.294464
v 1.150004 -0.067712 -0.223947
v 1.189832 -0.051663 -0.145339
v 1.226870 -0.016567 -0.057585
v 1.251840 -0.036216 0.026161
v 1.268765 -0.073751 0.105708
v 1.276794 -0.127291 0.177066
v 1.275526 -0.194151 0.236659
v 1.265023 -0.270978 0.281496
v 1.245813 -0.353919 0.309331
v 1.218859 -0.438816 0.318767
v 1.185512 -0.521412 0.309331
v 1.147445 -0.597564 0.281496
v 1.106566 -0.663455 0.236659
v 1.064925 -0.715780 0.177066
v 1.024611 -0.751915 0.105708
v 0.987644 -0.770048 0.026161
v 0.955879 -0.769271 -0.057585
v 0.930908 -0.749622 -0.141332
v 0.913984 -0.712087 -0.220879
v 0.905955 -0.658547 -0.292237
v 0.907223 -0.591687 -0.351830
v 0.917725 -0.514860 -0.396667
v 0.936935 -0.431919 -0.424502
v 0.963890 -0.347022 -0.433938
v 0.997236 -0.264426 -0.424502
v 1.035304 -0.188274 -0.396667
v 1.076183 -0.122383 -0.351830
v 1.117823 -0.070058 -0.292237
v 1.158138 -0.033923 -0.220879
v 1.195104 -0.015789 -0.141332
v 1.228430 0.021444 -0.052533
v 1.251490 0.003406 0.032119
v 1.267195 -0.032803 0.112526
v 1.274758 -0.085368 0.184657
v 1.273800 -0.151652 0.244893
v 1.264369 -0.228334 0.290216
v 1.246938 -0.311566 0.318352
v 1.222380 -0.397175 0.327890
v 1.191928 -0.480870 0.318352
v 1.157107 -0.558452 0.290216
v 1.119665 -0.626032 0.244893
v 1.081479 -0.680220 0.184657
v 1.044463 -0.718301 0.112526
v 1.010474 -0.738363 0.032119
v 0.981216 -0.739401 -0.052533
v 0.958156 -0.721364 -0.137185
v 0.942451 -0.685155 -0.217592
v 0.934888 -0.632590 -0.289723
v 0.935846 -0.566305 -0.349959
v 0.945277 -0.489624 -0.395282
v 0.962708 -0.406392 -0.423418
v 0.987266 -0.320782 -0.432955
v 1.017718 -0.237088 -0.423418
v 1.052539 -0.159506 -0.395282
v 1.089981 -0.091926 -0.349959
v 1.128167 -0.037737 -0.289723
v 1.165183 0.000343 -0.217592
v 1.199172 0.020405 -0.137185
v 1.228658 0.059581 -0.047428
v 1.249707 0.043022 0.038046
v 1.264104 0.008033 0.119234
v 1.271128 -0.043633 0.192065
v 1.270426 -0.109385 0.252887
v 1.262034 -0.185925 0.298649
v 1.246373 -0.269416 0.327058
v 1.224227 -0.355671 0.336689
v 1.196708 -0.440364 0.327058
v 1.165194 -0.519250 0.298649
v 1.131268 -0.588372 0.252887
v 1.096628 -0.644264 0.192065
v 1.063014 -0.684123 0.119234
v 1.032110 -0.705951 0.038046
v 1.005465 -0.708654 -0.047428
v 0.984417 -0.692095 -0.132903
v 0.970019 -0.657106 -0.214091
v 0.962995 -0.605440 -0.286922
v 0.963697 -0.539688 -0.347744
v 0.972089 -0.463148 -0.393506
v 0.987751 -0.379657 -0.421915
v 1.009896 -0.293402 -0.431546
v 1.037416 -0.208708 -0.421915
v 1.068929 -0.129823 -0.393506
v 1.102856 -0.060701 -0.347744
v 1.137495 -0.004809 -0.286922
v 1.171109 0.035050 -0.214091
v 1.202014 0.056879 -0.132903
v 1.227545 0.097794 -0.042277
v 1.246491 0.082576 0.043935
v 1.259499 0.048693 0.125824
v 1.265916 -0.002156 0.199283
v 1.265422 -0.067420 0.260630
v 1.258039 -0.143827 0.306788
v 1.244140 -0.227545 0.335442
v 1.224420 -0.314378 0.345156
v 1.199869 -0.399969 0.335442
v 1.171717 -0.480029 0.306788
v 1.141377 -0.550541 0.260630
v 1.110369 -0.607971 0.199283
v 1.080250 -0.649438 0.125824
v 1.052527 -0.672863 0.043935
v 1.028593 -0.677072 -0.042277
v 1.009647 -0.661854 -0.128489
v 0.996639 -0.627971 -0.210378
v 0.990222 -0.577122 -0.283838
v 0.990717 -0.511858 -0.345185
v 0.998099 -0.435451 -0.391343
v 1.011999 -0.351733 -0.419997
v 1.031718 -0.264900 -0.429711
v 1.056270 -0.179309 -0.419997
v 1.084421 -0.099249 -0.391343
v 1.114761 -0.028737 -0.345185
v 1.145769 0.028693 -0.283838
v 1.175889 0.070160 -0.210378
v 1.203611 0.093585 -0.128489
v 1.225084 0.136032 -0.037084
v 1.241846 0.122009 0.049780
v 1.253391 0.089115 0.132289
v 1.259141 0.038999 0.206305
v 1.258809 -0.025827 0.268117
v 1.252409 -0.102110 0.314624
v 1.240264 -0.186027 0.343495
v 1.222983 -0.273369 0.353282
v 1.201431 -0.359757 0.343495
v 1.176690 -0.440858 0.314624
v 1.150001 -0.512606 0.268117
v 1.122700 -0.571403 0.206305
v 1.096159 -0.614302 0.132289
v 1.071706 -0.639149 0.049780
v 1.050570 -0.644701 -0.037084
v 1.033809 -0.630678 -0.123949
v 1.022263 -0.597784 -0.206458
v 1.016513 -0.547668 -0.280474
v 1.016845 -0.482842 -0.342285
v 1.023245 -0.406559 -0.388793
v 1.035390 -0.322642 -0.417664
v 1.052671 -0.235300 -0.427451
v 1.074223 -0.148912 -0.417664
v 1.098964 -0.067811 -0.388793
v 1.125654 0.003937 -0.342285
v 1.152954 0.062734 -0.280474
v 1.179495 0.105633 -0.206458
v 1.203948 0.130481 -0.123949
v 1.221271 0.174243 -0.031855
v 1.235775 0.161267 0.055577
v 1.245793 0.129238 0.138625
v 1.250823 0.079765 0.213124
v 1.250613 0.015326 0.275338
v 1.245173 -0.060846 0.322149
v 1.234776 -0.144933 0.351209
v 1.219943 -0.232717 0.361060
v 1.201419 -0.319796 0.351209
v 1.180131 -0.401805 0.322149
v 1.157148 -0.474631 0.275338
v 1.133622 -0.534622 0.213124
v 1.110733 -0.578770 0.138625
v 1.089628 -0.604861 0.055577
v 1.071366 -0.611587 -0.031855
v 1.056862 -0.598610 -0.119287
v 1.046844 -0.566582 -0.202334
v 1.041814 -0.517108 -0.276833
v 1.042024 -0.452670 -0.339048
v 1.047464 -0.376497 -0.385859
v 1.057861 -0.292411 -0.414919
v 1.072693 -0.204627 -0.424770
v 1.091218 -0.117548 -0.414919
v 1.112505 -0.035539 -0.385859
v 1.135488 0.037287 -0.339048
v 1.159014 0.097278 -0.276833
v 1.181903 0.141426 -0.202334
v 1.203008 0.167517 -0.119287
v 1.216102 0.212374 -0.026594
v 1.228286 0.200291 0.061319
v 1.236721 0.169003 0.144823
v 1.240984 0.120078 0.219732
v 1.240862 0.055971 0.282288
v 1.236361 -0.020103 0.329357
v 1.227706 -0.104332 0.358576
v 1.215332 -0.192490 0.368481
v 1.199858 -0.280157 0.358576
v 1.182061 -0.362937 0.329357
v 1.162834 -0.436679 0.282288
v 1.143140 -0.497686 0.219732
v 1.123967 -0.542899 0.144823
v 1.106276 -0.570049 0.061319
v 1.090954 -0.577776 -0.026594
v 1.078771 -0.565693 -0.114506
v 1.070336 -0.534404 -0.198011
v 1.066072 -0.485480 -0.272919
v 1.066194 -0.421373 -0.335476
v 1.070695 -0.345298 -0.382544
v 1.079350 -0.261070 -0.411764
v 1.091725 -0.172912 -0.421669
v 1.107198 -0.085245 -0.411764
v 1.124995 -0.002465 -0.382544
v 1.144222 0.071278 -0.335476
v 1.163917 0.132285 -0.272919
v 1.183090 0.177497 -0.198011
v 1.200781 0.204647 -0.114506
v 1.209578 0.250374 -0.021307
v 1.219388 0.239026 0.067000
v 1.226193 0.208348 0.150878
v 1.229651 0.159877 0.226123
v 1.229589 0.096045 0.288960
v 1.226009 0.020052 0.336239
v 1.219091 -0.064291 0.365589
v 1.209182 -0.152755 0.375539
v 1.196780 -0.240904 0.365589
v 1.182505 -0.324318 0.336239
v 1.167073 -0.398814 0.288960
v 1.151260 -0.460656 0.226123
v 1.135856 -0.506744 0.150878
v 1.121636 -0.534766 0.067000
v 1.109311 -0.543318 -0.021307
v 1.099500 -0.531970 -0.109613
v 1.092695 -0.501291 -0.193492
v 1.089237 -0.452821 -0.268736
v 1.089300 -0.388989 -0.331573
v 1.092880 -0.312996 -0.378852
v 1.099798 -0.228653 -0.408203
v 1.109706 -0.140189 -0.418153
v 1.122109 -0.052040 -0.408203
v 1.136384 0.031374 -0.378852
v 1.151815 0.105870 -0.331573
v 1.167629 0.167712 -0.268736
v 1.183032 0.213800 -0.193492
v 1.197253 0.241822 -0.109613
v 1.201700 0.288189 -0.015998
v 1.209095 0.277416 0.072615
v 1.214232 0.247215 0.156785
v 1.216853 0.199100 0.232291
v 1.216827 0.135484 0.295346
v 1.214154 0.059556 0.342790
v 1.208969 -0.024876 0.372242
v 1.201533 -0.113578 0.382226
v 1.192217 -0.202103 0.372242
v 1.181489 -0.286011 0.342790
v 1.169886 -0.361094 0.295346
v 1.157992 -0.423589 0.232291
v 1.146401 -0.470361 0.156785
v 1.135696 -0.499064 0.072615
v 1.126413 -0.508261 -0.015998
v 1.119018 -0.497488 -0.104612
v 1.113881 -0.467287 -0.188782
v 1.111260 -0.419172 -0.264288
v 1.111286 -0.355555 -0.327343
v 1.113959 -0.279627 -0.374787
v 1.119143 -0.195195 -0.404239
v 1.126580 -0.106493 -0.414223
v 1.135896 -0.017969 -0.404239
v 1.146624 0.065939 -0.374787
v 1.158226 0.141023 -0.327343
v 1.170121 0.203518 -0.264288
v 1.181712 0.250289 -0.188782
v 1.192417 0.278993 -0.104612
v 1.192473 0.325767 -0.010674
v 1.197421 0.315407 0.078158
v 1.200861 0.285548 0.162537
v 1.202622 0.237688 0.238229
v 1.202614 0.174227 0.301441
v 1.200838 0.098346 0.349002
v 1.197384 0.013851 0.378527
v 1.192423 -0.075021 0.388536
v 1.186206 -0.163814 0.378527
v 1.179043 -0.248076 0.349002
v 1.171295 -0.323581 0.301441
v 1.163349 -0.386543 0.238229
v 1.155604 -0.433805 0.162537
v 1.148448 -0.462996 0.078158
v 1.142240 -0.472655 -0.010674
v 1.137292 -0.462295 -0.099507
v 1.133852 -0.432436 -0.183885
v 1.132091 -0.384576 -0.259578
v 1.132099 -0.321115 -0.322790
v 1.133875 -0.245234 -0.370351
v 1.137329 -0.160739 -0.399876
v 1.142290 -0.071867 -0.409885
v 1.148507 0.016926 -0.399876
v 1.155670 0.101188 -0.370351
v 1.163418 0.176693 -0.322790
v 1.171364 0.239655 -0.259578
v 1.179109 0.286917 -0.183885
v 1.186265 0.316109 -0.099507
v 1.181903 0.363055 -0.005340
v 1.184383 0.352943 0.083625
v 1.186108 0.323291 0.168128
v 1.186992 0.275584 0.243933
v 1.186991 0.212216 0.307238
v 1.186105 0.136364 0.354870
v 1.184378 0.051832 0.384439
v 1.181897 -0.037143 0.394463
v 1.178786 -0.126097 0.384439
v 1.175202 -0.210571 0.354870
v 1.171323 -0.286329 0.307238
v 1.167346 -0.349572 0.243933
v 1.163468 -0.397129 0.168128
v 1.159884 -0.426615 0.083625
v 1.156775 -0.436551 -0.005340
v 1.154295 -0.426439 -0.094304
v 1.152570 -0.396786 -0.178808
v 1.151686 -0.349080 -0.254613
v 1.151687 -0.285712 -0.317918
v 1.152573 -0.209860 -0.365550
v 1.154300 -0.125328 -0.395119
v 1.156781 -0.036353 -0.405142
v 1.159891 0.052601 -0.395119
v 1.163476 0.137075 -0.365550
v 1.167354 0.212833 -0.317918
v 1.171332 0.276076 -0.254613
v 1.175210 0.323633 -0.178808
v 1.178794 0.353119 -0.094304
v 0.830000 0.400000 0.000000
v 0.830000 0.389971 -0.089008
v 0.830000 0.360388 -0.173553
v 0.830000 0.312733 -0.249396
v 0.830000 0.249396 -0.312733
v 0.830000 0.173553 -0.360388
v 0.830000 0.089008 -0.389971
v 0.830000 0.000000 -0.400000
v 0.830000 -0.089008 -0.389971
v 0.830000 -0.173553 -0.360388
v 0.830000 -0.249396 -0.312733
v 0.830000 -0.312733 -0.249396
v 0.830000 -0.360388 -0.173553
v 0.830000 -0.389971 -0.089008
v 0.830000 -0.400000 -0.000000
v 0.830000 -0.389971 0.089008
v 0.830000 -0.360388 0.173553
v 0.830000 -0.312733 0.249396
v 0.830000 -0.249396 0.312733
v 0.830000 -0.173553 0.360388
v 0.830000 -0.089008 0.389971
v 0.830000 -0.000000 0.400000
v 0.830000 0.089008 0.389971
v 0.830000 0.173553 0.360388
v 0.830000 0.249396 0.312733
v 0.830000 0.312733 0.249396
v 0.830000 0.360388 0.173553
v 0.830000 0.389971 0.089008
v 0.817110 0.425876 -0.005340
v 0.820219 0.415940 -0.094304
v 0.823803 0.386455 -0.178808
v 0.827681 0.338898 -0.254613
v 0.831659 0.275655 -0.317918
v 0.835537 0.199897 -0.365550
v 0.839122 0.115423 -0.395119
v 0.842232 0.026468 -0.405142
v 0.844713 -0.062506 -0.395119
v 0.846440 -0.147039 -0.365550
v 0.847326 -0.222891 -0.317918
v 0.847327 -0.286259 -0.254613
v 0.846443 -0.333965 -0.178808
v 0.844718 -0.363617 -0.094304
v 0.842239 -0.373729 -0.005340
v 0.839129 -0.363793 0.083625
v 0.835546 -0.334307 0.168128
v 0.831668 -0.286751 0.243933
v 0.827690 -0.223508 0.307238
v 0.823811 -0.147750 0.354870
v 0.820227 -0.063276 0.384439
v 0.817116 0.025679 0.394463
v 0.814635 0.114653 0.384439
v 0.812908 0.199186 0.354870
v 0.812022 0.275038 0.307238
v 0.812021 0.338406 0.243933
v 0.812905 0.386112 0.168128
v 0.814631 0.415764 0.083625
v 0.803581 0.451348 -0.010674
v 0.809788 0.441690 -0.099507
v 0.816944 0.412498 -0.183885
v 0.824689 0.365236 -0.259578
v 0.832635 0.302274 -0.322790
v 0.840384 0.226769 -0.370351
v 0.847546 0.142507 -0.399876
v 0.853764 0.053714 -0.409885
v 0.858724 -0.035158 -0.399876
v 0.862179 -0.119653 -0.370351
v 0.863955 -0.195534 -0.322790
v 0.863962 -0.258995 -0.259578
v 0.862202 -0.306855 -0.183885
v 0.858761 -0.336714 -0.099507
v 0.853813 -0.347073 -0.010674
v 0.847606 -0.337415 0.078158
v 0.840450 -0.308223 0.162537
v 0.832705 -0.260962 0.238229
v 0.824759 -0.198000 0.301441
v 0.817010 -0.122495 0.349002
v 0.809848 -0.038233 0.378527
v 0.803630 0.050560 0.388536
v 0.798670 0.139432 0.378527
v 0.795215 0.223927 0.349002
v 0.793439 0.299808 0.301441
v 0.793432 0.363269 0.238229
v 0.795192 0.411129 0.162537
v 0.798633 0.440988 0.078158
v 0.789424 0.476406 -0.015998
v 0.798707 0.467210 -0.104612
v 0.809412 0.438506 -0.188782
v 0.821003 0.391734 -0.264288
v 0.832897 0.329240 -0.327343
v 0.844500 0.254156 -0.374787
v 0.855228 0.170248 -0.404239
v 0.864544 0.081723 -0.414223
v 0.871981 -0.006979 -0.404239
v 0.877165 -0.091411 -0.374787
v 0.879838 -0.167339 -0.327343
v 0.879864 -0.230955 -0.264288
v 0.877243 -0.279070 -0.188782
v 0.872106 -0.309271 -0.104612
v 0.864711 -0.320044 -0.015998
v 0.855428 -0.310848 0.072615
v 0.844723 -0.282144 0.156785
v 0.833132 -0.235373 0.232291
v 0.821238 -0.172878 0.295346
v 0.809635 -0.097794 0.342790
v 0.798907 -0.013886 0.372242
v 0.789591 0.074638 0.382226
v 0.782154 0.163341 0.372242
v 0.776970 0.247772 0.342790
v 0.774297 0.323700 0.295346
v 0.774271 0.387317 0.232291
v 0.776892 0.435432 0.156785
v 0.782029 0.465633 0.072615
v 0.774652 0.501040 -0.021307
v 0.786977 0.492489 -0.109613
v 0.801197 0.464467 -0.193492
v 0.816600 0.418379 -0.268736
v 0.832414 0.356536 -0.331573
v 0.847845 0.282041 -0.378852
v 0.862120 0.198627 -0.408203
v 0.874523 0.110478 -0.418153
v 0.884432 0.022014 -0.408203
v 0.891350 -0.062329 -0.378852
v 0.894929 -0.138322 -0.331573
v 0.894992 -0.202154 -0.268736
v 0.891534 -0.250625 -0.193492
v 0.884729 -0.281303 -0.109613
v 0.874918 -0.292651 -0.021307
v 0.862594 -0.284100 0.067000
v 0.848373 -0.256077 0.150878
v 0.832970 -0.209990 0.226123
v 0.817156 -0.148147 0.288960
v 0.801725 -0.073652 0.336239
v 0.787450 0.009762 0.365589
v 0.775047 0.097911 0.375539
v 0.765138 0.186375 0.365589
v 0.758221 0.270718 0.336239
v 0.754641 0.346711 0.288960
v 0.754578 0.410544 0.226123
v 0.758036 0.459014 0.150878
v 0.764841 0.489693 0.067000
v 0.759275 0.525243 -0.026594
v 0.774596 0.517516 -0.114506
v 0.792287 0.490366 -0.198011
v 0.811460 0.445154 -0.272919
v 0.831154 0.384147 -0.335476
v 0.850382 0.310404 -0.382544
v 0.868178 0.227624 -0.411764
v 0.883652 0.139957 -0.421669
v 0.896026 0.051799 -0.411764
v 0.904681 -0.032429 -0.382544
v 0.909182 -0.108504 -0.335476
v 0.909304 -0.172611 -0.272919
v 0.905041 -0.221535 -0.198011
v 0.896606 -0.252824 -0.114506
v 0.884422 -0.264907 -0.026594
v 0.869101 -0.257180 0.061319
v 0.851410 -0.230030 0.144823
v 0.832237 -0.184817 0.219732
v 0.812543 -0.123811 0.282288
v 0.793315 -0.050068 0.329357
v 0.775519 0.032712 0.358576
v 0.760045 0.120379 0.368481
v 0.747671 0.208537 0.358576
v 0.739016 0.292765 0.329357
v 0.734515 0.368840 0.282288
v 0.734393 0.432947 0.219732
v 0.738656 0.481871 0.144823
v 0.747091 0.513160 0.061319
v 0.743304 0.549006 -0.031855
v 0.761566 0.542280 -0.119287
v 0.782671 0.516189 -0.202334
v 0.805560 0.472041 -0.276833
v 0.829086 0.412050 -0.339048
v 0.852069 0.339224 -0.385859
v 0.873357 0.257215 -0.414919
v 0.891881 0.170135 -0.424770
v 0.906714 0.082352 -0.414919
v 0.917111 -0.001735 -0.385859
v 0.922551 -0.077907 -0.339048
v 0.922761 -0.142346 -0.276833
v 0.917731 -0.191820 -0.202334
v 0.907713 -0.223848 -0.119287
v 0.893209 -0.236824 -0.031855
v 0.874946 -0.230098 0.055577
v 0.853841 -0.204007 0.138625
v 0.830952 -0.159859 0.213124
v 0.807426 -0.099868 0.275338
v 0.784443 -0.027042 0.322149
v 0.763156 0.054966 0.351209
v 0.744631 0.142046 0.361060
v 0.729799 0.229830 0.351209
v 0.719402 0.313916 0.322149
v 0.713962 0.390089 0.275338
v 0.713752 0.454527 0.213124
v 0.718782 0.504001 0.138625
v 0.728800 0.536029 0.055577
v 0.726749 0.572319 -0.037084
v 0.747886 0.566767 -0.123949
v 0.772338 0.541919 -0.206458
v 0.798880 0.499021 -0.280474
v 0.826180 0.440224 -0.342285
v 0.852870 0.368475 -0.388793
v 0.877611 0.287374 -0.417664
v 0.899162 0.200987 -0.427451
v 0.916444 0.113645 -0.417664
v 0.928589 0.029728 -0.388793
v 0.934988 -0.046556 -0.342285
v 0.935321 -0.111381 -0.280474
v 0.929570 -0.161497 -0.206458
v 0.918025 -0.194392 -0.123949
v 0.901264 -0.208415 -0.037084
v 0.880127 -0.202863 0.049780
v 0.855675 -0.178015 0.132289
v 0.829133 -0.135117 0.206305
v 0.801833 -0.076319 0.268117
v 0.775143 -0.004571 0.314624
v 0.750402 0.076530 0.343495
v 0.728851 0.162917 0.353282
v 0.711569 0.250259 0.343495
v 0.699424 0.334176 0.314624
v 0.693025 0.410460 0.268117
v 0.692692 0.475285 0.206305
v 0.698443 0.525401 0.132289
v 0.709988 0.558296 0.049780
v 0.709621 0.595174 -0.042277
v 0.733555 0.590965 -0.128489
v 0.761277 0.567540 -0.210378
v 0.791397 0.526073 -0.283838
v 0.822405 0.468643 -0.345185
v 0.852745 0.398131 -0.391343
v 0.880897 0.318071 -0.419997
v 0.905448 0.232479 -0.429711
v 0.925168 0.145647 -0.419997
v 0.939067 0.061929 -0.391343
v 0.946449 -0.014478 -0.345185
v 0.946944 -0.079742 -0.283838
v 0.940527 -0.130591 -0.210378
v 0.927519 -0.164474 -0.128489
v 0.908573 -0.179692 -0.042277
v 0.884639 -0.175484 0.043935
v 0.856917 -0.152058 0.125824
v 0.826797 -0.110591 0.199283
v 0.795789 -0.053161 0.260630
v 0.765449 0.017351 0.306788
v 0.737298 0.097410 0.335442
v 0.712746 0.183002 0.345156
v 0.693027 0.269834 0.335442
v 0.679127 0.353553 0.306788
v 0.671745 0.429960 0.260630
v 0.671250 0.495224 0.199283
v 0.677667 0.546072 0.125824
v 0.690675 0.579955 0.043935
v 0.691929 0.617563 -0.047428
v 0.718574 0.614861 -0.132903
v 0.749478 0.593032 -0.214091
v 0.783093 0.553173 -0.286922
v 0.817732 0.497281 -0.347744
v 0.851659 0.428159 -0.393506
v 0.883172 0.349274 -0.421915
v 0.910691 0.264580 -0.431546
v 0.932837 0.178325 -0.421915
v 0.948498 0.094835 -0.393506
v 0.956890 0.018294 -0.347744
v 0.957592 -0.047457 -0.286922
v 0.950568 -0.099123 -0.214091
v 0.936171 -0.134113 -0.132903
v 0.915122 -0.150672 -0.047428
v 0.888478 -0.147969 0.038046
v 0.857573 -0.126141 0.119234
v 0.823959 -0.086281 0.192065
v 0.789320 -0.030389 0.252887
v 0.755393 0.038732 0.298649
v 0.723880 0.117618 0.327058
v 0.696360 0.202311 0.336689
v 0.674215 0.288566 0.327058
v 0.658553 0.372057 0.298649
v 0.650161 0.448597 0.252887
v 0.649460 0.514349 0.192065
v 0.656484 0.566015 0.119234
v 0.670881 0.601005 0.038046
v 0.673683 0.639478 -0.052533
v 0.702941 0.638439 -0.137185
v 0.736930 0.618377 -0.217592
v 0.773946 0.580297 -0.289723
v 0.812132 0.526108 -0.349959
v 0.849574 0.458528 -0.395282
v 0.884395 0.380946 -0.423418
v 0.914847 0.297252 -0.432955
v 0.939405 0.211642 -0.423418
v 0.956836 0.128410 -0.395282
v 0.966267 0.051729 -0.349959
v 0.967225 -0.014556 -0.289723
v 0.959662 -0.067121 -0.217592
v 0.943957 -0.103330 -0.137185
v 0.920897 -0.121367 -0.052533
v 0.891639 -0.120329 0.032119
v 0.857650 -0.100267 0.112526
v 0.820634 -0.062186 0.184657
v 0.782448 -0.007998 0.244893
v 0.745006 0.059582 0.290216
v 0.710186 0.137164 0.318352
v 0.679733 0.220859 0.327890
v 0.655175 0.306468 0.318352
v 0.637744 0.389700 0.290216
v 0.628313 0.466382 0.244893
v 0.627355 0.532666 0.184657
v 0.634918 0.585231 0.112526
v 0.650623 0.621440 0.032119
v 0.654892 0.660909 -0.057585
v 0.686657 0.661686 -0.141332
v 0.723624 0.643553 -0.220879
v 0.763938 0.607417 -0.292237
v 0.805579 0.555093 -0.351830
v 0.846458 0.489202 -0.396667
v 0.884525 0.413050 -0.424502
v 0.917872 0.330454 -0.433938
v 0.944826 0.245557 -0.424502
v 0.964036 0.162616 -0.396667
v 0.974539 0.085789 -0.351830
v 0.975807 0.018929 -0.292237
v 0.967778 -0.034611 -0.220879
v 0.950853 -0.072146 -0.141332
v 0.925882 -0.091795 -0.057585
v 0.894117 -0.092573 0.026161
v 0.857150 -0.074439 0.105708
v 0.816836 -0.038304 0.177066
v 0.775195 0.014021 0.236659
v 0.734316 0.079912 0.281496
v 0.696249 0.156064 0.309331
v 0.662902 0.238660 0.318767
v 0.635948 0.323557 0.309331
v 0.616738 0.406498 0.281496
v 0.606236 0.483325 0.236659
v 0.604967 0.550184 0.177066
v 0.612997 0.603724 0.105708
v 0.629921 0.641260 0.026161
v 0.635564 0.681849 -0.062581
v 0.669721 0.684586 -0.145339
v 0.709549 0.668537 -0.223947
v 0.753051 0.634507 -0.294464
v 0.798045 0.584201 -0.353353
v 0.842276 0.520142 -0.397661
v 0.883525 0.445543 -0.425167
v 0.919724 0.364144 -0.434492
v 0.949057 0.280027 -0.425167
v 0.970055 0.197410 -0.397661
v 0.981663 0.120436 -0.353353
v 0.983300 0.052964 -0.294464
v 0.974884 -0.001623 -0.223947
v 0.956837 -0.040586 -0.145339
v 0.930064 -0.061973 -0.062581
v 0.895907 -0.064710 0.020177
v 0.856079 -0.048661 0.098785
v 0.812577 -0.014630 0.169301
v 0.767583 0.035675 0.228190
v 0.723352 0.099734 0.272499
v 0.682104 0.174333 0.300005
v 0.645905 0.255732 0.309329
v 0.616571 0.339849 0.300005
v 0.595574 0.422466 0.272499
v 0.583965 0.499440 0.228190
v 0.582328 0.566912 0.169301
v 0.590744 0.621499 0.098785
v 0.608791 0.660462 0.020177
v 0.615709 0.702287 -0.067515
v 0.652134 0.707122 -0.149203
v 0.694698 0.693307 -0.226795
v 0.741268 0.661534 -0.296399
v 0.789507 0.613396 -0.354527
v 0.836997 0.551308 -0.398262
v 0.881357 0.478382 -0.425413
v 0.920362 0.398276 -0.434617
v 0.952056 0.315006 -0.425413
v 0.974850 0.232749 -0.398262
v 0.987601 0.155627 -0.354527
v 0.989670 0.087510 -0.296399
v 0.980953 0.031812 -0.226795
v 0.961887 -0.008673 -0.149203
v 0.933427 -0.031916 -0.067515
v 0.897002 -0.036751 0.014173
v 0.854438 -0.022936 0.091764
v 0.807868 0.008837 0.161369
v 0.759629 0.056975 0.219497
v 0.712139 0.119063 0.263232
v 0.667779 0.191989 0.290383
v 0.628774 0.272095 0.299587
v 0.597080 0.355365 0.290383
v 0.574286 0.437622 0.263232
v 0.561535 0.514744 0.219497
v 0.559466 0.582861 0.161369
v 0.568183 0.638559 0.091764
v 0.587250 0.679044 0.014173
v 0.595334 0.722216 -0.072382
v 0.633895 0.729278 -0.152920
v 0.679063 0.717837 -0.229418
v 0.728572 0.688467 -0.298043
v 0.779941 0.642641 -0.355351
v 0.830592 0.582656 -0.398471
v 0.877987 0.511520 -0.425239
v 0.919749 0.432801 -0.434313
v 0.953783 0.350446 -0.425239
v 0.978383 0.268584 -0.398471
v 0.992316 0.191320 -0.355351
v 0.994883 0.122529 -0.298043
v 0.985954 0.065660 -0.229418
v 0.965979 0.023565 -0.152920
v 0.935958 -0.001645 -0.072382
v 0.897397 -0.008707 0.008155
v 0.852229 0.002734 0.084653
v 0.802720 0.032104 0.153278
v 0.751351 0.077931 0.210586
v 0.700700 0.137916 0.253706
v 0.653305 0.209051 0.280474
v 0.611543 0.287770 0.289548
v 0.577509 0.370126 0.280474
v 0.552909 0.451988 0.253706
v 0.538976 0.529251 0.210586
v 0.536410 0.598042 0.153278
v 0.545338 0.654911 0.084653
v 0.565313 0.697006 0.008155
v 0.574449 0.741627 -0.077178
v 0.615006 0.751036 -0.156485
v 0.662636 0.742102 -0.231816
v 0.714950 0.715273 -0.299392
v 0.769324 0.671894 -0.355825
v 0.823033 0.614140 -0.398286
v 0.873382 0.544907 -0.424645
v 0.917848 0.467667 -0.433581
v 0.954200 0.386293 -0.424645
v 0.980616 0.304865 -0.398286
v 0.995771 0.227467 -0.355825
v 0.998905 0.157980 -0.299392
v 0.989861 0.099887 -0.231816
v 0.969093 0.056102 -0.156485
v 0.937641 0.028821 -0.077178
v 0.897083 0.019412 0.002129
v 0.849453 0.028346 0.077459
v 0.797140 0.055175 0.145035
v 0.742765 0.098554 0.201468
v 0.689057 0.156308 0.243929
v 0.638707 0.225541 0.270288
v 0.594241 0.302781 0.279224
v 0.557889 0.384155 0.270288
v 0.531473 0.465583 0.243929
v 0.516318 0.542981 0.201468
v 0.513184 0.612468 0.145035
v 0.522228 0.670561 0.077459
v 0.542997 0.714346 0.002129
v 0.553060 0.760508 -0.081898
v 0.595467 0.772378 -0.159897
v 0.645411 0.766075 -0.233984
v 0.700387 0.741917 -0.300445
v 0.757638 0.701114 -0.355948
v 0.814294 0.645713 -0.397708
v 0.867513 0.578492 -0.423632
v 0.914627 0.502820 -0.432421
v 0.953273 0.422494 -0.423632
v 0.981514 0.341541 -0.397708
v 0.997933 0.264020 -0.355948
v 1.001707 0.193818 -0.300445
v 0.992647 0.134455 -0.233984
v 0.971208 0.088909 -0.159897
v 0.938463 0.059463 -0.081898
v 0.896055 0.047594 -0.003899
v 0.846111 0.053896 0.070188
v 0.791136 0.078055 0.136649
v 0.733884 0.118857 0.192152
v 0.677229 0.174259 0.233912
v 0.624010 0.241480 0.259836
v 0.576896 0.317151 0.268625
v 0.538250 0.397477 0.259836
v 0.510009 0.478431 0.233912
v 0.493590 0.555952 0.192152
v 0.489815 0.626154 0.136649
v 0.498875 0.685516 0.070188
v 0.520315 0.731062 -0.003899
v 0.531176 0.778852 -0.086537
v 0.575281 0.793284 -0.163150
v 0.627384 0.789728 -0.235922
v 0.684873 0.768362 -0.301203
v 0.744865 0.730257 -0.355719
v 0.804352 0.677325 -0.396738
v 0.860351 0.612219 -0.422202
v 0.910054 0.538205 -0.430834
v 0.950969 0.458993 -0.422202
v 0.981044 0.378555 -0.396738
v 0.998771 0.300926 -0.355719
v 1.003260 0.229998 -0.301203
v 0.994288 0.169326 -0.235922
v 0.972304 0.121955 -0.163150
v 0.938410 0.090259 -0.086537
v 0.894305 0.075827 -0.009924
v 0.842202 0.079383 0.062848
v 0.784713 0.100749 0.128129
v 0.724721 0.138854 0.182645
v 0.665234 0.191786 0.223664
v 0.609235 0.256892 0.249128
v 0.559532 0.330906 0.257760
v 0.518617 0.410118 0.249128
v 0.488542 0.490555 0.223664
v 0.470815 0.568185 0.182645
v 0.466325 0.639113 0.128129
v 0.475298 0.699784 0.062848
v 0.497282 0.747156 -0.009924
v 0.508806 0.796648 -0.091091
v 0.554448 0.813735 -0.166243
v 0.608549 0.813031 -0.237627
v 0.668396 0.794570 -0.301662
v 0.730988 0.759277 -0.355139
v 0.793186 0.708924 -0.395376
v 0.851872 0.646034 -0.420354
v 0.904102 0.573761 -0.428822
v 0.947258 0.495729 -0.420354
v 0.979176 0.415851 -0.395376
v 0.998254 0.338133 -0.355139
v 1.003537 0.266472 -0.301662
v 0.994760 0.204460 -0.237627
v 0.972362 0.155208 -0.166243
v 0.937467 0.121185 -0.091091
v 0.891825 0.104098 -0.015938
v 0.837724 0.104802 0.055446
v 0.777877 0.123263 0.119481
v 0.715285 0.158556 0.172958
v 0.653087 0.208909 0.213195
v 0.594402 0.271799 0.238173
v 0.542171 0.344072 0.246641
v 0.499015 0.422104 0.238173
v 0.467098 0.501982 0.213195
v 0.448019 0.579700 0.172958
v 0.442736 0.651361 0.119481
v 0.451513 0.713373 0.055446
v 0.473911 0.762625 -0.015938
v 0.485957 0.813885 -0.095554
v 0.532973 0.833711 -0.169171
v 0.588905 0.835954 -0.239097
v 0.650949 0.820501 -0.301825
v 0.715994 0.788127 -0.354209
v 0.780778 0.740455 -0.393624
v 0.842053 0.679876 -0.418092
v 0.896745 0.609427 -0.426386
v 0.942113 0.532642 -0.418092
v 0.975881 0.453370 -0.393624
v 0.996357 0.375586 -0.354209
v 1.002513 0.303191 -0.301825
v 0.994041 0.239815 -0.239097
v 0.971365 0.188636 -0.169171
v 0.935623 0.152220 -0.095554
v 0.888607 0.132394 -0.021937
v 0.832675 0.130151 0.047989
v 0.770631 0.145604 0.110716
v 0.705586 0.177978 0.163101
v 0.640802 0.225650 0.202515
v 0.579527 0.286229 0.226983
v 0.524835 0.356677 0.235278
v 0.479467 0.433463 0.226983
v 0.445699 0.512735 0.202515
v 0.425223 0.590519 0.163101
v 0.419067 0.662914 0.110716
v 0.427539 0.726290 0.047989
v 0.450215 0.777469 -0.021937
v 0.462636 0.830552 -0.099923
v 0.510857 0.853190 -0.171933
v 0.568450 0.858466 -0.240331
v 0.632526 0.846116 -0.301689
v 0.699872 0.816757 -0.352929
v 0.767113 0.771864 -0.391483
v 0.830875 0.713686 -0.415417
v 0.887962 0.645142 -0.423530
v 0.935511 0.569668 -0.415417
v 0.971137 0.491049 -0.391483
v 0.993055 0.413226 -0.352929
v 1.000165 0.340104 -0.301689
v 0.992111 0.275347 -0.240331
v 0.969296 0.222204 -0.171933
v 0.932865 0.183339 -0.099923
v 0.884644 0.160701 -0.027914
v 0.827051 0.155425 0.040484
v 0.762975 0.167775 0.101842
v 0.695629 0.197133 0.153082
v 0.628388 0.242027 0.191636
v 0.564626 0.300204 0.215570
v 0.507539 0.368749 0.223683
v 0.459990 0.444223 0.215570
v 0.424364 0.522842 0.191636
v 0.402446 0.600665 0.153082
v 0.395336 0.673787 0.101842
v 0.403390 0.738544 0.040484
v 0.426205 0.791687 -0.027914
v 0.438854 0.846639 -0.104194
v 0.488106 0.872152 -0.174525
v 0.547183 0.880536 -0.241328
v 0.613121 0.871372 -0.301256
v 0.682614 0.845119 -0.351301
v 0.752177 0.803093 -0.388956
v 0.818322 0.747403 -0.412332
v 0.877733 0.680840 -0.420256
v 0.927430 0.606742 -0.412332
v 0.964921 0.528825 -0.388956
v 0.988327 0.450996 -0.351301
v 0.996473 0.377157 -0.301256
v 0.988951 0.311012 -0.241328
v 0.966138 0.255876 -0.174525
v 0.929179 0.214515 -0.104194
v 0.879926 0.189003 -0.033864
v 0.820850 0.180619 0.032940
v 0.754912 0.189783 0.092867
v 0.685419 0.216036 0.142913
v 0.615856 0.258062 0.180568
v 0.549710 0.313752 0.203943
v 0.490300 0.380315 0.211868
v 0.440603 0.454413 0.203943
v 0.403112 0.532330 0.180568
v 0.379706 0.610159 0.142913
v 0.371560 0.683998 0.092867
v 0.379082 0.750143 0.032940
v 0.401894 0.805279 -0.033864
v 0.414616 0.862135 -0.108362
v 0.464725 0.890572 -0.176944
v 0.525106 0.902129 -0.242087
v 0.592732 0.896226 -0.300525
v 0.664212 0.873159 -0.349327
v 0.735961 0.834084 -0.386045
v 0.804382 0.780961 -0.408840
v 0.866043 0.716453 -0.416567
v 0.917854 0.643796 -0.408840
v 0.957215 0.566633 -0.386045
v 0.982153 0.488833 -0.349327
v 0.991418 0.414297 -0.300525
v 0.984545 0.346763 -0.242087
v 0.961879 0.289617 -0.176944
v 0.924555 0.245724 -0.108362
v 0.874447 0.217287 -0.039780
v 0.814066 0.205730 0.025363
v 0.746440 0.211633 0.083801
v 0.674960 0.234701 0.132603
v 0.603211 0.273775 0.169321
v 0.534790 0.326899 0.192116
v 0.473128 0.391406 0.199843
v 0.421318 0.464063 0.192116
v 0.381957 0.541226 0.169321
v 0.357018 0.619026 0.132603
v 0.347753 0.693562 0.083801
v 0.354626 0.761097 0.025363
v 0.377293 0.818243 -0.039780
v 0.389933 0.877027 -0.112423
v 0.440718 0.908430 -0.179189
v 0.502222 0.923214 -0.242607
v 0.571359 0.920635 -0.299498
v 0.644663 0.900825 -0.347007
v 0.718458 0.864776 -0.382754
v 0.789044 0.814296 -0.404945
v 0.852881 0.751915 -0.412467
v 0.906768 0.680763 -0.404945
v 0.948004 0.604407 -0.382754
v 0.974520 0.526676 -0.347007
v 0.984986 0.451467 -0.299498
v 0.978879 0.382552 -0.242607
v 0.956504 0.323387 -0.179189
v 0.918982 0.276938 -0.112423
v 0.868197 0.245534 -0.045657
v 0.806694 0.230751 0.017761
v 0.737557 0.233329 0.074652
v 0.664253 0.253139 0.122161
v 0.590458 0.289188 0.157908
v 0.519872 0.339669 0.180099
v 0.456035 0.402049 0.187621
v 0.402147 0.473201 0.180099
v 0.360912 0.549557 0.157908
v 0.334396 0.627288 0.122161
v 0.323929 0.702497 0.074652
v 0.330037 0.771412 0.017761
v 0.352412 0.830577 -0.045657
v 0.364813 0.891302 -0.116373
v 0.416094 0.925701 -0.181257
v 0.478535 0.943754 -0.242888
v 0.549003 0.944555 -0.298175
v 0.623966 0.928065 -0.344345
v 0.699664 0.895109 -0.379084
v 0.772302 0.847341 -0.400650
v 0.838237 0.787157 -0.407960
v 0.894163 0.717573 -0.400650
v 0.937275 0.642079 -0.379084
v 0.965412 0.564461 -0.344345
v 0.977164 0.488611 -0.298175
v 0.971939 0.418332 -0.242888
v 0.950001 0.357148 -0.181257
v 0.912450 0.308127 -0.116373
v 0.861169 0.273728 -0.051489
v 0.798728 0.255676 0.010142
v 0.728260 0.254874 0.065429
v 0.653297 0.271365 0.111599
v 0.577599 0.304320 0.146338
v 0.504961 0.352088 0.167904
v 0.439026 0.412273 0.175214
v 0.383100 0.481857 0.167904
v 0.339988 0.557351 0.146338
v 0.311850 0.634969 0.111599
v 0.300099 0.710819 0.065429
v 0.305324 0.781098 0.010142
v 0.327261 0.842282 -0.051489
v 0.339264 0.904949 -0.120208
v 0.390860 0.942362 -0.183147
v 0.454051 0.963716 -0.242929
v 0.525669 0.967940 -0.296558
v 0.602124 0.954823 -0.341343
v 0.679580 0.925021 -0.375041
v 0.754154 0.880031 -0.395959
v 0.822107 0.822107 -0.403051
v 0.880031 0.754154 -0.395959
v 0.925021 0.679580 -0.375041
v 0.954823 0.602124 -0.341343
v 0.967940 0.525669 -0.296558
v 0.963716 0.454051 -0.242929
v 0.942362 0.390860 -0.183147
v 0.904949 0.339264 -0.120208
v 0.853354 0.301851 -0.057270
v 0.790163 0.280498 0.002513
v 0.718544 0.276273 0.056141
v 0.642090 0.289391 0.100927
v 0.564634 0.319192 0.134624
v 0.490060 0.364183 0.155543
v 0.422107 0.422107 0.162635
v 0.364183 0.490060 0.155543
v 0.319192 0.564634 0.134624
v 0.289391 0.642090 0.100927
v 0.276273 0.718544 0.056141
v 0.280498 0.790163 0.002513
v 0.301851 0.853354 -0.057270
v 0.313297 0.917955 -0.123925
v 0.365024 0.958389 -0.184855
v 0.428779 0.983064 -0.242730
v 0.501364 0.990744 -0.294648
v 0.579140 0.981044 -0.338005
v 0.658207 0.954450 -0.370627
v 0.734601 0.912296 -0.390878
v 0.804490 0.856694 -0.397744
v 0.864369 0.790435 -0.390878
v 0.911238 0.716839 -0.370627
v 0.942744 0.639598 -0.338005
v 0.957308 0.562584 -0.294648
v 0.954201 0.489660 -0.242730
v 0.933577 0.424481 -0.184855
v 0.896472 0.370318 -0.123925
v 0.844745 0.329884 -0.062994
v 0.780990 0.305209 -0.005119
v 0.708405 0.297528 0.046799
v 0.630628 0.307228 0.090156
v 0.551561 0.333823 0.122778
v 0.475168 0.375977 0.143029
v 0.405279 0.431578 0.149894
v 0.345399 0.497838 0.143029
v 0.298531 0.571434 0.122778
v 0.267025 0.648675 0.090156
v 0.252460 0.725689 0.046799
v 0.255568 0.798613 -0.005119
v 0.276191 0.863791 -0.062994
v 0.286921 0.930306 -0.127519
v 0.338597 0.973756 -0.186381
v 0.402727 1.001763 -0.242292
v 0.476096 1.012922 -0.292447
v 0.555024 1.006674 -0.334333
v 0.635554 0.983332 -0.365847
v 0.713647 0.944067 -0.385411
v 0.785388 0.890848 -0.392044
v 0.847179 0.826343 -0.385411
v 0.895922 0.753786 -0.365847
v 0.929173 0.676817 -0.334333
v 0.945264 0.599294 -0.292447
v 0.943388 0.525106 -0.242292
v 0.923640 0.457971 -0.186381
v 0.887010 0.401257 -0.127519
v 0.835334 0.357807 -0.068657
v 0.771203 0.329800 -0.012746
v 0.697835 0.318641 0.037410
v 0.618907 0.324889 0.079295
v 0.538377 0.348230 0.110810
v 0.460283 0.387495 0.130374
v 0.388542 0.440715 0.137006
v 0.326751 0.505220 0.130374
v 0.278008 0.577776 0.110810
v 0.244757 0.654746 0.079295
v 0.228666 0.732268 0.037410
v 0.230542 0.806457 -0.012746
v 0.250290 0.873592 -0.068657
v 0.260146 0.941988 -0.130987
v 0.311589 0.988439 -0.187723
v 0.375908 1.019776 -0.241614
v 0.449876 1.034426 -0.289958
v 0.529785 1.031656 -0.330331
v 0.611628 1.011605 -0.360707
v 0.691301 0.975277 -0.379564
v 0.764809 0.924495 -0.385957
v 0.828465 0.861805 -0.379564
v 0.879079 0.790350 -0.360707
v 0.914111 0.713714 -0.330331
v 0.931805 0.635740 -0.289958
v 0.931274 0.560336 -0.241614
v 0.912545 0.491285 -0.187723
v 0.876557 0.432049 -0.130987
v 0.825113 0.385598 -0.074251
v 0.760795 0.354262 -0.020360
v 0.686827 0.339612 0.027984
v 0.606918 0.342381 0.068356
v 0.525075 0.362433 0.098732
v 0.445402 0.398761 0.117590
v 0.371894 0.449543 0.123982
v 0.308237 0.512233 0.117590
v 0.257624 0.583687 0.098732
v 0.222592 0.660323 0.068356
v 0.204898 0.738298 0.027984
v 0.205428 0.813701 -0.020360
v 0.224158 0.882752 -0.074251
v 0.232984 0.952988 -0.134326
v 0.284014 1.002413 -0.188880
v 0.348334 1.037067 -0.240699
v 0.422719 1.055211 -0.287183
v 0.503438 1.055935 -0.326002
v 0.586444 1.039204 -0.355210
v 0.667575 1.005856 -0.373342
v 0.742762 0.957563 -0.379489
v 0.808236 0.896748 -0.373342
v 0.860713 0.826459 -0.355210
v 0.897561 0.750222 -0.326002
v 0.916933 0.671859 -0.287183
v 0.917858 0.595299 -0.240699
v 0.900289 0.524381 -0.188880
v 0.865108 0.462663 -0.134326
v 0.814077 0.413237 -0.079772
v 0.749757 0.378584 -0.027954
v 0.675373 0.360440 0.018530
v 0.594653 0.359716 0.057350
v 0.511647 0.376447 0.086558
v 0.430516 0.409795 0.104690
v 0.355329 0.458087 0.110836
v 0.289856 0.518903 0.104690
v 0.237379 0.589191 0.086558
v 0.200530 0.665429 0.057350
v 0.181158 0.743792 0.018530
v 0.180233 0.820352 -0.027954
v 0.197802 0.891270 -0.079772
v 0.205445 0.963291 -0.137533
v 0.255884 1.015653 -0.189851
v 0.320022 1.053600 -0.239545
v 0.394641 1.075229 -0.284124
v 0.475999 1.079455 -0.321352
v 0.560018 1.066066 -0.349363
v 0.642485 1.035734 -0.366752
v 0.719263 0.989981 -0.372647
v 0.786503 0.931099 -0.366752
v 0.840834 0.862042 -0.349363
v 0.879530 0.786272 -0.321352
v 0.900652 0.707589 -0.284124
v 0.903141 0.629939 -0.239545
v 0.886871 0.557215 -0.189851
v 0.852658 0.493063 -0.137533
v 0.802219 0.440701 -0.085215
v 0.738082 0.402754 -0.035521
v 0.663463 0.381126 0.009058
v 0.582104 0.376900 0.046287
v 0.498085 0.390288 0.074298
v 0.415619 0.420620 0.091686
v 0.338840 0.466374 0.097581
v 0.271600 0.525256 0.091686
v 0.217270 0.594313 0.074298
v 0.178573 0.670082 0.046287
v 0.157451 0.748765 0.009058
v 0.154962 0.826415 -0.035521
v 0.171232 0.899140 -0.085215
v 0.177542 0.972883 -0.140604
v 0.227215 1.028133 -0.190634
v 0.290987 1.069339 -0.238155
v 0.365660 1.094434 -0.280785
v 0.447489 1.102159 -0.316385
v 0.532371 1.092129 -0.343172
v 0.616050 1.064844 -0.359800
v 0.694329 1.021674 -0.365437
v 0.763284 0.964784 -0.359800
v 0.819457 0.897026 -0.343172
v 0.860030 0.821797 -0.316385
v 0.882970 0.742870 -0.280785
v 0.887126 0.664203 -0.238155
v 0.872290 0.589741 -0.190634
v 0.839206 0.523216 -0.140604
v 0.789533 0.467966 -0.090574
v 0.725761 0.426760 -0.043052
v 0.651088 0.401665 -0.000422
v 0.569259 0.393940 0.035178
v 0.484377 0.403971 0.061964
v 0.400698 0.431255 0.078593
v 0.322419 0.474425 0.084230
v 0.253464 0.531315 0.078593
v 0.197291 0.599074 0.061964
v 0.156718 0.674302 0.035178
v 0.133778 0.753229 -0.000422
v 0.129621 0.831896 -0.043052
v 0.144457 0.906359 -0.090574
v 0.149287 0.981748 -0.143536
v 0.198023 1.039828 -0.191229
v 0.261251 1.084247 -0.236530
v 0.335799 1.112780 -0.277169
v 0.417931 1.123994 -0.311106
v 0.503526 1.117329 -0.336641
v 0.588294 1.093117 -0.352493
v 0.667983 1.052573 -0.357866
v 0.738599 0.997731 -0.352493
v 0.796598 0.931340 -0.336641
v 0.839074 0.856728 -0.311106
v 0.863897 0.777639 -0.277169
v 0.869821 0.698037 -0.236530
v 0.856550 0.621914 -0.191229
v 0.824749 0.553087 -0.143536
v 0.776013 0.495007 -0.095843
v 0.712785 0.450588 -0.050541
v 0.638237 0.422055 -0.009903
v 0.556106 0.410841 0.024035
v 0.470510 0.417506 0.049570
v 0.385742 0.441718 0.065421
v 0.306053 0.482262 0.070795
v 0.235438 0.537104 0.065421
v 0.177438 0.603496 0.049570
v 0.134962 0.678107 0.024035
v 0.110139 0.757196 -0.009903
v 0.104215 0.836798 -0.050541
v 0.117486 0.912921 -0.095843
v 0.120694 0.989873 -0.146326
v 0.168325 1.050712 -0.191635
v 0.230833 1.098290 -0.234672
v 0.305082 1.130221 -0.273279
v 0.387350 1.144905 -0.305520
v 0.473511 1.141605 -0.329778
v 0.559244 1.120486 -0.344838
v 0.640252 1.082607 -0.349943
v 0.712471 1.029868 -0.344838
v 0.772280 0.964913 -0.329778
v 0.816681 0.890999 -0.305520
v 0.843446 0.811834 -0.273279
v 0.851234 0.731386 -0.234672
v 0.839654 0.653689 -0.191635
v 0.809287 0.582639 -0.146326
v 0.761656 0.521800 -0.101017
v 0.699148 0.474222 -0.057980
v 0.624899 0.442290 -0.019373
v 0.542631 0.427607 0.012868
v 0.456470 0.430907 0.037126
v 0.370737 0.452026 0.052185
v 0.289729 0.489905 0.057290
v 0.217510 0.542644 0.052185
v 0.157701 0.607599 0.037126
v 0.113300 0.681512 0.012868
v 0.086535 0.760678 -0.019373
v 0.078747 0.841126 -0.057980
v 0.090327 0.918823 -0.101017
v 0.091776 0.997240 -0.148972
v 0.138141 1.060760 -0.191852
v 0.199757 1.111431 -0.232582
v 0.273535 1.146713 -0.269120
v 0.355776 1.164838 -0.299632
v 0.442355 1.164895 -0.322590
v 0.528932 1.146883 -0.336842
v 0.611165 1.111704 -0.341674
v 0.684929 1.061123 -0.336842
v 0.746528 0.997675 -0.322590
v 0.792871 0.924543 -0.299632
v 0.821635 0.845393 -0.269120
v 0.831377 0.764195 -0.232582
v 0.821609 0.685019 -0.191852
v 0.792822 0.611837 -0.148972
v 0.746457 0.548318 -0.106092
v 0.684841 0.497647 -0.065362
v 0.611063 0.462364 -0.028825
v 0.528822 0.444240 0.001688
v 0.442242 0.444182 0.024646
v 0.355666 0.462195 0.038898
v 0.273433 0.497373 0.043729
v 0.199669 0.547955 0.038898
v 0.138070 0.611402 0.024646
v 0.091727 0.684535 0.001688
v 0.062963 0.763684 -0.028825
v 0.053221 0.844883 -0.065362
v 0.062988 0.924058 -0.106092
v 0.062550 1.003836 -0.151471
v 0.107490 1.069946 -0.191880
v 0.168048 1.123635 -0.230263
v 0.241188 1.162211 -0.264694
v 0.323242 1.183740 -0.293449
v 0.410095 1.187141 -0.315084
v 0.497392 1.172244 -0.328514
v 0.580756 1.139797 -0.333067
v 0.656006 1.091426 -0.328514
v 0.719369 1.029557 -0.315084
v 0.767669 0.957293 -0.293449
v 0.798482 0.878256 -0.264694
v 0.810264 0.796410 -0.230263
v 0.802424 0.715860 -0.191880
v 0.775355 0.640644 -0.151471
v 0.730414 0.574534 -0.111062
v 0.669856 0.520845 -0.072679
v 0.596716 0.482269 -0.038248
v 0.514663 0.460741 -0.009493
v 0.427810 0.457339 0.012141
v 0.340513 0.472236 0.025572
v 0.257149 0.504683 0.030125
v 0.181899 0.553054 0.025572
v 0.118535 0.614923 0.012141
v 0.070236 0.687187 -0.009493
v 0.039423 0.766224 -0.038248
v 0.027641 0.848070 -0.072679
v 0.035481 0.928620 -0.111062
v 0.033030 1.009645 -0.153821
v 0.076395 1.078247 -0.191719
v 0.135735 1.134869 -0.227716
v 0.208073 1.176672 -0.260008
v 0.289782 1.201559 -0.286976
v 0.376766 1.208283 -0.307266
v 0.464662 1.196505 -0.319862
v 0.549063 1.166818 -0.324132
v 0.625736 1.120710 -0.319862
v 0.690838 1.060492 -0.307266
v 0.741103 0.989184 -0.286976
v 0.774011 0.910362 -0.260008
v 0.787911 0.827978 -0.227716
v 0.782108 0.746164 -0.191719
v 0.756891 0.669022 -0.153821
v 0.713526 0.600420 -0.115923
v 0.654186 0.543798 -0.079925
v 0.581848 0.501995 -0.047633
v 0.500138 0.477108 -0.020666
v 0.413155 0.470384 -0.000375
v 0.325259 0.482161 0.012221
v 0.240858 0.511849 0.016491
v 0.164184 0.557957 0.012221
v 0.099083 0.618175 -0.000375
v 0.048818 0.689483 -0.020666
v 0.015910 0.768305 -0.047633
v 0.002009 0.850689 -0.079925
v 0.007813 0.932503 -0.115923
v 0.003233 1.014651 -0.156018
v 0.044879 1.085638 -0.191368
v 0.102845 1.145099 -0.224945
v 0.174224 1.190053 -0.255065
v 0.255436 1.218246 -0.280219
v 0.342410 1.228264 -0.299145
v 0.430785 1.219604 -0.310895
v 0.516128 1.192702 -0.314877
v 0.594161 1.148905 -0.310895
v 0.660970 1.090411 -0.299145
v 0.713205 1.020152 -0.280219
v 0.748247 0.941651 -0.255065
v 0.764339 0.858845 -0.224945
v 0.760674 0.775885 -0.191368
v 0.737436 0.696933 -0.156018
v 0.695790 0.625947 -0.120669
v 0.637824 0.566486 -0.087092
v 0.566445 0.521532 -0.056971
v 0.485233 0.493339 -0.031817
v 0.398258 0.483321 -0.012891
v 0.309884 0.491980 -0.001142
v 0.224541 0.518883 0.002841
v 0.146508 0.562679 -0.001142
v 0.079699 0.621174 -0.012891
v 0.027464 0.691433 -0.031817
v -0.007578 0.769934 -0.056971
v -0.023670 0.852740 -0.087092
v -0.020006 0.935699 -0.120669
v -0.026824 1.018840 -0.158062
v 0.012966 1.092094 -0.190828
v 0.069410 1.154292 -0.221951
v 0.139677 1.202313 -0.249871
v 0.220245 1.233751 -0.273187
v 0.307072 1.247029 -0.290730
v 0.395806 1.241480 -0.301620
v 0.481996 1.217384 -0.305312
v 0.561322 1.175948 -0.301620
v 0.629804 1.119250 -0.290730
v 0.684009 1.050134 -0.273187
v 0.721220 0.972064 -0.249871
v 0.739570 0.888957 -0.221951
v 0.738138 0.804978 -0.190828
v 0.716997 0.724340 -0.158062
v 0.677208 0.651086 -0.125296
v 0.620764 0.588888 -0.094173
v 0.550497 0.540867 -0.066253
v 0.469929 0.509429 -0.042937
v 0.383102 0.496151 -0.025394
v 0.294368 0.501700 -0.014504
v 0.208177 0.525796 -0.010812
v 0.128852 0.567232 -0.014504
v 0.060370 0.623930 -0.025394
v 0.006164 0.693046 -0.042937
v -0.031046 0.771116 -0.066253
v -0.049396 0.854223 -0.094173
v -0.047964 0.938202 -0.125296
v -0.057121 1.022195 -0.159950
v -0.019317 1.097593 -0.190100
v 0.035463 1.162416 -0.218739
v 0.104473 1.213414 -0.244430
v 0.184251 1.248028 -0.265884
v 0.270798 1.264524 -0.282027
v 0.359774 1.262075 -0.292048
v 0.446716 1.240802 -0.295445
v 0.527266 1.201774 -0.292048
v 0.597385 1.146946 -0.282027
v 0.653555 1.079068 -0.265884
v 0.692961 1.001545 -0.244430
v 0.713627 0.918262 -0.218739
v 0.714516 0.833397 -0.190100
v 0.695584 0.751205 -0.159950
v 0.657780 0.675806 -0.129799
v 0.603000 0.610983 -0.101161
v 0.533990 0.559986 -0.075470
v 0.454212 0.525371 -0.054015
v 0.367665 0.508875 -0.037873
v 0.278689 0.511325 -0.027852
v 0.191747 0.532597 -0.024455
v 0.111197 0.571626 -0.027852
v 0.041079 0.626453 -0.037873
v -0.015092 0.694331 -0.054015
v -0.054498 0.771855 -0.075470
v -0.075164 0.855137 -0.101161
v -0.076053 0.940002 -0.129799
v -0.087639 1.024702 -0.161680
v -0.051942 1.102111 -0.189185
v 0.001041 1.169441 -0.215311
v 0.068653 1.223315 -0.238747
v 0.147504 1.261032 -0.258319
v 0.233639 1.280699 -0.273045
v 0.322741 1.281332 -0.282187
v 0.410340 1.262898 -0.285286
v 0.492045 1.226322 -0.282187
v 0.563758 1.173437 -0.273045
v 0.621883 1.106896 -0.258319
v 0.663505 1.030036 -0.238747
v 0.686538 0.946710 -0.215311
v 0.689827 0.861096 -0.189185
v 0.673206 0.777488 -0.161680
v 0.637509 0.700078 -0.134175
v 0.584526 0.632748 -0.108049
v 0.516914 0.578874 -0.084612
v 0.438063 0.541158 -0.065040
v 0.351927 0.521490 -0.050314
v 0.262826 0.520857 -0.041172
v 0.175226 0.539291 -0.038073
v 0.093522 0.575868 -0.041172
v 0.021809 0.628752 -0.050314
v -0.036316 0.695293 -0.065040
v -0.077939 0.772154 -0.084612
v -0.100972 0.855480 -0.108049
v -0.104260 0.941094 -0.134175
v -0.118358 1.026345 -0.163250
v -0.084881 1.105627 -0.188082
v -0.033822 1.175338 -0.211670
v 0.032260 1.231982 -0.232829
v 0.110051 1.272718 -0.250500
v 0.195649 1.295505 -0.263795
v 0.284763 1.299198 -0.272048
v 0.372924 1.283614 -0.274846
v 0.455712 1.249533 -0.272048
v 0.528974 1.198665 -0.263795
v 0.589038 1.133560 -0.250500
v 0.632891 1.057483 -0.232829
v 0.658334 0.974248 -0.211670
v 0.664092 0.888030 -0.188082
v 0.649876 0.803152 -0.163250
v 0.616399 0.723870 -0.138417
v 0.565340 0.654159 -0.114830
v 0.499258 0.597515 -0.093671
v 0.421467 0.556778 -0.076000
v 0.335869 0.533992 -0.062705
v 0.246755 0.530299 -0.054451
v 0.158594 0.545883 -0.051653
v 0.075806 0.579964 -0.054451
v 0.002544 0.630832 -0.062705
v -0.057520 0.695937 -0.076000
v -0.101373 0.772014 -0.093671
v -0.126816 0.855249 -0.114830
v -0.132574 0.941467 -0.138417
v -0.149257 1.027110 -0.164659
v -0.118103 1.108119 -0.186795
v -0.069084 1.180079 -0.207820
v -0.004658 1.239379 -0.226681
v 0.071945 1.283047 -0.242433
v 0.156884 1.308894 -0.254284
v 0.245899 1.315622 -0.261641
v 0.334527 1.302895 -0.264135
v 0.418323 1.271351 -0.261641
v 0.493086 1.222572 -0.254284
v 0.555067 1.159003 -0.242433
v 0.601157 1.083832 -0.226681
v 0.629046 1.000829 -0.207820
v 0.637336 0.914156 -0.186795
v 0.625609 0.828158 -0.164659
v 0.594455 0.747149 -0.142524
v 0.545436 0.675190 -0.121498
v 0.481010 0.615889 -0.102637
v 0.404407 0.572221 -0.086886
v 0.319468 0.546374 -0.075034
v 0.230453 0.539646 -0.067677
v 0.141825 0.552373 -0.065183
v 0.058029 0.583917 -0.067677
v -0.016734 0.632696 -0.075034
v -0.078715 0.696265 -0.086886
v -0.124805 0.771436 -0.102637
v -0.152694 0.854439 -0.121498
v -0.160984 0.941112 -0.142524
v -0.180313 1.026983 -0.165906
v -0.151577 1.109568 -0.185322
v -0.104707 1.183636 -0.203765
v -0.042054 1.245474 -0.220310
v 0.033241 1.291980 -0.234126
v 0.117403 1.320823 -0.244522
v 0.206210 1.330556 -0.250975
v 0.295209 1.320691 -0.253163
v 0.379939 1.291723 -0.250975
v 0.456150 1.245104 -0.244522
v 0.520021 1.183172 -0.234126
v 0.568348 1.109033 -0.220310
v 0.598710 1.026404 -0.203765
v 0.609582 0.939429 -0.185322
v 0.600420 0.852468 -0.165906
v 0.571684 0.769883 -0.146489
v 0.524814 0.695815 -0.128046
v 0.462161 0.633977 -0.111502
v 0.386866 0.587471 -0.097685
v 0.302705 0.558628 -0.087290
v 0.213897 0.548895 -0.080836
v 0.124898 0.558760 -0.078649
v 0.040168 0.587728 -0.080836
v -0.036043 0.634347 -0.087290
v -0.099914 0.696279 -0.097685
v -0.148241 0.770418 -0.111502
v -0.178602 0.853047 -0.128046
v -0.189475 0.940022 -0.146489
v -0.211503 1.025949 -0.166989
v -0.185268 1.109953 -0.183667
v -0.140647 1.185986 -0.199510
v -0.079877 1.250236 -0.213721
v -0.006004 1.299481 -0.225589
v 0.077267 1.331251 -0.234519
v 0.165760 1.343954 -0.240062
v 0.255037 1.336952 -0.241941
v 0.340623 1.310597 -0.240062
v 0.418225 1.266210 -0.234519
v 0.483953 1.206017 -0.225589
v 0.534510 1.133036 -0.213721
v 0.567361 1.050926 -0.199510
v 0.580859 0.963806 -0.183667
v 0.574327 0.876044 -0.166989
v 0.548093 0.792040 -0.150310
v 0.503472 0.716007 -0.134468
v 0.442701 0.651757 -0.120257
v 0.368828 0.602513 -0.108389
v 0.285558 0.570742 -0.099459
v 0.197065 0.558040 -0.093916
v 0.107787 0.565041 -0.092036
v 0.022202 0.591397 -0.093916
v -0.055401 0.635784 -0.099459
v -0.121128 0.695977 -0.108389
v -0.171685 0.768958 -0.120257
v -0.204536 0.851067 -0.134468
v -0.218034 0.938187 -0.150310
v -0.242801 1.023996 -0.167907
v -0.219143 1.109257 -0.181831
v -0.176861 1.187105 -0.195057
v -0.118074 1.253637 -0.206921
v -0.045731 1.305515 -0.216829
v 0.036540 1.340140 -0.224284
v 0.124616 1.355774 -0.228912
v 0.214078 1.351633 -0.230481
v 0.300441 1.327926 -0.228912
v 0.379374 1.285840 -0.224284
v 0.446920 1.227487 -0.216829
v 0.499690 1.155793 -0.206921
v 0.535040 1.074351 -0.195057
v 0.551197 0.987247 -0.181831
v 0.547350 0.898848 -0.167907
v 0.523692 0.813587 -0.153983
v 0.481409 0.735739 -0.140757
v 0.422623 0.669207 -0.128893
v 0.350280 0.617328 -0.118985
v 0.268008 0.582704 -0.111530
v 0.179933 0.567070 -0.106902
v 0.090471 0.571211 -0.105333
v 0.004108 0.594918 -0.106902
v -0.074825 0.637003 -0.111530
v -0.142371 0.695357 -0.118985
v -0.195142 0.767051 -0.128893
v -0.230492 0.848493 -0.140757
v -0.246648 0.935597 -0.153983
v -0.274183 1.021109 -0.168659
v -0.253166 1.107463 -0.179815
v -0.213302 1.186972 -0.190412
v -0.156593 1.255650 -0.199917
v -0.085880 1.310054 -0.207855
v -0.004710 1.347455 -0.213828
v 0.082847 1.365977 -0.217536
v 0.172401 1.364693 -0.218793
v 0.259460 1.343666 -0.217536
v 0.339660 1.303950 -0.213828
v 0.408979 1.247539 -0.207855
v 0.463941 1.177259 -0.199917
v 0.501789 1.096635 -0.190412
v 0.520627 1.009710 -0.179815
v 0.519509 0.920843 -0.168659
v 0.498491 0.834490 -0.157504
v 0.458628 0.754980 -0.146907
v 0.401918 0.686302 -0.137402
v 0.331205 0.631898 -0.129464
v 0.250035 0.594498 -0.123491
v 0.162478 0.575975 -0.119783
v 0.072925 0.577259 -0.118526
v -0.014135 0.598286 -0.119783
v -0.094335 0.638002 -0.123491
v -0.163653 0.694414 -0.129464
v -0.218615 0.764694 -0.137402
v -0.256463 0.845317 -0.146907
v -0.275301 0.932242 -0.157504
v -0.305622 1.017278 -0.169246
v -0.287298 1.104554 -0.177622
v -0.249925 1.185566 -0.185578
v -0.195376 1.256252 -0.192716
v -0.126386 1.313068 -0.198676
v -0.046416 1.353163 -0.203161
v 0.040526 1.374528 -0.205945
v 0.130079 1.376092 -0.206889
v 0.217753 1.357776 -0.205945
v 0.299151 1.320498 -0.203161
v 0.370192 1.266127 -0.198676
v 0.427313 1.197391 -0.192716
v 0.467651 1.117736 -0.185578
v 0.489182 1.031155 -0.177622
v 0.490828 0.941991 -0.169246
v 0.472504 0.854715 -0.160869
v 0.435131 0.773703 -0.152913
v 0.380581 0.703017 -0.145775
v 0.311592 0.646201 -0.139815
v 0.231621 0.606106 -0.135330
v 0.144679 0.584741 -0.132546
v 0.055126 0.583177 -0.131602
v -0.032547 0.601494 -0.132546
v -0.113945 0.638772 -0.135330
v -0.184986 0.693142 -0.139815
v -0.242108 0.761878 -0.145775
v -0.282446 0.841534 -0.152913
v -0.303977 0.928114 -0.160869
v -0.337090 1.012490 -0.169665
v -0.321504 1.100517 -0.175253
v -0.286680 1.182872 -0.180562
v -0.234366 1.255423 -0.185324
v -0.167186 1.314533 -0.189301
v -0.088506 1.357238 -0.192293
v -0.002274 1.381396 -0.194151
v 0.087187 1.385796 -0.194781
v 0.175391 1.370218 -0.194151
v 0.257916 1.335443 -0.192293
v 0.330622 1.283213 -0.189301
v 0.389865 1.216149 -0.185324
v 0.432673 1.137614 -0.180562
v 0.456900 1.051544 -0.175253
v 0.461331 0.962257 -0.169665
v 0.445744 0.874229 -0.164076
v 0.410921 0.791875 -0.158767
v 0.358607 0.719324 -0.154005
v 0.291426 0.660214 -0.150028
v 0.212747 0.617509 -0.147036
v 0.126515 0.593351 -0.145178
v 0.037054 0.588950 -0.144548
v -0.051151 0.604529 -0.145178
v -0.133675 0.639304 -0.147036
v -0.206381 0.691534 -0.150028
v -0.265624 0.758597 -0.154005
v -0.308432 0.837133 -0.158767
v -0.332659 0.923202 -0.164076
v -0.368560 1.006734 -0.169916
v -0.355741 1.095339 -0.172712
v -0.323518 1.178872 -0.175368
v -0.273505 1.253142 -0.177750
v -0.208212 1.314427 -0.179739
v -0.130910 1.359653 -0.181236
v -0.045478 1.386552 -0.182165
v 0.043801 1.393775 -0.182480
v 0.132451 1.380960 -0.182165
v 0.216025 1.348750 -0.181236
v 0.290334 1.298760 -0.179739
v 0.351651 1.233496 -0.177750
v 0.396902 1.156232 -0.175368
v 0.423816 1.070841 -0.172712
v 0.431046 0.981605 -0.169916
v 0.418227 0.893000 -0.167120
v 0.386004 0.809467 -0.164465
v 0.335991 0.735196 -0.162082
v 0.270698 0.673912 -0.160093
v 0.193396 0.628686 -0.158596
v 0.107964 0.601787 -0.157667
v 0.018685 0.594564 -0.157352
v -0.069965 0.607379 -0.157667
v -0.153539 0.639589 -0.158596
v -0.227848 0.689579 -0.160093
v -0.289165 0.754843 -0.162082
v -0.334415 0.832107 -0.164465
v -0.361330 0.917498 -0.167120
v -0.400000 1.000000 -0.170000
v -0.389971 1.089008 -0.170000
v -0.360388 1.173553 -0.170000
v -0.312733 1.249396 -0.170000
v -0.249396 1.312733 -0.170000
v -0.173553 1.360388 -0.170000
v -0.089008 1.389971 -0.170000
v -0.000000 1.400000 -0.170000
v 0.089008 1.389971 -0.170000
v 0.173553 1.360388 -0.170000
v 0.249396 1.312733 -0.170000
v 0.312733 1.249396 -0.170000
v 0.360388 1.173553 -0.170000
v 0.389971 1.089008 -0.170000
v 0.400000 1.000000 -0.170000
v 0.389971 0.910992 -0.170000
v 0.360388 0.826447 -0.170000
v 0.312733 0.750604 -0.170000
v 0.249396 0.687267 -0.170000
v 0.173553 0.639612 -0.170000
v 0.089008 0.610029 -0.170000
v -0.000000 0.600000 -0.170000
v -0.089008 0.610029 -0.170000
v -0.173553 0.639612 -0.170000
v -0.249396 0.687267 -0.170000
v -0.312733 0.750604 -0.170000
v -0.360388 0.826447 -0.170000
v -0.389971 0.910992 -0.170000
v -0.431381 0.992279 -0.169916
v -0.424152 1.081515 -0.167120
v -0.397237 1.166906 -0.164465
v -0.351987 1.244170 -0.162082
v -0.290670 1.309434 -0.160093
v -0.216361 1.359424 -0.158596
v -0.132786 1.391634 -0.157667
v -0.044137 1.404449 -0.157352
v 0.045143 1.397226 -0.157667
v 0.130575 1.370327 -0.158596
v 0.207876 1.325102 -0.160093
v 0.273170 1.263817 -0.162082
v 0.323182 1.189546 -0.164465
v 0.355406 1.106014 -0.167120
v 0.368224 1.017408 -0.169916
v 0.360995 0.928172 -0.172712
v 0.334080 0.842782 -0.175368
v 0.288830 0.765517 -0.177750
v 0.227513 0.700253 -0.179739
v 0.153204 0.650263 -0.181236
v 0.069629 0.618053 -0.182165
v -0.019020 0.605238 -0.182480
v -0.108300 0.612462 -0.182165
v -0.193732 0.639360 -0.181236
v -0.271033 0.684586 -0.179739
v -0.336327 0.745871 -0.177750
v -0.386339 0.820141 -0.175368
v -0.418563 0.903674 -0.172712
v -0.462671 0.983564 -0.169665
v -0.458240 1.072851 -0.164076
v -0.434013 1.158920 -0.158767
v -0.391205 1.237456 -0.154005
v -0.331962 1.304520 -0.150028
v -0.259256 1.356749 -0.147036
v -0.176732 1.391525 -0.145178
v -0.088527 1.407103 -0.144548
v 0.000934 1.402703 -0.145178
v 0.087166 1.378544 -0.147036
v 0.165845 1.335839 -0.150028
v 0.233026 1.276729 -0.154005
v 0.285340 1.204178 -0.158767
v 0.320163 1.121824 -0.164076
v 0.335750 1.033796 -0.169665
v 0.331319 0.944509 -0.175253
v 0.307092 0.858440 -0.180562
v 0.264284 0.779904 -0.185324
v 0.205041 0.712840 -0.189301
v 0.132335 0.660611 -0.192293
v 0.049810 0.625835 -0.194151
v -0.038394 0.610257 -0.194781
v -0.127855 0.614658 -0.194151
v -0.214088 0.638816 -0.192293
v -0.292767 0.681521 -0.189301
v -0.359947 0.740631 -0.185324
v -0.412261 0.813182 -0.180562
v -0.447085 0.895536 -0.175253
v -0.493839 0.973846 -0.169246
v -0.492194 1.063010 -0.160869
v -0.470662 1.149590 -0.152913
v -0.430325 1.229246 -0.145775
v -0.373203 1.297982 -0.139815
v -0.302162 1.352352 -0.135330
v -0.220764 1.389630 -0.132546
v -0.133090 1.407947 -0.131602
v -0.043537 1.406383 -0.132546
v 0.043404 1.385018 -0.135330
v 0.123375 1.344923 -0.139815
v 0.192365 1.288107 -0.145775
v 0.246914 1.217421 -0.152913
v 0.284287 1.136409 -0.160869
v 0.302611 1.049133 -0.169246
v 0.300966 0.959969 -0.177622
v 0.279435 0.873388 -0.185578
v 0.239097 0.793733 -0.192716
v 0.181975 0.724997 -0.198676
v 0.110934 0.670626 -0.203161
v 0.029536 0.633348 -0.205945
v -0.058138 0.615032 -0.206889
v -0.147691 0.616596 -0.205945
v -0.234632 0.637961 -0.203161
v -0.314603 0.678056 -0.198676
v -0.383593 0.734871 -0.192716
v -0.438142 0.805557 -0.185578
v -0.475515 0.886570 -0.177622
v -0.524850 0.963120 -0.168659
v -0.525968 1.051987 -0.157504
v -0.507130 1.138912 -0.146907
v -0.469281 1.219536 -0.137402
v -0.414320 1.289816 -0.129464
v -0.345001 1.346228 -0.123491
v -0.264801 1.385943 -0.119783
v -0.177742 1.406970 -0.118526
v -0.088188 1.408254 -0.119783
v -0.000631 1.389732 -0.123491
v 0.080539 1.352331 -0.129464
v 0.151252 1.297927 -0.137402
v 0.207962 1.229249 -0.146907
v 0.247825 1.149740 -0.157504
v 0.268842 1.063387 -0.168659
v 0.269960 0.974519 -0.179815
v 0.251123 0.887595 -0.190412
v 0.213274 0.806971 -0.199917
v 0.158312 0.736691 -0.207855
v 0.088994 0.680279 -0.213828
v 0.008794 0.640564 -0.217536
v -0.078266 0.619537 -0.218793
v -0.167819 0.618252 -0.217536
v -0.255376 0.636775 -0.213828
v -0.336546 0.674176 -0.207855
v -0.407259 0.728579 -0.199917
v -0.463969 0.797258 -0.190412
v -0.503832 0.876767 -0.179815
v -0.555670 0.951381 -0.167907
v -0.559517 1.039780 -0.153983
v -0.543361 1.126884 -0.140757
v -0.508011 1.208325 -0.128893
v -0.455240 1.280020 -0.118985
v -0.387694 1.338373 -0.111530
v -0.308761 1.380459 -0.106902
v -0.222398 1.404166 -0.105333
v -0.132936 1.408307 -0.106902
v -0.044861 1.392673 -0.111530
v 0.037411 1.358048 -0.118985
v 0.109754 1.306170 -0.128893
v 0.168540 1.239638 -0.140757
v 0.210823 1.161790 -0.153983
v 0.234481 1.076529 -0.167907
v 0.238328 0.988130 -0.181831
v 0.222171 0.901025 -0.195057
v 0.186821 0.819584 -0.206921
v 0.134051 0.747889 -0.216829
v 0.066505 0.689536 -0.224284
v -0.012428 0.647451 -0.228912
v -0.098791 0.623743 -0.230481
v -0.188253 0.619603 -0.228912
v -0.276328 0.635237 -0.224284
v -0.358600 0.669861 -0.216829
v -0.430943 0.721740 -0.206921
v -0.489730 0.788271 -0.195057
v -0.532012 0.866120 -0.181831
v -0.586265 0.938625 -0.166989
v -0.592797 1.026388 -0.150310
v -0.579299 1.113508 -0.134468
v -0.546448 1.195617 -0.120257
v -0.495891 1.268598 -0.108389
v -0.430163 1.328791 -0.099459
v -0.352561 1.373178 -0.093916
v -0.266975 1.399533 -0.092036
v -0.177698 1.406535 -0.093916
v -0.089205 1.393832 -0.099459
v -0.005934 1.362062 -0.108389
v 0.067939 1.312817 -0.120257
v 0.128709 1.248567 -0.134468
v 0.173330 1.172534 -0.150310
v 0.199565 1.088530 -0.166989
v 0.206096 1.000768 -0.183667
v 0.192598 0.913648 -0.199510
v 0.159747 0.831539 -0.213721
v 0.109190 0.758558 -0.225589
v 0.043463 0.698365 -0.234519
v -0.034140 0.653978 -0.240062
v -0.119725 0.627623 -0.241941
v -0.209003 0.620621 -0.240062
v -0.297496 0.633323 -0.234519
v -0.380766 0.665094 -0.225589
v -0.454639 0.714338 -0.213721
v -0.515410 0.778588 -0.199510
v -0.560031 0.854621 -0.183667
v -0.616600 0.924851 -0.165906
v -0.625761 1.011811 -0.146489
v -0.614889 1.098787 -0.128046
v -0.584528 1.181416 -0.111502
v -0.536200 1.255555 -0.097685
v -0.472329 1.317486 -0.087290
v -0.396119 1.364105 -0.080836
v -0.311389 1.393073 -0.078649
v -0.222389 1.402938 -0.080836
v -0.133582 1.393205 -0.087290
v -0.049421 1.364363 -0.097685
v 0.025874 1.317857 -0.111502
v 0.088528 1.256019 -0.128046
v 0.135397 1.181950 -0.146489
v 0.164134 1.099365 -0.165906
v 0.173295 1.012405 -0.185322
v 0.162423 0.925429 -0.203765
v 0.132062 0.842800 -0.220310
v 0.083734 0.768661 -0.234126
v 0.019864 0.706730 -0.244522
v -0.056347 0.660111 -0.250975
v -0.141077 0.631143 -0.253163
v -0.230077 0.621278 -0.250975
v -0.318884 0.631011 -0.244522
v -0.403045 0.659853 -0.234126
v -0.478340 0.706359 -0.220310
v -0.540993 0.768197 -0.203765
v -0.587863 0.842266 -0.185322
v -0.646637 0.910056 -0.164659
v -0.658363 0.996054 -0.142524
v -0.650074 1.082727 -0.121498
v -0.622185 1.165730 -0.102637
v -0.576095 1.240901 -0.086886
v -0.514114 1.304470 -0.075034
v -0.439351 1.353249 -0.067677
v -0.355555 1.384794 -0.065183
v -0.266927 1.397520 -0.067677
v -0.177912 1.390792 -0.075034
v -0.092973 1.364946 -0.086886
v -0.016370 1.321277 -0.102637
v 0.048056 1.261977 -0.121498
v 0.097076 1.190018 -0.142524
v 0.128229 1.109008 -0.164659
v 0.139956 1.023011 -0.186795
v 0.131667 0.936337 -0.207820
v 0.103777 0.853334 -0.226681
v 0.057687 0.778163 -0.242433
v -0.004294 0.714594 -0.254284
v -0.079057 0.665815 -0.261641
v -0.162853 0.634271 -0.264135
v -0.251481 0.621544 -0.261641
v -0.340496 0.628272 -0.254284
v -0.425434 0.654119 -0.242433
v -0.502038 0.697787 -0.226681
v -0.566464 0.757088 -0.207820
v -0.615483 0.829047 -0.186795
v -0.676341 0.894243 -0.163250
v -0.690557 0.979121 -0.138417
v -0.684798 1.065339 -0.114830
v -0.659355 1.148573 -0.093671
v -0.615502 1.224650 -0.076000
v -0.555438 1.289755 -0.062705
v -0.482176 1.340624 -0.054451
v -0.399389 1.374705 -0.051653
v -0.311228 1.390289 -0.054451
v -0.222114 1.386595 -0.062705
v -0.136515 1.363809 -0.076000
v -0.058725 1.323073 -0.093671
v 0.007357 1.266429 -0.114830
v 0.058417 1.196718 -0.138417
v 0.091894 1.117435 -0.163250
v 0.106110 1.032557 -0.188082
v 0.100352 0.946339 -0.211670
v 0.074908 0.863105 -0.232829
v 0.031055 0.787027 -0.250500
v -0.029008 0.721922 -0.263795
v -0.102271 0.671054 -0.272048
v -0.185058 0.636973 -0.274846
v -0.273219 0.621389 -0.272048
v -0.362333 0.625083 -0.263795
v -0.447931 0.647869 -0.250500
v -0.525722 0.688605 -0.232829
v -0.591804 0.745249 -0.211670
v -0.642864 0.814960 -0.188082
v -0.705673 0.877411 -0.161680
v -0.722294 0.961019 -0.134175
v -0.719006 1.046633 -0.108049
v -0.695973 1.129959 -0.084612
v -0.654350 1.206820 -0.065040
v -0.596225 1.273361 -0.050314
v -0.524512 1.326245 -0.041172
v -0.442808 1.362822 -0.038073
v -0.355208 1.381256 -0.041172
v -0.266107 1.380623 -0.050314
v -0.179971 1.360955 -0.065040
v -0.101120 1.323239 -0.084612
v -0.033508 1.269365 -0.108049
v 0.019475 1.202035 -0.134175
v 0.055172 1.124625 -0.161680
v 0.071793 1.041017 -0.189185
v 0.068504 0.955404 -0.215311
v 0.045471 0.872077 -0.238747
v 0.003849 0.795217 -0.258319
v -0.054276 0.728676 -0.273045
v -0.125989 0.675791 -0.282187
v -0.207693 0.639215 -0.285286
v -0.295293 0.620781 -0.282187
v -0.384394 0.621414 -0.273045
v -0.470530 0.641081 -0.258319
v -0.549381 0.678798 -0.238747
v -0.616993 0.732672 -0.215311
v -0.669976 0.800002 -0.189185
v -0.734597 0.859567 -0.159950
v -0.753529 0.941759 -0.129799
v -0.752640 1.026624 -0.101161
v -0.731974 1.109907 -0.075470
v -0.692568 1.187431 -0.054015
v -0.636397 1.255308 -0.037873
v -0.566279 1.310136 -0.027852
v -0.485729 1.349164 -0.024455
v -0.398787 1.370437 -0.027852
v -0.309811 1.372886 -0.037873
v -0.223264 1.356390 -0.054015
v -0.143486 1.321776 -0.075470
v -0.074476 1.270778 -0.101161
v -0.019696 1.205955 -0.129799
v 0.018108 1.130557 -0.159950
v 0.037040 1.048365 -0.190100
v 0.036151 0.963499 -0.218739
v 0.015485 0.880217 -0.244430
v -0.023921 0.802693 -0.265884
v -0.080091 0.734815 -0.282027
v -0.150210 0.679988 -0.292048
v -0.230759 0.640959 -0.295445
v -0.317702 0.619687 -0.292048
v -0.406678 0.617237 -0.282027
v -0.493224 0.633733 -0.265884
v -0.573003 0.668348 -0.244430
v -0.642012 0.719345 -0.218739
v -0.696793 0.784169 -0.190100
v -0.763073 0.840713 -0.158062
v -0.784213 0.921351 -0.125296
v -0.785645 1.005330 -0.094173
v -0.767295 1.088437 -0.066253
v -0.730085 1.166507 -0.042937
v -0.675879 1.235623 -0.025394
v -0.607397 1.292321 -0.014504
v -0.528072 1.333757 -0.010812
v -0.441881 1.357853 -0.014504
v -0.353147 1.363402 -0.025394
v -0.266320 1.350124 -0.042937
v -0.185752 1.318686 -0.066253
v -0.115485 1.270665 -0.094173
v -0.059041 1.208467 -0.125296
v -0.019252 1.135213 -0.158062
v 0.001889 1.054575 -0.190828
v 0.003320 0.970596 -0.221951
v -0.015029 0.887489 -0.249871
v -0.052240 0.809419 -0.273187
v -0.106445 0.740303 -0.290730
v -0.174928 0.683605 -0.301620
v -0.254253 0.642169 -0.305312
v -0.340443 0.618073 -0.301620
v -0.429177 0.612524 -0.290730
v -0.516005 0.625802 -0.273187
v -0.596572 0.657240 -0.249871
v -0.666839 0.705261 -0.221951
v -0.723283 0.767459 -0.190828
v -0.791063 0.820858 -0.156018
v -0.814301 0.899810 -0.120669
v -0.817966 0.982769 -0.087092
v -0.801874 1.065575 -0.056971
v -0.766832 1.144076 -0.031817
v -0.714597 1.214335 -0.012891
v -0.647788 1.272830 -0.001142
v -0.569755 1.316626 0.002841
v -0.484412 1.343529 -0.001142
v -0.396037 1.352188 -0.012891
v -0.309063 1.342170 -0.031817
v -0.227851 1.313978 -0.056971
v -0.156472 1.269024 -0.087092
v -0.098506 1.209563 -0.120669
v -0.056860 1.138576 -0.156018
v -0.033621 1.059624 -0.191368
v -0.029957 0.976665 -0.224945
v -0.046049 0.893858 -0.255065
v -0.081091 0.815358 -0.280219
v -0.133326 0.745098 -0.299145
v -0.200135 0.686604 -0.310895
v -0.278168 0.642808 -0.314877
v -0.363511 0.615905 -0.310895
v -0.451885 0.607246 -0.299145
v -0.538860 0.617264 -0.280219
v -0.620072 0.645456 -0.255065
v -0.691451 0.690410 -0.224945
v -0.749417 0.749871 -0.191368
v -0.818529 0.800009 -0.153821
v -0.843746 0.877151 -0.115923
v -0.849549 0.958965 -0.079925
v -0.835649 1.041349 -0.047633
v -0.802741 1.120171 -0.020666
v -0.752476 1.191479 -0.000375
v -0.687374 1.251697 0.012221
v -0.610701 1.297805 0.016491
v -0.526300 1.327493 0.012221
v -0.438404 1.339270 -0.000375
v -0.351420 1.332546 -0.020666
v -0.269711 1.307659 -0.047633
v -0.197372 1.265857 -0.079925
v -0.138033 1.209235 -0.115923
v -0.094667 1.140632 -0.153821
v -0.069451 1.063490 -0.191719
v -0.063647 0.981676 -0.227716
v -0.077548 0.899292 -0.260008
v -0.110456 0.820470 -0.286976
v -0.160721 0.749163 -0.307266
v -0.225822 0.688945 -0.319862
v -0.302496 0.642836 -0.324132
v -0.386896 0.613149 -0.319862
v -0.474792 0.601372 -0.307266
v -0.561776 0.608095 -0.286976
v -0.643486 0.632982 -0.260008
v -0.715824 0.674785 -0.227716
v -0.775164 0.731407 -0.191719
v -0.845431 0.778177 -0.151471
v -0.872500 0.853393 -0.111062
v -0.880340 0.933943 -0.072679
v -0.868558 1.015789 -0.038248
v -0.837745 1.094826 -0.009493
v -0.789446 1.167090 0.012141
v -0.726082 1.228959 0.025572
v -0.650832 1.277330 0.030125
v -0.567468 1.309777 0.025572
v -0.480171 1.324674 0.012141
v -0.393318 1.321272 -0.009493
v -0.311265 1.299744 -0.038248
v -0.238125 1.261168 -0.072679
v -0.177567 1.207479 -0.111062
v -0.132626 1.141369 -0.151471
v -0.105557 1.066153 -0.191880
v -0.097717 0.985603 -0.230263
v -0.109499 0.903757 -0.264694
v -0.140312 0.824720 -0.293449
v -0.188612 0.752456 -0.315084
v -0.251975 0.690587 -0.328514
v -0.327225 0.642216 -0.333067
v -0.410589 0.609769 -0.328514
v -0.497886 0.594872 -0.315084
v -0.584739 0.598273 -0.293449
v -0.666793 0.619802 -0.264694
v -0.739933 0.658378 -0.230263
v -0.800491 0.712067 -0.191880
v -0.871731 0.755373 -0.148972
v -0.900519 0.828555 -0.106092
v -0.910286 0.907731 -0.065362
v -0.900544 0.988929 -0.028825
v -0.871780 1.068079 0.001688
v -0.825437 1.141211 0.024646
v -0.763839 1.204659 0.038898
v -0.690074 1.255240 0.043729
v -0.607842 1.290419 0.038898
v -0.521265 1.308431 0.024646
v -0.434686 1.308374 0.001688
v -0.352445 1.290249 -0.028825
v -0.278666 1.254967 -0.065362
v -0.217050 1.204295 -0.106092
v -0.170686 1.140776 -0.148972
v -0.141898 1.067594 -0.191852
v -0.132130 0.988419 -0.232582
v -0.141873 0.907220 -0.269120
v -0.170637 0.828070 -0.299632
v -0.216980 0.754938 -0.322590
v -0.278578 0.691491 -0.336842
v -0.352343 0.640909 -0.341674
v -0.434575 0.605730 -0.336842
v -0.521152 0.587718 -0.322590
v -0.607731 0.587776 -0.299632
v -0.689972 0.605900 -0.269120
v -0.763750 0.641182 -0.232582
v -0.825367 0.691854 -0.191852
v -0.897389 0.731612 -0.146326
v -0.927756 0.802661 -0.101017
v -0.939336 0.880358 -0.057980
v -0.931548 0.960806 -0.019373
v -0.904783 1.039972 0.012868
v -0.860382 1.113885 0.037126
v -0.800573 1.178840 0.052185
v -0.728354 1.231579 0.057290
v -0.647346 1.269458 0.052185
v -0.561613 1.290577 0.037126
v -0.475452 1.293877 0.012868
v -0.393184 1.279194 -0.019373
v -0.318935 1.247262 -0.057980
v -0.256427 1.199684 -0.101017
v -0.208796 1.138845 -0.146326
v -0.178428 1.067795 -0.191635
v -0.166849 0.990099 -0.234672
v -0.174637 0.909650 -0.273279
v -0.201402 0.830485 -0.305520
v -0.245803 0.756571 -0.329778
v -0.305612 0.691616 -0.344838
v -0.377831 0.638877 -0.349943
v -0.458838 0.600999 -0.344838
v -0.544572 0.579879 -0.329778
v -0.630733 0.576579 -0.305520
v -0.713001 0.591263 -0.273279
v -0.787250 0.623194 -0.234672
v -0.849758 0.670772 -0.191635
v -0.922367 0.706908 -0.143536
v -0.954168 0.775734 -0.095843
v -0.967439 0.851857 -0.050541
v -0.961515 0.931459 -0.009903
v -0.936692 1.010549 0.024035
v -0.894216 1.085160 0.049570
v -0.836216 1.151552 0.065421
v -0.765601 1.206394 0.070795
v -0.685912 1.246938 0.065421
v -0.601144 1.271149 0.049570
v -0.515548 1.277815 0.024035
v -0.433417 1.266600 -0.009903
v -0.358868 1.238068 -0.050541
v -0.295641 1.193648 -0.095843
v -0.246904 1.135569 -0.143536
v -0.215103 1.066742 -0.191229
v -0.201832 0.990619 -0.236530
v -0.207757 0.911017 -0.277169
v -0.232579 0.831927 -0.311106
v -0.275055 0.757316 -0.336641
v -0.333055 0.690925 -0.352493
v -0.403670 0.636082 -0.357866
v -0.483360 0.595539 -0.352493
v -0.568127 0.571327 -0.336641
v -0.653723 0.564661 -0.311106
v -0.735854 0.575876 -0.277169
v -0.810403 0.604408 -0.236530
v -0.873631 0.648828 -0.191229
v -0.946625 0.681278 -0.140604
v -0.979709 0.747803 -0.090574
v -0.994545 0.822265 -0.043052
v -0.990389 0.900932 -0.000422
v -0.967449 0.979859 0.035178
v -0.926875 1.055088 0.061964
v -0.870703 1.122846 0.078593
v -0.801748 1.179736 0.084230
v -0.723469 1.222906 0.078593
v -0.639790 1.250191 0.061964
v -0.554908 1.260221 0.035178
v -0.473079 1.252496 -0.000422
v -0.398406 1.227401 -0.043052
v -0.334634 1.186195 -0.090574
v -0.284961 1.130945 -0.140604
v -0.251876 1.064421 -0.190634
v -0.237040 0.989958 -0.238155
v -0.241197 0.911291 -0.280785
v -0.264137 0.832364 -0.316385
v -0.304710 0.757136 -0.343172
v -0.360883 0.689377 -0.359800
v -0.429837 0.632487 -0.365437
v -0.508117 0.589317 -0.359800
v -0.591796 0.562033 -0.343172
v -0.676678 0.552002 -0.316385
v -0.758507 0.559727 -0.280785
v -0.833179 0.584822 -0.238155
v -0.896951 0.626028 -0.190634
v -0.970126 0.654743 -0.137533
v -1.004338 0.718894 -0.085215
v -1.020608 0.791619 -0.035521
v -1.018120 0.869269 0.009058
v -0.996998 0.947952 0.046287
v -0.958301 1.023721 0.074298
v -0.903970 1.092778 0.091686
v -0.836730 1.151660 0.097581
v -0.759952 1.197414 0.091686
v -0.677486 1.227746 0.074298
v -0.593466 1.241134 0.046287
v -0.512108 1.236908 0.009058
v -0.437489 1.215280 -0.035521
v -0.373352 1.177333 -0.085215
v -0.322912 1.124971 -0.137533
v -0.288700 1.060819 -0.189851
v -0.272430 0.988095 -0.239545
v -0.274918 0.910445 -0.284124
v -0.296040 0.831762 -0.321352
v -0.334737 0.755992 -0.349363
v -0.389067 0.686935 -0.366752
v -0.456308 0.628053 -0.372647
v -0.533086 0.582300 -0.366752
v -0.615552 0.551968 -0.349363
v -0.699571 0.538579 -0.321352
v -0.780930 0.542805 -0.284124
v -0.855549 0.564434 -0.239545
v -0.919686 0.602381 -0.189851
v -0.992830 0.627322 -0.134326
v -1.028012 0.689040 -0.079772
v -1.045581 0.759958 -0.027954
v -1.044656 0.836518 0.018530
v -1.025284 0.914881 0.057350
v -0.988435 0.991119 0.086558
v -0.935959 1.061407 0.104690
v -0.870485 1.122223 0.110836
v -0.795298 1.170515 0.104690
v -0.714167 1.203863 0.086558
v -0.631161 1.220594 0.057350
v -0.550442 1.219870 0.018530
v -0.476057 1.201726 -0.027954
v -0.411737 1.167073 -0.079772
v -0.360706 1.117647 -0.134326
v -0.325525 1.055929 -0.188880
v -0.307956 0.985011 -0.240699
v -0.308881 0.908452 -0.287183
v -0.328253 0.830088 -0.326002
v -0.365102 0.753851 -0.355210
v -0.417578 0.683562 -0.373342
v -0.483052 0.622747 -0.379489
v -0.558239 0.574454 -0.373342
v -0.639370 0.541106 -0.355210
v -0.722376 0.524375 -0.326002
v -0.803095 0.525099 -0.287183
v -0.877480 0.543243 -0.240699
v -0.941800 0.577897 -0.188880
v -1.014702 0.599038 -0.130987
v -1.050690 0.658274 -0.074251
v -1.069420 0.727325 -0.020360
v -1.069950 0.802728 0.027984
v -1.052256 0.880703 0.068356
v -1.017224 0.957339 0.098732
v -0.966611 1.028794 0.117590
v -0.902954 1.091484 0.123982
v -0.829446 1.142266 0.117590
v -0.749773 1.178594 0.098732
v -0.667930 1.198645 0.068356
v -0.588021 1.201415 0.027984
v -0.514053 1.186764 -0.020360
v -0.449735 1.155428 -0.074251
v -0.398291 1.108977 -0.130987
v -0.362303 1.049741 -0.187723
v -0.343574 0.980690 -0.241614
v -0.343043 0.905287 -0.289958
v -0.360737 0.827312 -0.330331
v -0.395769 0.750676 -0.360707
v -0.446383 0.679221 -0.379564
v -0.510039 0.616531 -0.385957
v -0.583547 0.565749 -0.379564
v -0.663220 0.529422 -0.360707
v -0.745063 0.509370 -0.330331
v -0.824972 0.506600 -0.289958
v -0.898940 0.521251 -0.241614
v -0.963259 0.552587 -0.187723
v -1.035703 0.569916 -0.127519
v -1.072333 0.626630 -0.068657
v -1.092082 0.693765 -0.012746
v -1.093957 0.767954 0.037410
v -1.077866 0.845477 0.079295
v -1.044616 0.922446 0.110810
v -0.995873 0.995002 0.130374
v -0.934081 1.059507 0.137006
v -0.862340 1.112727 0.130374
v -0.784247 1.151992 0.110810
v -0.703717 1.175333 0.079295
v -0.624789 1.181581 0.037410
v -0.551420 1.170422 -0.012746
v -0.487290 1.142415 -0.068657
v -0.435614 1.098966 -0.127519
v -0.398984 1.042251 -0.186381
v -0.379235 0.975117 -0.242292
v -0.377360 0.900928 -0.292447
v -0.393451 0.823405 -0.334333
v -0.426701 0.746436 -0.365847
v -0.475444 0.673879 -0.385411
v -0.537236 0.609374 -0.392044
v -0.608977 0.556155 -0.385411
v -0.687070 0.516890 -0.365847
v -0.767600 0.493548 -0.334333
v -0.846528 0.487300 -0.292447
v -0.919897 0.498459 -0.242292
v -0.984027 0.526466 -0.186381
v -1.055797 0.539982 -0.123925
v -1.092903 0.594146 -0.062994
v -1.113527 0.659324 -0.005119
v -1.116634 0.732249 0.046799
v -1.102069 0.809262 0.090156
v -1.070563 0.886504 0.122778
v -1.023695 0.960099 0.143029
v -0.963815 1.026359 0.149894
v -0.893926 1.081960 0.143029
v -0.817533 1.124115 0.122778
v -0.738466 1.150709 0.090156
v -0.660690 1.160409 0.046799
v -0.588104 1.152729 -0.005119
v -0.524350 1.128053 -0.062994
v -0.472622 1.087620 -0.123925
v -0.435517 1.033456 -0.184855
v -0.414893 0.968278 -0.242730
v -0.411786 0.895353 -0.294648
v -0.426350 0.818340 -0.338005
v -0.457857 0.741098 -0.370627
v -0.504725 0.667502 -0.390878
v -0.564605 0.601243 -0.397744
v -0.634493 0.545642 -0.390878
v -0.710887 0.503487 -0.370627
v -0.789954 0.476893 -0.338005
v -0.867730 0.467193 -0.294648
v -0.940316 0.474873 -0.242730
v -1.004070 0.499549 -0.184855
v -1.074949 0.509264 -0.120208
v -1.112362 0.560860 -0.057270
v -1.133716 0.624051 0.002513
v -1.137940 0.695669 0.056141
v -1.124823 0.772124 0.100927
v -1.095021 0.849580 0.134624
v -1.050031 0.924154 0.155543
v -0.992107 0.992107 0.162635
v -0.924154 1.050031 0.155543
v -0.849580 1.095021 0.134624
v -0.772124 1.124823 0.100927
v -0.695669 1.137940 0.056141
v -0.624051 1.133716 0.002513
v -0.560860 1.112362 -0.057270
v -0.509264 1.074949 -0.120208
v -0.471851 1.023354 -0.183147
v -0.450498 0.960163 -0.242929
v -0.446273 0.888544 -0.296558
v -0.459391 0.812090 -0.341343
v -0.489192 0.734634 -0.375041
v -0.534183 0.660060 -0.395959
v -0.592107 0.592107 -0.403051
v -0.660060 0.534183 -0.395959
v -0.734634 0.489192 -0.375041
v -0.812090 0.459391 -0.341343
v -0.888544 0.446273 -0.296558
v -0.960163 0.450498 -0.242929
v -1.023354 0.471851 -0.183147
v -1.093125 0.477792 -0.116373
v -1.130676 0.526812 -0.051489
v -1.152614 0.587996 0.010142
v -1.157838 0.658275 0.065429
v -1.146087 0.734126 0.111599
v -1.117950 0.811744 0.146338
v -1.074837 0.887237 0.167904
v -1.018911 0.956821 0.175214
v -0.952976 1.017006 0.167904
v -0.880338 1.064774 0.146338
v -0.804640 1.097729 0.111599
v -0.729678 1.114220 0.065429
v -0.659209 1.113419 0.010142
v -0.596769 1.095366 -0.051489
v -0.545487 1.060967 -0.116373
v -0.507936 1.011946 -0.181257
v -0.485998 0.950763 -0.242888
v -0.480774 0.880484 -0.298175
v -0.492525 0.804633 -0.344345
v -0.520662 0.727015 -0.379084
v -0.563775 0.651521 -0.400650
v -0.619700 0.581937 -0.407960
v -0.685635 0.521753 -0.400650
v -0.758273 0.473985 -0.379084
v -0.833971 0.441030 -0.344345
v -0.908934 0.424539 -0.298175
v -0.979403 0.425340 -0.242888
v -1.041843 0.443393 -0.181257
v -1.110289 0.445597 -0.112423
v -1.147810 0.492046 -0.045657
v -1.170185 0.551212 0.017761
v -1.176293 0.620127 0.074652
v -1.165826 0.695335 0.122161
v -1.139310 0.773067 0.157908
v -1.098075 0.849423 0.180099
v -1.044187 0.920575 0.187621
v -0.980350 0.982955 0.180099
v -0.909764 1.033436 0.157908
v -0.835969 1.069485 0.122161
v -0.762665 1.089295 0.074652
v -0.693528 1.091873 0.017761
v -0.632025 1.077090 -0.045657
v -0.581240 1.045686 -0.112423
v -0.543719 0.999237 -0.179189
v -0.521343 0.940072 -0.242607
v -0.515236 0.871157 -0.299498
v -0.525703 0.795948 -0.347007
v -0.552219 0.718217 -0.382754
v -0.593454 0.641860 -0.404945
v -0.647341 0.570708 -0.412467
v -0.711179 0.508328 -0.404945
v -0.781764 0.457848 -0.382754
v -0.855560 0.421799 -0.347007
v -0.928863 0.401988 -0.299498
v -0.998000 0.399410 -0.242607
v -1.059504 0.414194 -0.179189
v -1.126410 0.412713 -0.108362
v -1.163734 0.456605 -0.039780
v -1.186400 0.513751 0.025363
v -1.193273 0.581286 0.083801
v -1.184008 0.655822 0.132603
v -1.159070 0.733622 0.169321
v -1.119709 0.810785 0.192116
v -1.067898 0.883442 0.199843
v -1.006236 0.947949 0.192116
v -0.937816 1.001073 0.169321
v -0.866066 1.040147 0.132603
v -0.794587 1.063215 0.083801
v -0.726961 1.069118 0.025363
v -0.666580 1.057561 -0.039780
v -0.616471 1.029124 -0.108362
v -0.579148 0.985231 -0.176944
v -0.556481 0.928085 -0.242087
v -0.549608 0.860551 -0.300525
v -0.558873 0.786015 -0.349327
v -0.583811 0.708215 -0.386045
v -0.623173 0.631052 -0.408840
v -0.674983 0.558395 -0.416567
v -0.736645 0.493887 -0.408840
v -0.805066 0.440764 -0.386045
v -0.876815 0.401689 -0.349327
v -0.948295 0.378622 -0.300525
v -1.015921 0.372719 -0.242087
v -1.076302 0.384276 -0.176944
v -1.141456 0.379175 -0.104194
v -1.178416 0.420535 -0.033864
v -1.201228 0.475671 0.032940
v -1.208750 0.541816 0.092867
v -1.200604 0.615655 0.142913
v -1.177198 0.693484 0.180568
v -1.139707 0.771401 0.203943
v -1.090010 0.845499 0.211868
v -1.030600 0.912062 0.203943
v -0.964454 0.967752 0.180568
v -0.894891 1.009778 0.142913
v -0.825398 1.036031 0.092867
v -0.759460 1.045195 0.032940
v -0.700384 1.036811 -0.033864
v -0.651131 1.011299 -0.104194
v -0.614172 0.969938 -0.174525
v -0.591359 0.914802 -0.241328
v -0.583837 0.848657 -0.301256
v -0.591983 0.774818 -0.351301
v -0.615389 0.696989 -0.388956
v -0.652880 0.619072 -0.412332
v -0.702577 0.544975 -0.420256
v -0.761988 0.478412 -0.412332
v -0.828133 0.422721 -0.388956
v -0.897696 0.380696 -0.351301
v -0.967189 0.354443 -0.301256
v -1.033127 0.345278 -0.241328
v -1.092204 0.353663 -0.174525
v -1.155398 0.345018 -0.099923
v -1.191829 0.383883 -0.027914
v -1.214644 0.437027 0.040484
v -1.222698 0.501783 0.101842
v -1.215588 0.574906 0.153082
v -1.193670 0.652728 0.191636
v -1.158044 0.731347 0.215570
v -1.110495 0.806822 0.223683
v -1.053408 0.875366 0.215570
v -0.989646 0.933544 0.191636
v -0.922405 0.978437 0.153082
v -0.855059 1.007795 0.101842
v -0.790983 1.020146 0.040484
v -0.733390 1.014870 -0.027914
v -0.685169 0.992232 -0.099923
v -0.648738 0.953367 -0.171933
v -0.625923 0.900223 -0.240331
v -0.617869 0.835467 -0.301689
v -0.624979 0.762344 -0.352929
v -0.646897 0.684522 -0.391483
v -0.682523 0.605903 -0.415417
v -0.730072 0.530428 -0.423530
v -0.787159 0.461884 -0.415417
v -0.850921 0.403706 -0.391483
v -0.918161 0.358813 -0.352929
v -0.985508 0.329455 -0.301689
v -1.049584 0.317104 -0.240331
v -1.107177 0.322380 -0.171933
v -1.168205 0.310282 -0.095554
v -1.203946 0.346698 -0.021937
v -1.226622 0.397877 0.047989
v -1.235094 0.461253 0.110716
v -1.228938 0.533648 0.163101
v -1.208463 0.611432 0.202515
v -1.174694 0.690704 0.226983
v -1.129326 0.767489 0.235278
v -1.074634 0.837938 0.226983
v -1.013360 0.898517 0.202515
v -0.948576 0.946189 0.163101
v -0.883531 0.978563 0.110716
v -0.821486 0.994016 0.047989
v -0.765554 0.991773 -0.021937
v -0.718538 0.971947 -0.095554
v -0.682796 0.935531 -0.169171
v -0.660120 0.884352 -0.239097
v -0.651648 0.820976 -0.301825
v -0.657804 0.748581 -0.354209
v -0.678280 0.670797 -0.393624
v -0.712048 0.591525 -0.418092
v -0.757416 0.514739 -0.426386
v -0.812108 0.444291 -0.418092
v -0.873383 0.383712 -0.393624
v -0.938167 0.336040 -0.354209
v -1.003212 0.303666 -0.301825
v -1.065256 0.288213 -0.239097
v -1.121189 0.290456 -0.169171
v -1.179850 0.275006 -0.091091
v -1.214745 0.309029 -0.015938
v -1.237142 0.358281 0.055446
v -1.245920 0.420292 0.119481
v -1.240637 0.491954 0.172958
v -1.221558 0.569672 0.213195
v -1.189640 0.649550 0.238173
v -1.146485 0.727581 0.246641
v -1.094254 0.799854 0.238173
v -1.035569 0.862744 0.213195
v -0.973371 0.913098 0.172958
v -0.910779 0.948390 0.119481
v -0.850932 0.966851 0.055446
v -0.796831 0.967556 -0.015938
v -0.751188 0.950468 -0.091091
v -0.716294 0.916445 -0.166243
v -0.693896 0.867193 -0.237627
v -0.685119 0.805182 -0.301662
v -0.690402 0.733520 -0.355139
v -0.709480 0.655802 -0.395376
v -0.741398 0.575925 -0.420354
v -0.784554 0.497893 -0.428822
v -0.836784 0.425620 -0.420354
v -0.895470 0.362730 -0.395376
v -0.957668 0.312376 -0.355139
v -1.020260 0.277084 -0.301662
v -1.080107 0.258623 -0.237627
v -1.134208 0.257918 -0.166243
v -1.190308 0.239231 -0.086537
v -1.224202 0.270927 -0.009924
v -1.246186 0.318299 0.062848
v -1.255159 0.378970 0.128129
v -1.250669 0.449898 0.182645
v -1.232942 0.527527 0.223664
v -1.202867 0.607965 0.249128
v -1.161952 0.687177 0.257760
v -1.112249 0.761191 0.249128
v -1.056250 0.826297 0.223664
v -0.996763 0.879229 0.182645
v -0.936771 0.917334 0.128129
v -0.879282 0.938700 0.062848
v -0.827179 0.942256 -0.009924
v -0.783075 0.927824 -0.086537
v -0.749180 0.896128 -0.163150
v -0.727196 0.848756 -0.235922
v -0.718224 0.788085 -0.301203
v -0.722713 0.717157 -0.355719
v -0.740440 0.639528 -0.396738
v -0.770515 0.559090 -0.422202
v -0.811430 0.479878 -0.430834
v -0.861133 0.405864 -0.422202
v -0.917132 0.340758 -0.396738
v -0.976619 0.287826 -0.355719
v -1.036611 0.249721 -0.301203
v -1.094100 0.228355 -0.235922
v -1.146203 0.224799 -0.163150
v -1.199553 0.202999 -0.081898
v -1.232298 0.232445 -0.003899
v -1.253738 0.277991 0.070188
v -1.262798 0.337353 0.136649
v -1.259024 0.407555 0.192152
v -1.242605 0.485077 0.233912
v -1.214364 0.566030 0.259836
v -1.175718 0.646356 0.268625
v -1.128604 0.722027 0.259836
v -1.075385 0.789249 0.233912
v -1.018729 0.844650 0.192152
v -0.961478 0.885453 0.136649
v -0.906502 0.909611 0.070188
v -0.856558 0.915914 -0.003899
v -0.814150 0.904044 -0.081898
v -0.781406 0.874598 -0.159897
v -0.759966 0.829052 -0.233984
v -0.750906 0.769690 -0.300445
v -0.754680 0.699488 -0.355948
v -0.771099 0.621967 -0.397708
v -0.799340 0.541013 -0.423632
v -0.837986 0.460687 -0.432421
v -0.885100 0.385016 -0.423632
v -0.938319 0.317794 -0.397708
v -0.994975 0.262393 -0.355948
v -1.052226 0.221590 -0.300445
v -1.107202 0.197432 -0.233984
v -1.157146 0.191130 -0.159897
v -1.207564 0.166354 -0.077178
v -1.239016 0.193635 0.002129
v -1.259785 0.237420 0.077459
v -1.268829 0.295513 0.145035
v -1.265695 0.365000 0.201468
v -1.250540 0.442398 0.243929
v -1.224124 0.523826 0.270288
v -1.187772 0.605200 0.279224
v -1.143306 0.682440 0.270288
v -1.092956 0.751673 0.243929
v -1.039248 0.809427 0.201468
v -0.984873 0.852806 0.145035
v -0.932560 0.879635 0.077459
v -0.884930 0.888569 0.002129
v -0.844372 0.879160 -0.077178
v -0.812920 0.851879 -0.156485
v -0.792152 0.808094 -0.231816
v -0.783108 0.750001 -0.299392
v -0.786242 0.680514 -0.355825
v -0.801397 0.603116 -0.398286
v -0.827813 0.521688 -0.424645
v -0.864165 0.440314 -0.433581
v -0.908631 0.363074 -0.424645
v -0.958980 0.293841 -0.398286
v -1.012689 0.236087 -0.355825
v -1.067063 0.192708 -0.299392
v -1.119377 0.165879 -0.231816
v -1.167007 0.156945 -0.156485
v -1.214320 0.129342 -0.072382
v -1.244341 0.154553 0.008155
v -1.264316 0.196648 0.084653
v -1.273245 0.253516 0.153278
v -1.270678 0.322307 0.210586
v -1.256745 0.399571 0.253706
v -1.232145 0.481433 0.280474
v -1.198111 0.563788 0.289548
v -1.156349 0.642507 0.280474
v -1.108954 0.713643 0.253706
v -1.058303 0.773628 0.210586
v -1.006934 0.819454 0.153278
v -0.957425 0.848824 0.084653
v -0.912258 0.860266 0.008155
v -0.873696 0.853204 -0.072382
v -0.843675 0.827993 -0.152920
v -0.823700 0.785898 -0.229418
v -0.814772 0.729029 -0.298043
v -0.817338 0.660238 -0.355351
v -0.831271 0.582975 -0.398471
v -0.855871 0.501113 -0.425239
v -0.889905 0.418758 -0.434313
v -0.931667 0.340039 -0.425239
v -0.979062 0.268903 -0.398471
v -1.029713 0.208918 -0.355351
v -1.081082 0.163092 -0.298043
v -1.130591 0.133721 -0.229418
v -1.175759 0.122280 -0.152920
v -1.219800 0.092008 -0.067515
v -1.248260 0.115251 0.014173
v -1.267326 0.155737 0.091764
v -1.276043 0.211435 0.161369
v -1.273974 0.279552 0.219497
v -1.261223 0.356673 0.263232
v -1.238429 0.438931 0.290383
v -1.206735 0.522201 0.299587
v -1.167730 0.602307 0.290383
v -1.123370 0.675232 0.263232
v -1.075880 0.737321 0.219497
v -1.027641 0.785458 0.161369
v -0.981072 0.817232 0.091764
v -0.938507 0.831047 0.014173
v -0.902082 0.826212 -0.067515
v -0.873623 0.802969 -0.149203
v -0.854556 0.762484 -0.226795
v -0.845839 0.706786 -0.296399
v -0.847908 0.638668 -0.354527
v -0.860659 0.561547 -0.398262
v -0.883453 0.479289 -0.425413
v -0.915147 0.396020 -0.434617
v -0.954152 0.315914 -0.425413
v -0.998512 0.242988 -0.398262
v -1.046002 0.180900 -0.354527
v -1.094241 0.132762 -0.296399
v -1.140811 0.100989 -0.226795
v -1.183375 0.087173 -0.149203
v -1.223989 0.054400 -0.062581
v -1.250762 0.075787 0.020177
v -1.268809 0.114750 0.098785
v -1.277225 0.169337 0.169301
v -1.275588 0.236809 0.228190
v -1.263979 0.313783 0.272499
v -1.242982 0.396400 0.300005
v -1.213648 0.480517 0.309329
v -1.177449 0.561916 0.300005
v -1.136201 0.636515 0.272499
v -1.091970 0.700574 0.228190
v -1.046976 0.750880 0.169301
v -1.003474 0.784910 0.098785
v -0.963646 0.800959 0.020177
v -0.929489 0.798222 -0.062581
v -0.902716 0.776835 -0.145339
v -0.884669 0.737872 -0.223947
v -0.876253 0.683285 -0.294464
v -0.877890 0.615813 -0.353353
v -0.889498 0.538839 -0.397661
v -0.910496 0.456222 -0.425167
v -0.939829 0.372105 -0.434492
v -0.976028 0.290706 -0.425167
v -1.017277 0.216107 -0.397661
v -1.061507 0.152048 -0.353353
v -1.106502 0.101743 -0.294464
v -1.150004 0.067712 -0.223947
v -1.189832 0.051663 -0.145339
v -1.226870 0.016567 -0.057585
v -1.251840 0.036216 0.026161
v -1.268765 0.073751 0.105708
v -1.276794 0.127291 0.177066
v -1.275526 0.194151 0.236659
v -1.265023 0.270978 0.281496
v -1.245813 0.353919 0.309331
v -1.218859 0.438816 0.318767
v -1.185512 0.521412 0.309331
v -1.147445 0.597564 0.281496
v -1.106566 0.663455 0.236659
v -1.064925 0.715780 0.177066
v -1.024611 0.751915 0.105708
v -0.987644 0.770048 0.026161
v -0.955879 0.769271 -0.057585
v -0.930908 0.749622 -0.141332
v -0.913984 0.712087 -0.220879
v -0.905955 0.658547 -0.292237
v -0.907223 0.591687 -0.351830
v -0.917725 0.514860 -0.396667
v -0.936935 0.431919 -0.424502
v -0.963890 0.347022 -0.433938
v -0.997236 0.264426 -0.424502
v -1.035304 0.188274 -0.396667
v -1.076183 0.122383 -0.351830
v -1.117823 0.070058 -0.292237
v -1.158138 0.033923 -0.220879
v -1.195104 0.015789 -0.141332
v -1.228430 -0.021444 -0.052533
v -1.251490 -0.003406 0.032119
v -1.267195 0.032803 0.112526
v -1.274758 0.085368 0.184657
v -1.273800 0.151652 0.244893
v -1.264369 0.228334 0.290216
v -1.246938 0.311566 0.318352
v -1.222380 0.397175 0.327890
v -1.191928 0.480870 0.318352
v -1.157107 0.558452 0.290216
v -1.119665 0.626032 0.244893
v -1.081479 0.680220 0.184657
v -1.044463 0.718301 0.112526
v -1.010474 0.738363 0.032119
v -0.981216 0.739401 -0.052533
v -0.958156 0.721364 -0.137185
v -0.942451 0.685155 -0.217592
v -0.934888 0.632590 -0.289723
v -0.935846 0.566305 -0.349959
v -0.945277 0.489624 -0.395282
v -0.962708 0.406392 -0.423418
v -0.987266 0.320782 -0.432955
v -1.017718 0.237088 -0.423418
v -1.052539 0.159506 -0.395282
v -1.089981 0.091926 -0.349959
v -1.128167 0.037737 -0.289723
v -1.165183 -0.000343 -0.217592
v -1.199172 -0.020405 -0.137185
v -1.228658 -0.059581 -0.047428
v -1.249707 -0.043022 0.038046
v -1.264104 -0.008033 0.119234
v -1.271128 0.043633 0.192065
v -1.270426 0.109385 0.252887
v -1.262034 0.185925 0.298649
v -1.246373 0.269416 0.327058
v -1.224227 0.355671 0.336689
v -1.196708 0.440364 0.327058
v -1.165194 0.519250 0.298649
v -1.131268 0.588372 0.252887
v -1.096628 0.644264 0.192065
v -1.063014 0.684123 0.119234
v -1.032110 0.705951 0.038046
v -1.005465 0.708654 -0.047428
v -0.984417 0.692095 -0.132903
v -0.970019 0.657106 -0.214091
v -0.962995 0.605440 -0.286922
v -0.963697 0.539688 -0.347744
v -0.972089 0.463148 -0.393506
v -0.987751 0.379657 -0.421915
v -1.009896 0.293402 -0.431546
v -1.037416 0.208708 -0.421915
v -1.068929 0.129823 -0.393506
v -1.102856 0.060701 -0.347744
v -1.137495 0.004809 -0.286922
v -1.171109 -0.035050 -0.214091
v -1.202014 -0.056879 -0.132903
v -1.227545 -0.097794 -0.042277
v -1.246491 -0.082576 0.043935
v -1.259499 -0.048693 0.125824
v -1.265916 0.002156 0.199283
v -1.265422 0.067420 0.260630
v -1.258039 0.143827 0.306788
v -1.244140 0.227545 0.335442
v -1.224420 0.314378 0.345156
v -1.199869 0.399969 0.335442
v -1.171717 0.480029 0.306788
v -1.141377 0.550541 0.260630
v -1.110369 0.607971 0.199283
v -1.080250 0.649438 0.125824
v -1.052527 0.672863 0.043935
v -1.028593 0.677072 -0.042277
v -1.009647 0.661854 -0.128489
v -0.996639 0.627971 -0.210378
v -0.990222 0.577122 -0.283838
v -0.990717 0.511858 -0.345185
v -0.998099 0.435451 -0.391343
v -1.011999 0.351733 -0.419997
v -1.031718 0.264900 -0.429711
v -1.056270 0.179309 -0.419997
v -1.084421 0.099249 -0.391343
v -1.114761 0.028737 -0.345185
v -1.145769 -0.028693 -0.283838
v -1.175889 -0.070160 -0.210378
v -1.203611 -0.093585 -0.128489
v -1.225084 -0.136032 -0.037084
v -1.241846 -0.122009 0.049780
v -1.253391 -0.089115 0.132289
v -1.259141 -0.038999 0.206305
v -1.258809 0.025827 0.268117
v -1.252409 0.102110 0.314624
v -1.240264 0.186027 0.343495
v -1.222983 0.273369 0.353282
v -1.201431 0.359757 0.343495
v -1.176690 0.440858 0.314624
v -1.150001 0.512606 0.268117
v -1.122700 0.571403 0.206305
v -1.096159 0.614302 0.132289
v -1.071706 0.639149 0.049780
v -1.050570 0.644701 -0.037084
v -1.033809 0.630678 -0.123949
v -1.022263 0.597784 -0.206458
v -1.016513 0.547668 -0.280474
v -1.016845 0.482842 -0.342285
v -1.023245 0.406559 -0.388793
v -1.035390 0.322642 -0.417664
v -1.052671 0.235300 -0.427451
v -1.074223 0.148912 -0.417664
v -1.098964 0.067811 -0.388793
v -1.125654 -0.003937 -0.342285
v -1.152954 -0.062734 -0.280474
v -1.179495 -0.105633 -0.206458
v -1.203948 -0.130481 -0.123949
v -1.221271 -0.174243 -0.031855
v -1.235775 -0.161267 0.055577
v -1.245793 -0.129238 0.138625
v -1.250823 -0.079765 0.213124
v -1.250613 -0.015326 0.275338
v -1.245173 0.060846 0.322149
v -1.234776 0.144933 0.351209
v -1.219943 0.232717 0.361060
v -1.201419 0.319796 0.351209
v -1.180131 0.401805 0.322149
v -1.157148 0.474631 0.275338
v -1.133622 0.534622 0.213124
v -1.110733 0.578770 0.138625
v -1.089628 0.604861 0.055577
v -1.071366 0.611587 -0.031855
v -1.056862 0.598610 -0.119287
v -1.046844 0.566582 -0.202334
v -1.041814 0.517108 -0.276833
v -1.042024 0.452670 -0.339048
v -1.047464 0.376497 -0.385859
v -1.057861 0.292411 -0.414919
v -1.072693 0.204627 -0.424770
v -1.091218 0.117548 -0.414919
v -1.112505 0.035539 -0.385859
v -1.135488 -0.037287 -0.339048
v -1.159014 -0.097278 -0.276833
v -1.181903 -0.141426 -0.202334
v -1.203008 -0.167517 -0.119287
v -1.216102 -0.212374 -0.026594
v -1.228286 -0.200291 0.061319
v -1.236721 -0.169003 0.144823
v -1.240984 -0.120078 0.219732
v -1.240862 -0.055971 0.282288
v -1.236361 0.020103 0.329357
v -1.227706 0.104332 0.358576
v -1.215332 0.192490 0.368481
v -1.199858 0.280157 0.358576
v -1.182061 0.362937 0.329357
v -1.162834 0.436679 0.282288
v -1.143140 0.497686 0.219732
v -1.123967 0.542899 0.144823
v -1.106276 0.570049 0.061319
v -1.090954 0.577776 -0.026594
v -1.078771 0.565693 -0.114506
v -1.070336 0.534404 -0.198011
v -1.066072 0.485480 -0.272919
v -1.066194 0.421373 -0.335476
v -1.070695 0.345298 -0.382544
v -1.079350 0.261070 -0.411764
v -1.091725 0.172912 -0.421669
v -1.107198 0.085245 -0.411764
v -1.124995 0.002465 -0.382544
v -1.144222 -0.071278 -0.335476
v -1.163917 -0.132285 -0.272919
v -1.183090 -0.177497 -0.198011
v -1.200781 -0.204647 -0.114506
v -1.209578 -0.250374 -0.021307
v -1.219388 -0.239026 0.067000
v -1.226193 -0.208348 0.150878
v -1.229651 -0.159877 0.226123
v -1.229589 -0.096045 0.288960
v -1.226009 -0.020052 0.336239
v -1.219091 0.064291 0.365589
v -1.209182 0.152755 0.375539
v -1.196780 0.240904 0.365589
v -1.182505 0.324318 0.336239
v -1.167073 0.398814 0.288960
v -1.151260 0.460656 0.226123
v -1.135856 0.506744 0.150878
v -1.121636 0.534766 0.067000
v -1.109311 0.543318 -0.021307
v -1.099500 0.531970 -0.109613
v -1.092695 0.501291 -0.193492
v -1.089237 0.452821 -0.268736
v -1.089300 0.388989 -0.331573
v -1.092880 0.312996 -0.378852
v -1.099798 0.228653 -0.408203
v -1.109706 0.140189 -0.418153
v -1.122109 0.052040 -0.408203
v -1.136384 -0.031374 -0.378852
v -1.151815 -0.105870 -0.331573
v -1.167629 -0.167712 -0.268736
v -1.183032 -0.213800 -0.193492
v -1.197253 -0.241822 -0.109613
v -1.201700 -0.288189 -0.015998
v -1.209095 -0.277416 0.072615
v -1.214232 -0.247215 0.156785
v -1.216853 -0.199100 0.232291
v -1.216827 -0.135484 0.295346
v -1.214154 -0.059556 0.342790
v -1.208969 0.024876 0.372242
v -1.201533 0.113578 0.382226
v -1.192217 0.202103 0.372242
v -1.181489 0.286011 0.342790
v -1.169886 0.361094 0.295346
v -1.157992 0.423589 0.232291
v -1.146401 0.470361 0.156785
v -1.135696 0.499064 0.072615
v -1.126413 0.508261 -0.015998
v -1.119018 0.497488 -0.104612
v -1.113881 0.467287 -0.188782
v -1.111260 0.419172 -0.264288
v -1.111286 0.355555 -0.327343
v -1.113959 0.279627 -0.374787
v -1.119143 0.195195 -0.404239
v -1.126580 0.106493 -0.414223
v -1.135896 0.017969 -0.404239
v -1.146624 -0.065939 -0.374787
v -1.158226 -0.141023 -0.327343
v -1.170121 -0.203518 -0.264288
v -1.181712 -0.250289 -0.188782
v -1.192417 -0.278993 -0.104612
v -1.192473 -0.325767 -0.010674
v -1.197421 -0.315407 0.078158
v -1.200861 -0.285548 0.162537
v -1.202622 -0.237688 0.238229
v -1.202614 -0.174227 0.301441
v -1.200838 -0.098346 0.349002
v -1.197384 -0.013851 0.378527
v -1.192423 0.075021 0.388536
v -1.186206 0.163814 0.378527
v -1.179043 0.248076 0.349002
v -1.171295 0.323581 0.301441
v -1.163349 0.386543 0.238229
v -1.155604 0.433805 0.162537
v -1.148448 0.462996 0.078158
v -1.142240 0.472655 -0.010674
v -1.137292 0.462295 -0.099507
v -1.133852 0.432436 -0.183885
v -1.132091 0.384576 -0.259578
v -1.132099 0.321115 -0.322790
v -1.133875 0.245234 -0.370351
v -1.137329 0.160739 -0.399876
v -1.142290 0.071867 -0.409885
v -1.148507 -0.016926 -0.399876
v -1.155670 -0.101188 -0.370351
v -1.163418 -0.176693 -0.322790
v -1.171364 -0.239655 -0.259578
v -1.179109 -0.286917 -0.183885
v -1.186265 -0.316109 -0.099507
v -1.181903 -0.363055 -0.005340
v -1.184383 -0.352943 0.083625
v -1.186108 -0.323291 0.168128
v -1.186992 -0.275584 0.243933
v -1.186991 -0.212216 0.307238
v -1.186105 -0.136364 0.354870
v -1.184378 -0.051832 0.384439
v -1.181897 0.037143 0.394463
v -1.178786 0.126097 0.384439
v -1.175202 0.210571 0.354870
v -1.171323 0.286329 0.307238
v -1.167346 0.349572 0.243933
v -1.163468 0.397129 0.168128
v -1.159884 0.426615 0.083625
v -1.156775 0.436551 -0.005340
v -1.154295 0.426439 -0.094304
v -1.152570 0.396786 -0.178808
v -1.151686 0.349080 -0.254613
v -1.151687 0.285712 -0.317918
v -1.152573 0.209860 -0.365550
v -1.154300 0.125328 -0.395119
v -1.156781 0.036353 -0.405142
v -1.159891 -0.052601 -0.395119
v -1.163476 -0.137075 -0.365550
v -1.167354 -0.212833 -0.317918
v -1.171332 -0.276076 -0.254613
v -1.175210 -0.323633 -0.178808
v -1.178794 -0.353119 -0.094304
v -1.170000 -0.400000 -0.000000
v -1.170000 -0.389971 0.089008
v -1.170000 -0.360388 0.173553
v -1.170000 -0.312733 0.249396
v -1.170000 -0.249396 0.312733
v -1.170000 -0.173553 0.360388
v -1.170000 -0.089008 0.389971
v -1.170000 -0.000000 0.400000
v -1.170000 0.089008 0.389971
v -1.170000 0.173553 0.360388
v -1.170000 0.249396 0.312733
v -1.170000 0.312733 0.249396
v -1.170000 0.360388 0.173553
v -1.170000 0.389971 0.089008
v -1.170000 0.400000 0.000000
v -1.170000 0.389971 -0.089008
v -1.170000 0.360388 -0.173553
v -1.170000 0.312733 -0.249396
v -1.170000 0.249396 -0.312733
v -1.170000 0.173553 -0.360388
v -1.170000 0.089008 -0.389971
v -1.170000 -0.000000 -0.400000
v -1.170000 -0.089008 -0.389971
v -1.170000 -0.173553 -0.360388
v -1.170000 -0.249396 -0.312733
v -1.170000 -0.312733 -0.249396
v -1.170000 -0.360388 -0.173553
v -1.170000 -0.389971 -0.089008
v -1.156775 -0.436551 0.005340
v -1.154295 -0.426439 0.094304
v -1.152570 -0.396786 0.178808
v -1.151686 -0.349080 0.254613
v -1.151687 -0.285712 0.317918
v -1.152573 -0.209860 0.365550
v -1.154300 -0.125328 0.395119
v -1.156781 -0.036353 0.405142
v -1.159891 0.052601 0.395119
v -1.163476 0.137075 0.365550
v -1.167354 0.212833 0.317918
v -1.171332 0.276076 0.254613
v -1.175210 0.323633 0.178808
v -1.178794 0.353119 0.094304
v -1.181903 0.363055 0.005340
v -1.184383 0.352943 -0.083625
v -1.186108 0.323291 -0.168128
v -1.186992 0.275584 -0.243933
v -1.186991 0.212216 -0.307238
v -1.186105 0.136364 -0.354870
v -1.184378 0.051832 -0.384439
v -1.181897 -0.037143 -0.394463
v -1.178786 -0.126097 -0.384439
v -1.175202 -0.210571 -0.354870
v -1.171323 -0.286329 -0.307238
v -1.167346 -0.349572 -0.243933
v -1.163468 -0.397129 -0.168128
v -1.159884 -0.426615 -0.083625
v -1.142240 -0.472655 0.010674
v -1.137292 -0.462295 0.099507
v -1.133852 -0.432436 0.183885
v -1.132091 -0.384576 0.259578
v -1.132099 -0.321115 0.322790
v -1.133875 -0.245234 0.370351
v -1.137329 -0.160739 0.399876
v -1.142290 -0.071867 0.409885
v -1.148507 0.016926 0.399876
v -1.155670 0.101188 0.370351
v -1.163418 0.176693 0.322790
v -1.171364 0.239655 0.259578
v -1.179109 0.286917 0.183885
v -1.186265 0.316109 0.099507
v -1.192473 0.325767 0.010674
v -1.197421 0.315407 -0.078158
v -1.200861 0.285548 -0.162537
v -1.202622 0.237688 -0.238229
v -1.202614 0.174227 -0.301441
v -1.200838 0.098346 -0.349002
v -1.197384 0.013851 -0.378527
v -1.192423 -0.075021 -0.388536
v -1.186206 -0.163814 -0.378527
v -1.179043 -0.248076 -0.349002
v -1.171295 -0.323581 -0.301441
v -1.163349 -0.386543 -0.238229
v -1.155604 -0.433805 -0.162537
v -1.148448 -0.462996 -0.078158
v -1.126413 -0.508261 0.015998
v -1.119018 -0.497488 0.104612
v -1.113881 -0.467287 0.188782
v -1.111260 -0.419172 0.264288
v -1.111286 -0.355555 0.327343
v -1.113959 -0.279627 0.374787
v -1.119143 -0.195195 0.404239
v -1.126580 -0.106493 0.414223
v -1.135896 -0.017969 0.404239
v -1.146624 0.065939 0.374787
v -1.158226 0.141023 0.327343
v -1.170121 0.203518 0.264288
v -1.181712 0.250289 0.188782
v -1.192417 0.278993 0.104612
v -1.201700 0.288189 0.015998
v -1.209095 0.277416 -0.072615
v -1.214232 0.247215 -0.156785
v -1.216853 0.199100 -0.232291
v -1.216827 0.135484 -0.295346
v -1.214154 0.059556 -0.342790
v -1.208969 -0.024876 -0.372242
v -1.201533 -0.113578 -0.382226
v -1.192217 -0.202103 -0.372242
v -1.181489 -0.286011 -0.342790
v -1.169886 -0.361094 -0.295346
v -1.157992 -0.423589 -0.232291
v -1.146401 -0.470361 -0.156785
v -1.135696 -0.499064 -0.072615
v -1.109311 -0.543318 0.021307
v -1.099500 -0.531970 0.109613
v -1.092695 -0.501291 0.193492
v -1.089237 -0.452821 0.268736
v -1.089300 -0.388989 0.331573
v -1.092880 -0.312996 0.378852
v -1.099798 -0.228653 0.408203
v -1.109706 -0.140189 0.418153
v -1.122109 -0.052040 0.408203
v -1.136384 0.031374 0.378852
v -1.151815 0.105870 0.331573
v -1.167629 0.167712 0.268736
v -1.183032 0.213800 0.193492
v -1.197253 0.241822 0.109613
v -1.209578 0.250374 0.021307
v -1.219388 0.239026 -0.067000
v -1.226193 0.208348 -0.150878
v -1.229651 0.159877 -0.226123
v -1.229589 0.096045 -0.288960
v -1.226009 0.020052 -0.336239
v -1.219091 -0.064291 -0.365589
v -1.209182 -0.152755 -0.375539
v -1.196780 -0.240904 -0.365589
v -1.182505 -0.324318 -0.336239
v -1.167073 -0.398814 -0.288960
v -1.151260 -0.460656 -0.226123
v -1.135856 -0.506744 -0.150878
v -1.121636 -0.534766 -0.067000
v -1.090954 -0.577776 0.026594
v -1.078771 -0.565693 0.114506
v -1.070336 -0.534404 0.198011
v -1.066072 -0.485480 0.272919
v -1.066194 -0.421373 0.335476
v -1.070695 -0.345298 0.382544
v -1.079350 -0.261070 0.411764
v -1.091725 -0.172912 0.421669
v -1.107198 -0.085245 0.411764
v -1.124995 -0.002465 0.382544
v -1.144222 0.071278 0.335476
v -1.163917 0.132285 0.272919
v -1.183090 0.177497 0.198011
v -1.200781 0.204647 0.114506
v -1.216102 0.212374 0.026594
v -1.228286 0.200291 -0.061319
v -1.236721 0.169003 -0.144823
v -1.240984 0.120078 -0.219732
v -1.240862 0.055971 -0.282288
v -1.236361 -0.020103 -0.329357
v -1.227706 -0.104332 -0.358576
v -1.215332 -0.192490 -0.368481
v -1.199858 -0.280157 -0.358576
v -1.182061 -0.362937 -0.329357
v -1.162834 -0.436679 -0.282288
v -1.143140 -0.497686 -0.219732
v -1.123967 -0.542899 -0.144823
v -1.106276 -0.570049 -0.061319
v -1.071366 -0.611587 0.031855
v -1.056862 -0.598610 0.119287
v -1.046844 -0.566582 0.202334
v -1.041814 -0.517108 0.276833
v -1.042024 -0.452670 0.339048
v -1.047464 -0.376497 0.385859
v -1.057861 -0.292411 0.414919
v -1.072693 -0.204627 0.424770
v -1.091218 -0.117548 0.414919
v -1.112505 -0.035539 0.385859
v -1.135488 0.037287 0.339048
v -1.159014 0.097278 0.276833
v -1.181903 0.141426 0.202334
v -1.203008 0.167517 0.119287
v -1.221271 0.174243 0.031855
v -1.235775 0.161267 -0.055577
v -1.245793 0.129238 -0.138625
v -1.250823 0.079765 -0.213124
v -1.250613 0.015326 -0.275338
v -1.245173 -0.060846 -0.322149
v -1.234776 -0.144933 -0.351209
v -1.219943 -0.232717 -0.361060
v -1.201419 -0.319796 -0.351209
v -1.180131 -0.401805 -0.322149
v -1.157148 -0.474631 -0.275338
v -1.133622 -0.534622 -0.213124
v -1.110733 -0.578770 -0.138625
v -1.089628 -0.604861 -0.055577
v -1.050570 -0.644701 0.037084
v -1.033809 -0.630678 0.123949
v -1.022263 -0.597784 0.206458
v -1.016513 -0.547668 0.280474
v -1.016845 -0.482842 0.342285
v -1.023245 -0.406559 0.388793
v -1.035390 -0.322642 0.417664
v -1.052671 -0.235300 0.427451
v -1.074223 -0.148912 0.417664
v -1.098964 -0.067811 0.388793
v -1.125654 0.003937 0.342285
v -1.152954 0.062734 0.280474
v -1.179495 0.105633 0.206458
v -1.203948 0.130481 0.123949
v -1.225084 0.136032 0.037084
v -1.241846 0.122009 -0.049780
v -1.253391 0.089115 -0.132289
v -1.259141 0.038999 -0.206305
v -1.258809 -0.025827 -0.268117
v -1.252409 -0.102110 -0.314624
v -1.240264 -0.186027 -0.343495
v -1.222983 -0.273369 -0.353282
v -1.201431 -0.359757 -0.343495
v -1.176690 -0.440858 -0.314624
v -1.150001 -0.512606 -0.268117
v -1.122700 -0.571403 -0.206305
v -1.096159 -0.614302 -0.132289
v -1.071706 -0.639149 -0.049780
v -1.028593 -0.677072 0.042277
v -1.009647 -0.661854 0.128489
v -0.996639 -0.627971 0.210378
v -0.990222 -0.577122 0.283838
v -0.990717 -0.511858 0.345185
v -0.998099 -0.435451 0.391343
v -1.011999 -0.351733 0.419997
v -1.031718 -0.264900 0.429711
v -1.056270 -0.179309 0.419997
v -1.084421 -0.099249 0.391343
v -1.114761 -0.028737 0.345185
v -1.145769 0.028693 0.283838
v -1.175889 0.070160 0.210378
v -1.203611 0.093585 0.128489
v -1.227545 0.097794 0.042277
v -1.246491 0.082576 -0.043935
v -1.259499 0.048693 -0.125824
v -1.265916 -0.002156 -0.199283
v -1.265422 -0.067420 -0.260630
v -1.258039 -0.143827 -0.306788
v -1.244140 -0.227545 -0.335442
v -1.224420 -0.314378 -0.345156
v -1.199869 -0.399969 -0.335442
v -1.171717 -0.480029 -0.306788
v -1.141377 -0.550541 -0.260630
v -1.110369 -0.607971 -0.199283
v -1.080250 -0.649438 -0.125824
v -1.052527 -0.672863 -0.043935
v -1.005465 -0.708654 0.047428
v -0.984417 -0.692095 0.132903
v -0.970019 -0.657106 0.214091
v -0.962995 -0.605440 0.286922
v -0.963697 -0.539688 0.347744
v -0.972089 -0.463148 0.393506
v -0.987751 -0.379657 0.421915
v -1.009896 -0.293402 0.431546
v -1.037416 -0.208708 0.421915
v -1.068929 -0.129823 0.393506
v -1.102856 -0.060701 0.347744
v -1.137495 -0.004809 0.286922
v -1.171109 0.035050 0.214091
v -1.202014 0.056879 0.132903
v -1.228658 0.059581 0.047428
v -1.249707 0.043022 -0.038046
v -1.264104 0.008033 -0.119234
v -1.271128 -0.043633 -0.192065
v -1.270426 -0.109385 -0.252887
v -1.262034 -0.185925 -0.298649
v -1.246373 -0.269416 -0.327058
v -1.224227 -0.355671 -0.336689
v -1.196708 -0.440364 -0.327058
v -1.165194 -0.519250 -0.298649
v -1.131268 -0.588372 -0.252887
v -1.096628 -0.644264 -0.192065
v -1.063014 -0.684123 -0.119234
v -1.032110 -0.705951 -0.038046
v -0.981216 -0.739401 0.052533
v -0.958156 -0.721364 0.137185
v -0.942451 -0.685155 0.217592
v -0.934888 -0.632590 0.289723
v -0.935846 -0.566305 0.349959
v -0.945277 -0.489624 0.395282
v -0.962708 -0.406392 0.423418
v -0.987266 -0.320782 0.432955
v -1.017718 -0.237088 0.423418
v -1.052539 -0.159506 0.395282
v -1.089981 -0.091926 0.349959
v -1.128167 -0.037737 0.289723
v -1.165183 0.000343 0.217592
v -1.199172 0.020405 0.137185
v -1.228430 0.021444 0.052533
v -1.251490 0.003406 -0.032119
v -1.267195 -0.032803 -0.112526
v -1.274758 -0.085368 -0.184657
v -1.273800 -0.151652 -0.244893
v -1.264369 -0.228334 -0.290216
v -1.246938 -0.311566 -0.318352
v -1.222380 -0.397175 -0.327890
v -1.191928 -0.480870 -0.318352
v -1.157107 -0.558452 -0.290216
v -1.119665 -0.626032 -0.244893
v -1.081479 -0.680220 -0.184657
v -1.044463 -0.718301 -0.112526
v -1.010474 -0.738363 -0.032119
v -0.955879 -0.769271 0.057585
v -0.930908 -0.749622 0.141332
v -0.913984 -0.712087 0.220879
v -0.905955 -0.658547 0.292237
v -0.907223 -0.591687 0.351830
v -0.917725 -0.514860 0.396667
v -0.936935 -0.431919 0.424502
v -0.963890 -0.347022 0.433938
v -0.997236 -0.264426 0.424502
v -1.035304 -0.188274 0.396667
v -1.076183 -0.122383 0.351830
v -1.117823 -0.070058 0.292237
v -1.158138 -0.033923 0.220879
v -1.195104 -0.015789 0.141332
v -1.226870 -0.016567 0.057585
v -1.251840 -0.036216 -0.026161
v -1.268765 -0.073751 -0.105708
v -1.276794 -0.127291 -0.177066
v -1.275526 -0.194151 -0.236659
v -1.265023 -0.270978 -0.281496
v -1.245813 -0.353919 -0.309331
v -1.218859 -0.438816 -0.318767
v -1.185512 -0.521412 -0.309331
v -1.147445 -0.597564 -0.281496
v -1.106566 -0.663455 -0.236659
v -1.064925 -0.715780 -0.177066
v -1.024611 -0.751915 -0.105708
v -0.987644 -0.770048 -0.026161
v -0.929489 -0.798222 0.062581
v -0.902716 -0.776835 0.145339
v -0.884669 -0.737872 0.223947
v -0.876253 -0.683285 0.294464
v -0.877890 -0.615813 0.353353
v -0.889498 -0.538839 0.397661
v -0.910496 -0.456222 0.425167
v -0.939829 -0.372105 0.434492
v -0.976028 -0.290706 0.425167
v -1.017277 -0.216107 0.397661
v -1.061507 -0.152048 0.353353
v -1.106502 -0.101743 0.294464
v -1.150004 -0.067712 0.223947
v -1.189832 -0.051663 0.145339
v -1.223989 -0.054400 0.062581
v -1.250762 -0.075787 -0.020177
v -1.268809 -0.114750 -0.098785
v -1.277225 -0.169337 -0.169301
v -1.275588 -0.236809 -0.228190
v -1.263979 -0.313783 -0.272499
v -1.242982 -0.396400 -0.300005
v -1.213648 -0.480517 -0.309329
v -1.177449 -0.561916 -0.300005
v -1.136201 -0.636515 -0.272499
v -1.091970 -0.700574 -0.228190
v -1.046976 -0.750880 -0.169301
v -1.003474 -0.784910 -0.098785
v -0.963646 -0.800959 -0.020177
v -0.902082 -0.826212 0.067515
v -0.873623 -0.802969 0.149203
v -0.854556 -0.762484 0.226795
v -0.845839 -0.706786 0.296399
v -0.847908 -0.638668 0.354527
v -0.860659 -0.561547 0.398262
v -0.883453 -0.479289 0.425413
v -0.915147 -0.396020 0.434617
v -0.954152 -0.315914 0.425413
v -0.998512 -0.242988 0.398262
v -1.046002 -0.180900 0.354527
v -1.094241 -0.132762 0.296399
v -1.140811 -0.100989 0.226795
v -1.183375 -0.087173 0.149203
v -1.219800 -0.092008 0.067515
v -1.248260 -0.115251 -0.014173
v -1.267326 -0.155737 -0.091764
v -1.276043 -0.211435 -0.161369
v -1.273974 -0.279552 -0.219497
v -1.261223 -0.356673 -0.263232
v -1.238429 -0.438931 -0.290383
v -1.206735 -0.522201 -0.299587
v -1.167730 -0.602307 -0.290383
v -1.123370 -0.675232 -0.263232
v -1.075880 -0.737321 -0.219497
v -1.027641 -0.785458 -0.161369
v -0.981072 -0.817232 -0.091764
v -0.938507 -0.831047 -0.014173
v -0.873696 -0.853204 0.072382
v -0.843675 -0.827993 0.152920
v -0.823700 -0.785898 0.229418
v -0.814772 -0.729029 0.298043
v -0.817338 -0.660238 0.355351
v -0.831271 -0.582975 0.398471
v -0.855871 -0.501113 0.425239
v -0.889905 -0.418758 0.434313
v -0.931667 -0.340039 0.425239
v -0.979062 -0.268903 0.398471
v -1.029713 -0.208918 0.355351
v -1.081082 -0.163092 0.298043
v -1.130591 -0.133721 0.229418
v -1.175759 -0.122280 0.152920
v -1.214320 -0.129342 0.072382
v -1.244341 -0.154553 -0.008155
v -1.264316 -0.196648 -0.084653
v -1.273245 -0.253516 -0.153278
v -1.270678 -0.322307 -0.210586
v -1.256745 -0.399571 -0.253706
v -1.232145 -0.481433 -0.280474
v -1.198111 -0.563788 -0.289548
v -1.156349 -0.642507 -0.280474
v -1.108954 -0.713643 -0.253706
v -1.058303 -0.773628 -0.210586
v -1.006934 -0.819454 -0.153278
v -0.957425 -0.848824 -0.084653
v -0.912258 -0.860266 -0.008155
v -0.844372 -0.879160 0.077178
v -0.812920 -0.851879 0.156485
v -0.792152 -0.808094 0.231816
v -0.783108 -0.750001 0.299392
v -0.786242 -0.680514 0.355825
v -0.801397 -0.603116 0.398286
v -0.827813 -0.521688 0.424645
v -0.864165 -0.440314 0.433581
v -0.908631 -0.363074 0.424645
v -0.958980 -0.293841 0.398286
v -1.012689 -0.236087 0.355825
v -1.067063 -0.192708 0.299392
v -1.119377 -0.165879 0.231816
v -1.167007 -0.156945 0.156485
v -1.207564 -0.166354 0.077178
v -1.239016 -0.193635 -0.002129
v -1.259785 -0.237420 -0.077459
v -1.268829 -0.295513 -0.145035
v -1.265695 -0.365000 -0.201468
v -1.250540 -0.442398 -0.243929
v -1.224124 -0.523826 -0.270288
v -1.187772 -0.605200 -0.279224
v -1.143306 -0.682440 -0.270288
v -1.092956 -0.751673 -0.243929
v -1.039248 -0.809427 -0.201468
v -0.984873 -0.852806 -0.145035
v -0.932560 -0.879635 -0.077459
v -0.884930 -0.888569 -0.002129
v -0.814150 -0.904044 0.081898
v -0.781406 -0.874598 0.159897
v -0.759966 -0.829052 0.233984
v -0.750906 -0.769690 0.300445
v -0.754680 -0.699488 0.355948
v -0.771099 -0.621967 0.397708
v -0.799340 -0.541013 0.423632
v -0.837986 -0.460687 0.432421
v -0.885100 -0.385016 0.423632
v -0.938319 -0.317794 0.397708
v -0.994975 -0.262393 0.355948
v -1.052226 -0.221590 0.300445
v -1.107202 -0.197432 0.233984
v -1.157146 -0.191130 0.159897
v -1.199553 -0.202999 0.081898
v -1.232298 -0.232445 0.003899
v -1.253738 -0.277991 -0.070188
v -1.262798 -0.337353 -0.136649
v -1.259024 -0.407555 -0.192152
v -1.242605 -0.485077 -0.233912
v -1.214364 -0.566030 -0.259836
v -1.175718 -0.646356 -0.268625
v -1.128604 -0.722027 -0.259836
v -1.075385 -0.789249 -0.233912
v -1.018729 -0.844650 -0.192152
v -0.961478 -0.885453 -0.136649
v -0.906502 -0.909611 -0.070188
v -0.856558 -0.915914 0.003899
v -0.783075 -0.927824 0.086537
v -0.749180 -0.896128 0.163150
v -0.727196 -0.848756 0.235922
v -0.718224 -0.788085 0.301203
v -0.722713 -0.717157 0.355719
v -0.740440 -0.639528 0.396738
v -0.770515 -0.559090 0.422202
v -0.811430 -0.479878 0.430834
v -0.861133 -0.405864 0.422202
v -0.917132 -0.340758 0.396738
v -0.976619 -0.287826 0.355719
v -1.036611 -0.249721 0.301203
v -1.094100 -0.228355 0.235922
v -1.146203 -0.224799 0.163150
v -1.190308 -0.239231 0.086537
v -1.224202 -0.270927 0.009924
v -1.246186 -0.318299 -0.062848
v -1.255159 -0.378970 -0.128129
v -1.250669 -0.449898 -0.182645
v -1.232942 -0.527527 -0.223664
v -1.202867 -0.607965 -0.249128
v -1.161952 -0.687177 -0.257760
v -1.112249 -0.761191 -0.249128
v -1.056250 -0.826297 -0.223664
v -0.996763 -0.879229 -0.182645
v -0.936771 -0.917334 -0.128129
v -0.879282 -0.938700 -0.062848
v -0.827179 -0.942256 0.009924
v -0.751188 -0.950468 0.091091
v -0.716294 -0.916445 0.166243
v -0.693896 -0.867193 0.237627
v -0.685119 -0.805182 0.301662
v -0.690402 -0.733520 0.355139
v -0.709480 -0.655802 0.395376
v -0.741398 -0.575925 0.420354
v -0.784554 -0.497893 0.428822
v -0.836784 -0.425620 0.420354
v -0.895470 -0.362730 0.395376
v -0.957668 -0.312376 0.355139
v -1.020260 -0.277084 0.301662
v -1.080107 -0.258623 0.237627
v -1.134208 -0.257918 0.166243
v -1.179850 -0.275006 0.091091
v -1.214745 -0.309029 0.015938
v -1.237142 -0.358281 -0.055446
v -1.245920 -0.420292 -0.119481
v -1.240637 -0.491954 -0.172958
v -1.221558 -0.569672 -0.213195
v -1.189640 -0.649550 -0.238173
v -1.146485 -0.727581 -0.246641
v -1.094254 -0.799854 -0.238173
v -1.035569 -0.862744 -0.213195
v -0.973371 -0.913098 -0.172958
v -0.910779 -0.948390 -0.119481
v -0.850932 -0.966851 -0.055446
v -0.796831 -0.967556 0.015938
v -0.718538 -0.971947 0.095554
v -0.682796 -0.935531 0.169171
v -0.660120 -0.884352 0.239097
v -0.651648 -0.820976 0.301825
v -0.657804 -0.748581 0.354209
v -0.678280 -0.670797 0.393624
v -0.712048 -0.591525 0.418092
v -0.757416 -0.514739 0.426386
v -0.812108 -0.444291 0.418092
v -0.873383 -0.383712 0.393624
v -0.938167 -0.336040 0.354209
v -1.003212 -0.303666 0.301825
v -1.065256 -0.288213 0.239097
v -1.121189 -0.290456 0.169171
v -1.168205 -0.310282 0.095554
v -1.203946 -0.346698 0.021937
v -1.226622 -0.397877 -0.047989
v -1.235094 -0.461253 -0.110716
v -1.228938 -0.533648 -0.163101
v -1.208463 -0.611432 -0.202515
v -1.174694 -0.690704 -0.226983
v -1.129326 -0.767489 -0.235278
v -1.074634 -0.837938 -0.226983
v -1.013360 -0.898517 -0.202515
v -0.948576 -0.946189 -0.163101
v -0.883531 -0.978563 -0.110716
v -0.821486 -0.994016 -0.047989
v -0.765554 -0.991773 0.021937
v -0.685169 -0.992232 0.099923
v -0.648738 -0.953367 0.171933
v -0.625923 -0.900223 0.240331
v -0.617869 -0.835467 0.301689
v -0.624979 -0.762344 0.352929
v -0.646897 -0.684522 0.391483
v -0.682523 -0.605903 0.415417
v -0.730072 -0.530428 0.423530
v -0.787159 -0.461884 0.415417
v -0.850921 -0.403706 0.391483
v -0.918161 -0.358813 0.352929
v -0.985508 -0.329455 0.301689
v -1.049584 -0.317104 0.240331
v -1.107177 -0.322380 0.171933
v -1.155398 -0.345018 0.099923
v -1.191829 -0.383883 0.027914
v -1.214644 -0.437027 -0.040484
v -1.222698 -0.501783 -0.101842
v -1.215588 -0.574906 -0.153082
v -1.193670 -0.652728 -0.191636
v -1.158044 -0.731347 -0.215570
v -1.110495 -0.806822 -0.223683
v -1.053408 -0.875366 -0.215570
v -0.989646 -0.933544 -0.191636
v -0.922405 -0.978437 -0.153082
v -0.855059 -1.007795 -0.101842
v -0.790983 -1.020146 -0.040484
v -0.733390 -1.014870 0.027914
v -0.651131 -1.011299 0.104194
v -0.614172 -0.969938 0.174525
v -0.591359 -0.914802 0.241328
v -0.583837 -0.848657 0.301256
v -0.591983 -0.774818 0.351301
v -0.615389 -0.696989 0.388956
v -0.652880 -0.619072 0.412332
v -0.702577 -0.544975 0.420256
v -0.761988 -0.478412 0.412332
v -0.828133 -0.422721 0.388956
v -0.897696 -0.380696 0.351301
v -0.967189 -0.354443 0.301256
v -1.033127 -0.345278 0.241328
v -1.092204 -0.353663 0.174525
v -1.141456 -0.379175 0.104194
v -1.178416 -0.420535 0.033864
v -1.201228 -0.475671 -0.032940
v -1.208750 -0.541816 -0.092867
v -1.200604 -0.615655 -0.142913
v -1.177198 -0.693484 -0.180568
v -1.139707 -0.771401 -0.203943
v -1.090010 -0.845499 -0.211868
v -1.030600 -0.912062 -0.203943
v -0.964454 -0.967752 -0.180568
v -0.894891 -1.009778 -0.142913
v -0.825398 -1.036031 -0.092867
v -0.759460 -1.045195 -0.032940
v -0.700384 -1.036811 0.033864
v -0.616471 -1.029124 0.108362
v -0.579148 -0.985231 0.176944
v -0.556481 -0.928085 0.242087
v -0.549608 -0.860551 0.300525
v -0.558873 -0.786015 0.349327
v -0.583811 -0.708215 0.386045
v -0.623173 -0.631052 0.408840
v -0.674983 -0.558395 0.416567
v -0.736645 -0.493887 0.408840
v -0.805066 -0.440764 0.386045
v -0.876815 -0.401689 0.349327
v -0.948295 -0.378622 0.300525
v -1.015921 -0.372719 0.242087
v -1.076302 -0.384276 0.176944
v -1.126410 -0.412713 0.108362
v -1.163734 -0.456605 0.039780
v -1.186400 -0.513751 -0.025363
v -1.193273 -0.581286 -0.083801
v -1.184008 -0.655822 -0.132603
v -1.159070 -0.733622 -0.169321
v -1.119709 -0.810785 -0.192116
v -1.067898 -0.883442 -0.199843
v -1.006236 -0.947949 -0.192116
v -0.937816 -1.001073 -0.169321
v -0.866066 -1.040147 -0.132603
v -0.794587 -1.063215 -0.083801
v -0.726961 -1.069118 -0.025363
v -0.666580 -1.057561 0.039780
v -0.581240 -1.045686 0.112423
v -0.543719 -0.999237 0.179189
v -0.521343 -0.940072 0.242607
v -0.515236 -0.871157 0.299498
v -0.525703 -0.795948 0.347007
v -0.552219 -0.718217 0.382754
v -0.593454 -0.641860 0.404945
v -0.647341 -0.570708 0.412467
v -0.711179 -0.508328 0.404945
v -0.781764 -0.457848 0.382754
v -0.855560 -0.421799 0.347007
v -0.928863 -0.401988 0.299498
v -0.998000 -0.399410 0.242607
v -1.059504 -0.414194 0.179189
v -1.110289 -0.445597 0.112423
v -1.147810 -0.492046 0.045657
v -1.170185 -0.551212 -0.017761
v -1.176293 -0.620127 -0.074652
v -1.165826 -0.695335 -0.122161
v -1.139310 -0.773067 -0.157908
v -1.098075 -0.849423 -0.180099
v -1.044187 -0.920575 -0.187621
v -0.980350 -0.982955 -0.180099
v -0.909764 -1.033436 -0.157908
v -0.835969 -1.069485 -0.122161
v -0.762665 -1.089295 -0.074652
v -0.693528 -1.091873 -0.017761
v -0.632025 -1.077090 0.045657
v -0.545487 -1.060967 0.116373
v -0.507936 -1.011946 0.181257
v -0.485998 -0.950763 0.242888
v -0.480774 -0.880484 0.298175
v -0.492525 -0.804633 0.344345
v -0.520662 -0.727015 0.379084
v -0.563775 -0.651521 0.400650
v -0.619700 -0.581937 0.407960
v -0.685635 -0.521753 0.400650
v -0.758273 -0.473985 0.379084
v -0.833971 -0.441030 0.344345
v -0.908934 -0.424539 0.298175
v -0.979403 -0.425340 0.242888
v -1.041843 -0.443393 0.181257
v -1.093125 -0.477792 0.116373
v -1.130676 -0.526812 0.051489
v -1.152614 -0.587996 -0.010142
v -1.157838 -0.658275 -0.065429
v -1.146087 -0.734126 -0.111599
v -1.117950 -0.811744 -0.146338
v -1.074837 -0.887237 -0.167904
v -1.018911 -0.956821 -0.175214
v -0.952976 -1.017006 -0.167904
v -0.880338 -1.064774 -0.146338
v -0.804640 -1.097729 -0.111599
v -0.729678 -1.114220 -0.065429
v -0.659209 -1.113419 -0.010142
v -0.596769 -1.095366 0.051489
v -0.509264 -1.074949 0.120208
v -0.471851 -1.023354 0.183147
v -0.450498 -0.960163 0.242929
v -0.446273 -0.888544 0.296558
v -0.459391 -0.812090 0.341343
v -0.489192 -0.734634 0.375041
v -0.534183 -0.660060 0.395959
v -0.592107 -0.592107 0.403051
v -0.660060 -0.534183 0.395959
v -0.734634 -0.489192 0.375041
v -0.812090 -0.459391 0.341343
v -0.888544 -0.446273 0.296558
v -0.960163 -0.450498 0.242929
v -1.023354 -0.471851 0.183147
v -1.074949 -0.509264 0.120208
v -1.112362 -0.560860 0.057270
v -1.133716 -0.624051 -0.002513
v -1.137940 -0.695669 -0.056141
v -1.124823 -0.772124 -0.100927
v -1.095021 -0.849580 -0.134624
v -1.050031 -0.924154 -0.155543
v -0.992107 -0.992107 -0.162635
v -0.924154 -1.050031 -0.155543
v -0.849580 -1.095021 -0.134624
v -0.772124 -1.124823 -0.100927
v -0.695669 -1.137940 -0.056141
v -0.624051 -1.133716 -0.002513
v -0.560860 -1.112362 0.057270
v -0.472622 -1.087620 0.123925
v -0.435517 -1.033456 0.184855
v -0.414893 -0.968278 0.242730
v -0.411786 -0.895353 0.294648
v -0.426350 -0.818340 0.338005
v -0.457857 -0.741098 0.370627
v -0.504725 -0.667502 0.390878
v -0.564605 -0.601243 0.397744
v -0.634493 -0.545642 0.390878
v -0.710887 -0.503487 0.370627
v -0.789954 -0.476893 0.338005
v -0.867730 -0.467193 0.294648
v -0.940316 -0.474873 0.242730
v -1.004070 -0.499549 0.184855
v -1.055797 -0.539982 0.123925
v -1.092903 -0.594146 0.062994
v -1.113527 -0.659324 0.005119
v -1.116634 -0.732249 -0.046799
v -1.102069 -0.809262 -0.090156
v -1.070563 -0.886504 -0.122778
v -1.023695 -0.960099 -0.143029
v -0.963815 -1.026359 -0.149894
v -0.893926 -1.081960 -0.143029
v -0.817533 -1.124115 -0.122778
v -0.738466 -1.150709 -0.090156
v -0.660690 -1.160409 -0.046799
v -0.588104 -1.152729 0.005119
v -0.524350 -1.128053 0.062994
v -0.435614 -1.098966 0.127519
v -0.398984 -1.042251 0.186381
v -0.379235 -0.975117 0.242292
v -0.377360 -0.900928 0.292447
v -0.393451 -0.823405 0.334333
v -0.426701 -0.746436 0.365847
v -0.475444 -0.673879 0.385411
v -0.537236 -0.609374 0.392044
v -0.608977 -0.556155 0.385411
v -0.687070 -0.516890 0.365847
v -0.767600 -0.493548 0.334333
v -0.846528 -0.487300 0.292447
v -0.919897 -0.498459 0.242292
v -0.984027 -0.526466 0.186381
v -1.035703 -0.569916 0.127519
v -1.072333 -0.626630 0.068657
v -1.092082 -0.693765 0.012746
v -1.093957 -0.767954 -0.037410
v -1.077866 -0.845477 -0.079295
v -1.044616 -0.922446 -0.110810
v -0.995873 -0.995002 -0.130374
v -0.934081 -1.059507 -0.137006
v -0.862340 -1.112727 -0.130374
v -0.784247 -1.151992 -0.110810
v -0.703717 -1.175333 -0.079295
v -0.624789 -1.181581 -0.037410
v -0.551420 -1.170422 0.012746
v -0.487290 -1.142415 0.068657
v -0.398291 -1.108977 0.130987
v -0.362303 -1.049741 0.187723
v -0.343574 -0.980690 0.241614
v -0.343043 -0.905287 0.289958
v -0.360737 -0.827312 0.330331
v -0.395769 -0.750676 0.360707
v -0.446383 -0.679221 0.379564
v -0.510039 -0.616531 0.385957
v -0.583547 -0.565749 0.379564
v -0.663220 -0.529422 0.360707
v -0.745063 -0.509370 0.330331
v -0.824972 -0.506600 0.289958
v -0.898940 -0.521251 0.241614
v -0.963259 -0.552587 0.187723
v -1.014702 -0.599038 0.130987
v -1.050690 -0.658274 0.074251
v -1.069420 -0.727325 0.020360
v -1.069950 -0.802728 -0.027984
v -1.052256 -0.880703 -0.068356
v -1.017224 -0.957339 -0.098732
v -0.966611 -1.028794 -0.117590
v -0.902954 -1.091484 -0.123982
v -0.829446 -1.142266 -0.117590
v -0.749773 -1.178594 -0.098732
v -0.667930 -1.198645 -0.068356
v -0.588021 -1.201415 -0.027984
v -0.514053 -1.186764 0.020360
v -0.449735 -1.155428 0.074251
v -0.360706 -1.117647 0.134326
v -0.325525 -1.055929 0.188880
v -0.307956 -0.985011 0.240699
v -0.308881 -0.908452 0.287183
v -0.328253 -0.830088 0.326002
v -0.365102 -0.753851 0.355210
v -0.417578 -0.683562 0.373342
v -0.483052 -0.622747 0.379489
v -0.558239 -0.574454 0.373342
v -0.639370 -0.541106 0.355210
v -0.722376 -0.524375 0.326002
v -0.803095 -0.525099 0.287183
v -0.877480 -0.543243 0.240699
v -0.941800 -0.577897 0.188880
v -0.992830 -0.627322 0.134326
v -1.028012 -0.689040 0.079772
v -1.045581 -0.759958 0.027954
v -1.044656 -0.836518 -0.018530
v -1.025284 -0.914881 -0.057350
v -0.988435 -0.991119 -0.086558
v -0.935959 -1.061407 -0.104690
v -0.870485 -1.122223 -0.110836
v -0.795298 -1.170515 -0.104690
v -0.714167 -1.203863 -0.086558
v -0.631161 -1.220594 -0.057350
v -0.550442 -1.219870 -0.018530
v -0.476057 -1.201726 0.027954
v -0.411737 -1.167073 0.079772
v -0.322912 -1.124971 0.137533
v -0.288700 -1.060819 0.189851
v -0.272430 -0.988095 0.239545
v -0.274918 -0.910445 0.284124
v -0.296040 -0.831762 0.321352
v -0.334737 -0.755992 0.349363
v -0.389067 -0.686935 0.366752
v -0.456308 -0.628053 0.372647
v -0.533086 -0.582300 0.366752
v -0.615552 -0.551968 0.349363
v -0.699571 -0.538579 0.321352
v -0.780930 -0.542805 0.284124
v -0.855549 -0.564434 0.239545
v -0.919686 -0.602381 0.189851
v -0.970126 -0.654743 0.137533
v -1.004338 -0.718894 0.085215
v -1.020608 -0.791619 0.035521
v -1.018120 -0.869269 -0.009058
v -0.996998 -0.947952 -0.046287
v -0.958301 -1.023721 -0.074298
v -0.903970 -1.092778 -0.091686
v -0.836730 -1.151660 -0.097581
v -0.759952 -1.197414 -0.091686
v -0.677486 -1.227746 -0.074298
v -0.593466 -1.241134 -0.046287
v -0.512108 -1.236908 -0.009058
v -0.437489 -1.215280 0.035521
v -0.373352 -1.177333 0.085215
v -0.284961 -1.130945 0.140604
v -0.251876 -1.064421 0.190634
v -0.237040 -0.989958 0.238155
v -0.241197 -0.911291 0.280785
v -0.264137 -0.832364 0.316385
v -0.304710 -0.757136 0.343172
v -0.360883 -0.689377 0.359800
v -0.429837 -0.632487 0.365437
v -0.508117 -0.589317 0.359800
v -0.591796 -0.562033 0.343172
v -0.676678 -0.552002 0.316385
v -0.758507 -0.559727 0.280785
v -0.833179 -0.584822 0.238155
v -0.896951 -0.626028 0.190634
v -0.946625 -0.681278 0.140604
v -0.979709 -0.747803 0.090574
v -0.994545 -0.822265 0.043052
v -0.990389 -0.900932 0.000422
v -0.967449 -0.979859 -0.035178
v -0.926875 -1.055088 -0.061964
v -0.870703 -1.122846 -0.078593
v -0.801748 -1.179736 -0.084230
v -0.723469 -1.222906 -0.078593
v -0.639790 -1.250191 -0.061964
v -0.554908 -1.260221 -0.035178
v -0.473079 -1.252496 0.000422
v -0.398406 -1.227401 0.043052
v -0.334634 -1.186195 0.090574
v -0.246904 -1.135569 0.143536
v -0.215103 -1.066742 0.191229
v -0.201832 -0.990619 0.236530
v -0.207757 -0.911017 0.277169
v -0.232579 -0.831927 0.311106
v -0.275055 -0.757316 0.336641
v -0.333055 -0.690925 0.352493
v -0.403670 -0.636082 0.357866
v -0.483360 -0.595539 0.352493
v -0.568127 -0.571327 0.336641
v -0.653723 -0.564661 0.311106
v -0.735854 -0.575876 0.277169
v -0.810403 -0.604408 0.236530
v -0.873631 -0.648828 0.191229
v -0.922367 -0.706908 0.143536
v -0.954168 -0.775734 0.095843
v -0.967439 -0.851857 0.050541
v -0.961515 -0.931459 0.009903
v -0.936692 -1.010549 -0.024035
v -0.894216 -1.085160 -0.049570
v -0.836216 -1.151552 -0.065421
v -0.765601 -1.206394 -0.070795
v -0.685912 -1.246938 -0.065421
v -0.601144 -1.271149 -0.049570
v -0.515548 -1.277815 -0.024035
v -0.433417 -1.266600 0.009903
v -0.358868 -1.238068 0.050541
v -0.295641 -1.193648 0.095843
v -0.208796 -1.138845 0.146326
v -0.178428 -1.067795 0.191635
v -0.166849 -0.990099 0.234672
v -0.174637 -0.909650 0.273279
v -0.201402 -0.830485 0.305520
v -0.245803 -0.756571 0.329778
v -0.305612 -0.691616 0.344838
v -0.377831 -0.638877 0.349943
v -0.458838 -0.600999 0.344838
v -0.544572 -0.579879 0.329778
v -0.630733 -0.576579 0.305520
v -0.713001 -0.591263 0.273279
v -0.787250 -0.623194 0.234672
v -0.849758 -0.670772 0.191635
v -0.897389 -0.731612 0.146326
v -0.927756 -0.802661 0.101017
v -0.939336 -0.880358 0.057980
v -0.931548 -0.960806 0.019373
v -0.904783 -1.039972 -0.012868
v -0.860382 -1.113885 -0.037126
v -0.800573 -1.178840 -0.052185
v -0.728354 -1.231579 -0.057290
v -0.647346 -1.269458 -0.052185
v -0.561613 -1.290577 -0.037126
v -0.475452 -1.293877 -0.012868
v -0.393184 -1.279194 0.019373
v -0.318935 -1.247262 0.057980
v -0.256427 -1.199684 0.101017
v -0.170686 -1.140776 0.148972
v -0.141898 -1.067594 0.191852
v -0.132130 -0.988419 0.232582
v -0.141873 -0.907220 0.269120
v -0.170637 -0.828070 0.299632
v -0.216980 -0.754938 0.322590
v -0.278578 -0.691491 0.336842
v -0.352343 -0.640909 0.341674
v -0.434575 -0.605730 0.336842
v -0.521152 -0.587718 0.322590
v -0.607731 -0.587776 0.299632
v -0.689972 -0.605900 0.269120
v -0.763750 -0.641182 0.232582
v -0.825367 -0.691854 0.191852
v -0.871731 -0.755373 0.148972
v -0.900519 -0.828555 0.106092
v -0.910286 -0.907731 0.065362
v -0.900544 -0.988929 0.028825
v -0.871780 -1.068079 -0.001688
v -0.825437 -1.141211 -0.024646
v -0.763839 -1.204659 -0.038898
v -0.690074 -1.255240 -0.043729
v -0.607842 -1.290419 -0.038898
v -0.521265 -1.308431 -0.024646
v -0.434686 -1.308374 -0.001688
v -0.352445 -1.290249 0.028825
v -0.278666 -1.254967 0.065362
v -0.217050 -1.204295 0.106092
v -0.132626 -1.141369 0.151471
v -0.105557 -1.066153 0.191880
v -0.097717 -0.985603 0.230263
v -0.109499 -0.903757 0.264694
v -0.140312 -0.824720 0.293449
v -0.188612 -0.752456 0.315084
v -0.251975 -0.690587 0.328514
v -0.327225 -0.642216 0.333067
v -0.410589 -0.609769 0.328514
v -0.497886 -0.594872 0.315084
v -0.584739 -0.598273 0.293449
v -0.666793 -0.619802 0.264694
v -0.739933 -0.658378 0.230263
v -0.800491 -0.712067 0.191880
v -0.845431 -0.778177 0.151471
v -0.872500 -0.853393 0.111062
v -0.880340 -0.933943 0.072679
v -0.868558 -1.015789 0.038248
v -0.837745 -1.094826 0.009493
v -0.789446 -1.167090 -0.012141
v -0.726082 -1.228959 -0.025572
v -0.650832 -1.277330 -0.030125
v -0.567468 -1.309777 -0.025572
v -0.480171 -1.324674 -0.012141
v -0.393318 -1.321272 0.009493
v -0.311265 -1.299744 0.038248
v -0.238125 -1.261168 0.072679
v -0.177567 -1.207479 0.111062
v -0.094667 -1.140632 0.153821
v -0.069451 -1.063490 0.191719
v -0.063647 -0.981676 0.227716
v -0.077548 -0.899292 0.260008
v -0.110456 -0.820470 0.286976
v -0.160721 -0.749163 0.307266
v -0.225822 -0.688945 0.319862
v -0.302496 -0.642836 0.324132
v -0.386896 -0.613149 0.319862
v -0.474792 -0.601372 0.307266
v -0.561776 -0.608095 0.286976
v -0.643486 -0.632982 0.260008
v -0.715824 -0.674785 0.227716
v -0.775164 -0.731407 0.191719
v -0.818529 -0.800009 0.153821
v -0.843746 -0.877151 0.115923
v -0.849549 -0.958965 0.079925
v -0.835649 -1.041349 0.047633
v -0.802741 -1.120171 0.020666
v -0.752476 -1.191479 0.000375
v -0.687374 -1.251697 -0.012221
v -0.610701 -1.297805 -0.016491
v -0.526300 -1.327493 -0.012221
v -0.438404 -1.339270 0.000375
v -0.351420 -1.332546 0.020666
v -0.269711 -1.307659 0.047633
v -0.197372 -1.265857 0.079925
v -0.138033 -1.209235 0.115923
v -0.056860 -1.138576 0.156018
v -0.033621 -1.059624 0.191368
v -0.029957 -0.976665 0.224945
v -0.046049 -0.893858 0.255065
v -0.081091 -0.815358 0.280219
v -0.133326 -0.745098 0.299145
v -0.200135 -0.686604 0.310895
v -0.278168 -0.642808 0.314877
v -0.363511 -0.615905 0.310895
v -0.451885 -0.607246 0.299145
v -0.538860 -0.617264 0.280219
v -0.620072 -0.645456 0.255065
v -0.691451 -0.690410 0.224945
v -0.749417 -0.749871 0.191368
v -0.791063 -0.820858 0.156018
v -0.814301 -0.899810 0.120669
v -0.817966 -0.982769 0.087092
v -0.801874 -1.065575 0.056971
v -0.766832 -1.144076 0.031817
v -0.714597 -1.214335 0.012891
v -0.647788 -1.272830 0.001142
v -0.569755 -1.316626 -0.002841
v -0.484412 -1.343529 0.001142
v -0.396037 -1.352188 0.012891
v -0.309063 -1.342170 0.031817
v -0.227851 -1.313978 0.056971
v -0.156472 -1.269024 0.087092
v -0.098506 -1.209563 0.120669
v -0.019252 -1.135213 0.158062
v 0.001889 -1.054575 0.190828
v 0.003320 -0.970596 0.221951
v -0.015029 -0.887489 0.249871
v -0.052240 -0.809419 0.273187
v -0.106445 -0.740303 0.290730
v -0.174928 -0.683605 0.301620
v -0.254253 -0.642169 0.305312
v -0.340443 -0.618073 0.301620
v -0.429177 -0.612524 0.290730
v -0.516005 -0.625802 0.273187
v -0.596572 -0.657240 0.249871
v -0.666839 -0.705261 0.221951
v -0.723283 -0.767459 0.190828
v -0.763073 -0.840713 0.158062
v -0.784213 -0.921351 0.125296
v -0.785645 -1.005330 0.094173
v -0.767295 -1.088437 0.066253
v -0.730085 -1.166507 0.042937
v -0.675879 -1.235623 0.025394
v -0.607397 -1.292321 0.014504
v -0.528072 -1.333757 0.010812
v -0.441881 -1.357853 0.014504
v -0.353147 -1.363402 0.025394
v -0.266320 -1.350124 0.042937
v -0.185752 -1.318686 0.066253
v -0.115485 -1.270665 0.094173
v -0.059041 -1.208467 0.125296
v 0.018108 -1.130557 0.159950
v 0.037040 -1.048365 0.190100
v 0.036151 -0.963499 0.218739
v 0.015485 -0.880217 0.244430
v -0.023921 -0.802693 0.265884
v -0.080091 -0.734815 0.282027
v -0.150210 -0.679988 0.292048
v -0.230759 -0.640959 0.295445
v -0.317702 -0.619687 0.292048
v -0.406678 -0.617237 0.282027
v -0.493224 -0.633733 0.265884
v -0.573003 -0.668348 0.244430
v -0.642012 -0.719345 0.218739
v -0.696793 -0.784169 0.190100
v -0.734597 -0.859567 0.159950
v -0.753529 -0.941759 0.129799
v -0.752640 -1.026624 0.101161
v -0.731974 -1.109907 0.075470
v -0.692568 -1.187431 0.054015
v -0.636397 -1.255308 0.037873
v -0.566279 -1.310136 0.027852
v -0.485729 -1.349164 0.024455
v -0.398787 -1.370437 0.027852
v -0.309811 -1.372886 0.037873
v -0.223264 -1.356390 0.054015
v -0.143486 -1.321776 0.075470
v -0.074476 -1.270778 0.101161
v -0.019696 -1.205955 0.129799
v 0.055172 -1.124625 0.161680
v 0.071793 -1.041017 0.189185
v 0.068504 -0.955404 0.215311
v 0.045471 -0.872077 0.238747
v 0.003849 -0.795217 0.258319
v -0.054276 -0.728676 0.273045
v -0.125989 -0.675791 0.282187
v -0.207693 -0.639215 0.285286
v -0.295293 -0.620781 0.282187
v -0.384394 -0.621414 0.273045
v -0.470530 -0.641081 0.258319
v -0.549381 -0.678798 0.238747
v -0.616993 -0.732672 0.215311
v -0.669976 -0.800002 0.189185
v -0.705673 -0.877411 0.161680
v -0.722294 -0.961019 0.134175
v -0.719006 -1.046633 0.108049
v -0.695973 -1.129959 0.084612
v -0.654350 -1.206820 0.065040
v -0.596225 -1.273361 0.050314
v -0.524512 -1.326245 0.041172
v -0.442808 -1.362822 0.038073
v -0.355208 -1.381256 0.041172
v -0.266107 -1.380623 0.050314
v -0.179971 -1.360955 0.065040
v -0.101120 -1.323239 0.084612
v -0.033508 -1.269365 0.108049
v 0.019475 -1.202035 0.134175
v 0.091894 -1.117435 0.163250
v 0.106110 -1.032557 0.188082
v 0.100352 -0.946339 0.211670
v 0.074908 -0.863105 0.232829
v 0.031055 -0.787027 0.250500
v -0.029008 -0.721922 0.263795
v -0.102271 -0.671054 0.272048
v -0.185058 -0.636973 0.274846
v -0.273219 -0.621389 0.272048
v -0.362333 -0.625083 0.263795
v -0.447931 -0.647869 0.250500
v -0.525722 -0.688605 0.232829
v -0.591804 -0.745249 0.211670
v -0.642864 -0.814960 0.188082
v -0.676341 -0.894243 0.163250
v -0.690557 -0.979121 0.138417
v -0.684798 -1.065339 0.114830
v -0.659355 -1.148573 0.093671
v -0.615502 -1.224650 0.076000
v -0.555438 -1.289755 0.062705
v -0.482176 -1.340624 0.054451
v -0.399389 -1.374705 0.051653
v -0.311228 -1.390289 0.054451
v -0.222114 -1.386595 0.062705
v -0.136515 -1.363809 0.076000
v -0.058725 -1.323073 0.093671
v 0.007357 -1.266429 0.114830
v 0.058417 -1.196718 0.138417
v 0.128229 -1.109008 0.164659
v 0.139956 -1.023011 0.186795
v 0.131667 -0.936337 0.207820
v 0.103777 -0.853334 0.226681
v 0.057687 -0.778163 0.242433
v -0.004294 -0.714594 0.254284
v -0.079057 -0.665815 0.261641
v -0.162853 -0.634271 0.264135
v -0.251481 -0.621544 0.261641
v -0.340496 -0.628272 0.254284
v -0.425434 -0.654119 0.242433
v -0.502038 -0.697787 0.226681
v -0.566464 -0.757088 0.207820
v -0.615483 -0.829047 0.186795
v -0.646637 -0.910056 0.164659
v -0.658363 -0.996054 0.142524
v -0.650074 -1.082727 0.121498
v -0.622185 -1.165730 0.102637
v -0.576095 -1.240901 0.086886
v -0.514114 -1.304470 0.075034
v -0.439351 -1.353249 0.067677
v -0.355555 -1.384794 0.065183
v -0.266927 -1.397520 0.067677
v -0.177912 -1.390792 0.075034
v -0.092973 -1.364946 0.086886
v -0.016370 -1.321277 0.102637
v 0.048056 -1.261977 0.121498
v 0.097076 -1.190018 0.142524
v 0.164134 -1.099365 0.165906
v 0.173295 -1.012405 0.185322
v 0.162423 -0.925429 0.203765
v 0.132062 -0.842800 0.220310
v 0.083734 -0.768661 0.234126
v 0.019864 -0.706730 0.244522
v -0.056347 -0.660111 0.250975
v -0.141077 -0.631143 0.253163
v -0.230077 -0.621278 0.250975
v -0.318884 -0.631011 0.244522
v -0.403045 -0.659853 0.234126
v -0.478340 -0.706359 0.220310
v -0.540993 -0.768197 0.203765
v -0.587863 -0.842266 0.185322
v -0.616600 -0.924851 0.165906
v -0.625761 -1.011811 0.146489
v -0.614889 -1.098787 0.128046
v -0.584528 -1.181416 0.111502
v -0.536200 -1.255555 0.097685
v -0.472329 -1.317486 0.087290
v -0.396119 -1.364105 0.080836
v -0.311389 -1.393073 0.078649
v -0.222389 -1.402938 0.080836
v -0.133582 -1.393205 0.087290
v -0.049421 -1.364363 0.097685
v 0.025874 -1.317857 0.111502
v 0.088528 -1.256019 0.128046
v 0.135397 -1.181950 0.146489
v 0.199565 -1.088530 0.166989
v 0.206096 -1.000768 0.183667
v 0.192598 -0.913648 0.199510
v 0.159747 -0.831539 0.213721
v 0.109190 -0.758558 0.225589
v 0.043463 -0.698365 0.234519
v -0.034140 -0.653978 0.240062
v -0.119725 -0.627623 0.241941
v -0.209003 -0.620621 0.240062
v -0.297496 -0.633323 0.234519
v -0.380766 -0.665094 0.225589
v -0.454639 -0.714338 0.213721
v -0.515410 -0.778588 0.199510
v -0.560031 -0.854621 0.183667
v -0.586265 -0.938625 0.166989
v -0.592797 -1.026388 0.150310
v -0.579299 -1.113508 0.134468
v -0.546448 -1.195617 0.120257
v -0.495891 -1.268598 0.108389
v -0.430163 -1.328791 0.099459
v -0.352561 -1.373178 0.093916
v -0.266975 -1.399533 0.092036
v -0.177698 -1.406535 0.093916
v -0.089205 -1.393832 0.099459
v -0.005934 -1.362062 0.108389
v 0.067939 -1.312817 0.120257
v 0.128709 -1.248567 0.134468
v 0.173330 -1.172534 0.150310
v 0.234481 -1.076529 0.167907
v 0.238328 -0.988130 0.181831
v 0.222171 -0.901025 0.195057
v 0.186821 -0.819584 0.206921
v 0.134051 -0.747889 0.216829
v 0.066505 -0.689536 0.224284
v -0.012428 -0.647451 0.228912
v -0.098791 -0.623743 0.230481
v -0.188253 -0.619603 0.228912
v -0.276328 -0.635237 0.224284
v -0.358600 -0.669861 0.216829
v -0.430943 -0.721740 0.206921
v -0.489730 -0.788271 0.195057
v -0.532012 -0.866120 0.181831
v -0.555670 -0.951381 0.167907
v -0.559517 -1.039780 0.153983
v -0.543361 -1.126884 0.140757
v -0.508011 -1.208325 0.128893
v -0.455240 -1.280020 0.118985
v -0.387694 -1.338373 0.111530
v -0.308761 -1.380459 0.106902
v -0.222398 -1.404166 0.105333
v -0.132936 -1.408307 0.106902
v -0.044861 -1.392673 0.111530
v 0.037411 -1.358048 0.118985
v 0.109754 -1.306170 0.128893
v 0.168540 -1.239638 0.140757
v 0.210823 -1.161790 0.153983
v 0.268842 -1.063387 0.168659
v 0.269960 -0.974519 0.179815
v 0.251123 -0.887595 0.190412
v 0.213274 -0.806971 0.199917
v 0.158312 -0.736691 0.207855
v 0.088994 -0.680279 0.213828
v 0.008794 -0.640564 0.217536
v -0.078266 -0.619537 0.218793
v -0.167819 -0.618252 0.217536
v -0.255376 -0.636775 0.213828
v -0.336546 -0.674176 0.207855
v -0.407259 -0.728579 0.199917
v -0.463969 -0.797258 0.190412
v -0.503832 -0.876767 0.179815
v -0.524850 -0.963120 0.168659
v -0.525968 -1.051987 0.157504
v -0.507130 -1.138912 0.146907
v -0.469281 -1.219536 0.137402
v -0.414320 -1.289816 0.129464
v -0.345001 -1.346228 0.123491
v -0.264801 -1.385943 0.119783
v -0.177742 -1.406970 0.118526
v -0.088188 -1.408254 0.119783
v -0.000631 -1.389732 0.123491
v 0.080539 -1.352331 0.129464
v 0.151252 -1.297927 0.137402
v 0.207962 -1.229249 0.146907
v 0.247825 -1.149740 0.157504
v 0.302611 -1.049133 0.169246
v 0.300966 -0.959969 0.177622
v 0.279435 -0.873388 0.185578
v 0.239097 -0.793733 0.192716
v 0.181975 -0.724997 0.198676
v 0.110934 -0.670626 0.203161
v 0.029536 -0.633348 0.205945
v -0.058138 -0.615032 0.206889
v -0.147691 -0.616596 0.205945
v -0.234632 -0.637961 0.203161
v -0.314603 -0.678056 0.198676
v -0.383593 -0.734871 0.192716
v -0.438142 -0.805557 0.185578
v -0.475515 -0.886570 0.177622
v -0.493839 -0.973846 0.169246
v -0.492194 -1.063010 0.160869
v -0.470662 -1.149590 0.152913
v -0.430325 -1.229246 0.145775
v -0.373203 -1.297982 0.139815
v -0.302162 -1.352352 0.135330
v -0.220764 -1.389630 0.132546
v -0.133090 -1.407947 0.131602
v -0.043537 -1.406383 0.132546
v 0.043404 -1.385018 0.135330
v 0.123375 -1.344923 0.139815
v 0.192365 -1.288107 0.145775
v 0.246914 -1.217421 0.152913
v 0.284287 -1.136409 0.160869
v 0.335750 -1.033796 0.169665
v 0.331319 -0.944509 0.175253
v 0.307092 -0.858440 0.180562
v 0.264284 -0.779904 0.185324
v 0.205041 -0.712840 0.189301
v 0.132335 -0.660611 0.192293
v 0.049810 -0.625835 0.194151
v -0.038394 -0.610257 0.194781
v -0.127855 -0.614658 0.194151
v -0.214088 -0.638816 0.192293
v -0.292767 -0.681521 0.189301
v -0.359947 -0.740631 0.185324
v -0.412261 -0.813182 0.180562
v -0.447085 -0.895536 0.175253
v -0.462671 -0.983564 0.169665
v -0.458240 -1.072851 0.164076
v -0.434013 -1.158920 0.158767
v -0.391205 -1.237456 0.154005
v -0.331962 -1.304520 0.150028
v -0.259256 -1.356749 0.147036
v -0.176732 -1.391525 0.145178
v -0.088527 -1.407103 0.144548
v 0.000934 -1.402703 0.145178
v 0.087166 -1.378544 0.147036
v 0.165845 -1.335839 0.150028
v 0.233026 -1.276729 0.154005
v 0.285340 -1.204178 0.158767
v 0.320163 -1.121824 0.164076
v 0.368224 -1.017408 0.169916
v 0.360995 -0.928172 0.172712
v 0.334080 -0.842782 0.175368
v 0.288830 -0.765517 0.177750
v 0.227513 -0.700253 0.179739
v 0.153204 -0.650263 0.181236
v 0.069629 -0.618053 0.182165
v -0.019020 -0.605238 0.182480
v -0.108300 -0.612462 0.182165
v -0.193732 -0.639360 0.181236
v -0.271033 -0.684586 0.179739
v -0.336327 -0.745871 0.177750
v -0.386339 -0.820141 0.175368
v -0.418563 -0.903674 0.172712
v -0.431381 -0.992279 0.169916
v -0.424152 -1.081515 0.167120
v -0.397237 -1.166906 0.164465
v -0.351987 -1.244170 0.162082
v -0.290670 -1.309434 0.160093
v -0.216361 -1.359424 0.158596
v -0.132786 -1.391634 0.157667
v -0.044137 -1.404449 0.157352
v 0.045143 -1.397226 0.157667
v 0.130575 -1.370327 0.158596
v 0.207876 -1.325102 0.160093
v 0.273170 -1.263817 0.162082
v 0.323182 -1.189546 0.164465
v 0.355406 -1.106014 0.167120
v 0.400000 -1.000000 0.170000
v 0.389971 -0.910992 0.170000
v 0.360388 -0.826447 0.170000
v 0.312733 -0.750604 0.170000
v 0.249396 -0.687267 0.170000
v 0.173553 -0.639612 0.170000
v 0.089008 -0.610029 0.170000
v -0.000000 -0.600000 0.170000
v -0.089008 -0.610029 0.170000
v -0.173553 -0.639612 0.170000
v -0.249396 -0.687267 0.170000
v -0.312733 -0.750604 0.170000
v -0.360388 -0.826447 0.170000
v -0.389971 -0.910992 0.170000
v -0.400000 -1.000000 0.170000
v -0.389971 -1.089008 0.170000
v -0.360388 -1.173553 0.170000
v -0.312733 -1.249396 0.170000
v -0.249396 -1.312733 0.170000
v -0.173553 -1.360388 0.170000
v -0.089008 -1.389971 0.170000
v -0.000000 -1.400000 0.170000
v 0.089008 -1.389971 0.170000
v 0.173553 -1.360388 0.170000
v 0.249396 -1.312733 0.170000
v 0.312733 -1.249396 0.170000
v 0.360388 -1.173553 0.170000
v 0.389971 -1.089008 0.170000
v 0.431046 -0.981605 0.169916
v 0.418227 -0.893000 0.167120
v 0.386004 -0.809467 0.164465
v 0.335991 -0.735196 0.162082
v 0.270698 -0.673912 0.160093
v 0.193396 -0.628686 0.158596
v 0.107964 -0.601787 0.157667
v 0.018685 -0.594564 0.157352
v -0.069965 -0.607379 0.157667
v -0.153539 -0.639589 0.158596
v -0.227848 -0.689579 0.160093
v -0.289165 -0.754843 0.162082
v -0.334415 -0.832107 0.164465
v -0.361330 -0.917498 0.167120
v -0.368560 -1.006734 0.169916
v -0.355741 -1.095339 0.172712
v -0.323518 -1.178872 0.175368
v -0.273505 -1.253142 0.177750
v -0.208212 -1.314427 0.179739
v -0.130910 -1.359653 0.181236
v -0.045478 -1.386552 0.182165
v 0.043801 -1.393775 0.182480
v 0.132451 -1.380960 0.182165
v 0.216025 -1.348750 0.181236
v 0.290334 -1.298760 0.179739
v 0.351651 -1.233496 0.177750
v 0.396902 -1.156232 0.175368
v 0.423816 -1.070841 0.172712
v 0.461331 -0.962257 0.169665
v 0.445744 -0.874229 0.164076
v 0.410921 -0.791875 0.158767
v 0.358607 -0.719324 0.154005
v 0.291426 -0.660214 0.150028
v 0.212747 -0.617509 0.147036
v 0.126515 -0.593351 0.145178
v 0.037054 -0.588950 0.144548
v -0.051151 -0.604529 0.145178
v -0.133675 -0.639304 0.147036
v -0.206381 -0.691534 0.150028
v -0.265624 -0.758597 0.154005
v -0.308432 -0.837133 0.158767
v -0.332659 -0.923202 0.164076
v -0.337090 -1.012490 0.169665
v -0.321504 -1.100517 0.175253
v -0.286680 -1.182872 0.180562
v -0.234366 -1.255423 0.185324
v -0.167186 -1.314533 0.189301
v -0.088506 -1.357238 0.192293
v -0.002274 -1.381396 0.194151
v 0.087187 -1.385796 0.194781
v 0.175391 -1.370218 0.194151
v 0.257916 -1.335443 0.192293
v 0.330622 -1.283213 0.189301
v 0.389865 -1.216149 0.185324
v 0.432673 -1.137614 0.180562
v 0.456900 -1.051544 0.175253
v 0.490828 -0.941991 0.169246
v 0.472504 -0.854715 0.160869
v 0.435131 -0.773703 0.152913
v 0.380581 -0.703017 0.145775
v 0.311592 -0.646201 0.139815
v 0.231621 -0.606106 0.135330
v 0.144679 -0.584741 0.132546
v 0.055126 -0.583177 0.131602
v -0.032547 -0.601494 0.132546
v -0.113945 -0.638772 0.135330
v -0.184986 -0.693142 0.139815
v -0.242108 -0.761878 0.145775
v -0.282446 -0.841534 0.152913
v -0.303977 -0.928114 0.160869
v -0.305622 -1.017278 0.169246
v -0.287298 -1.104554 0.177622
v -0.249925 -1.185566 0.185578
v -0.195376 -1.256252 0.192716
v -0.126386 -1.313068 0.198676
v -0.046416 -1.353163 0.203161
v 0.040526 -1.374528 0.205945
v 0.130079 -1.376092 0.206889
v 0.217753 -1.357776 0.205945
v 0.299151 -1.320498 0.203161
v 0.370192 -1.266127 0.198676
v 0.427313 -1.197391 0.192716
v 0.467651 -1.117736 0.185578
v 0.489182 -1.031155 0.177622
v 0.519509 -0.920843 0.168659
v 0.498491 -0.834490 0.157504
v 0.458628 -0.754980 0.146907
v 0.401918 -0.686302 0.137402
v 0.331205 -0.631898 0.129464
v 0.250035 -0.594498 0.123491
v 0.162478 -0.575975 0.119783
v 0.072925 -0.577259 0.118526
v -0.014135 -0.598286 0.119783
v -0.094335 -0.638002 0.123491
v -0.163653 -0.694414 0.129464
v -0.218615 -0.764694 0.137402
v -0.256463 -0.845317 0.146907
v -0.275301 -0.932242 0.157504
v -0.274183 -1.021109 0.168659
v -0.253166 -1.107463 0.179815
v -0.213302 -1.186972 0.190412
v -0.156593 -1.255650 0.199917
v -0.085880 -1.310054 0.207855
v -0.004710 -1.347455 0.213828
v 0.082847 -1.365977 0.217536
v 0.172401 -1.364693 0.218793
v 0.259460 -1.343666 0.217536
v 0.339660 -1.303950 0.213828
v 0.408979 -1.247539 0.207855
v 0.463941 -1.177259 0.199917
v 0.501789 -1.096635 0.190412
v 0.520627 -1.009710 0.179815
v 0.547350 -0.898848 0.167907
v 0.523692 -0.813587 0.153983
v 0.481409 -0.735739 0.140757
v 0.422623 -0.669207 0.128893
v 0.350280 -0.617328 0.118985
v 0.268008 -0.582704 0.111530
v 0.179933 -0.567070 0.106902
v 0.090471 -0.571211 0.105333
v 0.004108 -0.594918 0.106902
v -0.074825 -0.637003 0.111530
v -0.142371 -0.695357 0.118985
v -0.195142 -0.767051 0.128893
v -0.230492 -0.848493 0.140757
v -0.246648 -0.935597 0.153983
v -0.242801 -1.023996 0.167907
v -0.219143 -1.109257 0.181831
v -0.176861 -1.187105 0.195057
v -0.118074 -1.253637 0.206921
v -0.045731 -1.305515 0.216829
v 0.036540 -1.340140 0.224284
v 0.124616 -1.355774 0.228912
v 0.214078 -1.351633 0.230481
v 0.300441 -1.327926 0.228912
v 0.379374 -1.285840 0.224284
v 0.446920 -1.227487 0.216829
v 0.499690 -1.155793 0.206921
v 0.535040 -1.074351 0.195057
v 0.551197 -0.987247 0.181831
v 0.574327 -0.876044 0.166989
v 0.548093 -0.792040 0.150310
v 0.503472 -0.716007 0.134468
v 0.442701 -0.651757 0.120257
v 0.368828 -0.602513 0.108389
v 0.285558 -0.570742 0.099459
v 0.197065 -0.558040 0.093916
v 0.107787 -0.565041 0.092036
v 0.022202 -0.591397 0.093916
v -0.055401 -0.635784 0.099459
v -0.121128 -0.695977 0.108389
v -0.171685 -0.768958 0.120257
v -0.204536 -0.851067 0.134468
v -0.218034 -0.938187 0.150310
v -0.211503 -1.025949 0.166989
v -0.185268 -1.109953 0.183667
v -0.140647 -1.185986 0.199510
v -0.079877 -1.250236 0.213721
v -0.006004 -1.299481 0.225589
v 0.077267 -1.331251 0.234519
v 0.165760 -1.343954 0.240062
v 0.255037 -1.336952 0.241941
v 0.340623 -1.310597 0.240062
v 0.418225 -1.266210 0.234519
v 0.483953 -1.206017 0.225589
v 0.534510 -1.133036 0.213721
v 0.567361 -1.050926 0.199510
v 0.580859 -0.963806 0.183667
v 0.600420 -0.852468 0.165906
v 0.571684 -0.769883 0.146489
v 0.524814 -0.695815 0.128046
v 0.462161 -0.633977 0.111502
v 0.386866 -0.587471 0.097685
v 0.302705 -0.558628 0.087290
v 0.213897 -0.548895 0.080836
v 0.124898 -0.558760 0.078649
v 0.040168 -0.587728 0.080836
v -0.036043 -0.634347 0.087290
v -0.099914 -0.696279 0.097685
v -0.148241 -0.770418 0.111502
v -0.178602 -0.853047 0.128046
v -0.189475 -0.940022 0.146489
v -0.180313 -1.026983 0.165906
v -0.151577 -1.109568 0.185322
v -0.104707 -1.183636 0.203765
v -0.042054 -1.245474 0.220310
v 0.033241 -1.291980 0.234126
v 0.117403 -1.320823 0.244522
v 0.206210 -1.330556 0.250975
v 0.295209 -1.320691 0.253163
v 0.379939 -1.291723 0.250975
v 0.456150 -1.245104 0.244522
v 0.520021 -1.183172 0.234126
v 0.568348 -1.109033 0.220310
v 0.598710 -1.026404 0.203765
v 0.609582 -0.939429 0.185322
v 0.625609 -0.828158 0.164659
v 0.594455 -0.747149 0.142524
v 0.545436 -0.675190 0.121498
v 0.481010 -0.615889 0.102637
v 0.404407 -0.572221 0.086886
v 0.319468 -0.546374 0.075034
v 0.230453 -0.539646 0.067677
v 0.141825 -0.552373 0.065183
v 0.058029 -0.583917 0.067677
v -0.016734 -0.632696 0.075034
v -0.078715 -0.696265 0.086886
v -0.124805 -0.771436 0.102637
v -0.152694 -0.854439 0.121498
v -0.160984 -0.941112 0.142524
v -0.149257 -1.027110 0.164659
v -0.118103 -1.108119 0.186795
v -0.069084 -1.180079 0.207820
v -0.004658 -1.239379 0.226681
v 0.071945 -1.283047 0.242433
v 0.156884 -1.308894 0.254284
v 0.245899 -1.315622 0.261641
v 0.334527 -1.302895 0.264135
v 0.418323 -1.271351 0.261641
v 0.493086 -1.222572 0.254284
v 0.555067 -1.159003 0.242433
v 0.601157 -1.083832 0.226681
v 0.629046 -1.000829 0.207820
v 0.637336 -0.914156 0.186795
v 0.649876 -0.803152 0.163250
v 0.616399 -0.723870 0.138417
v 0.565340 -0.654159 0.114830
v 0.499258 -0.597515 0.093671
v 0.421467 -0.556778 0.076000
v 0.335869 -0.533992 0.062705
v 0.246755 -0.530299 0.054451
v 0.158594 -0.545883 0.051653
v 0.075806 -0.579964 0.054451
v 0.002544 -0.630832 0.062705
v -0.057520 -0.695937 0.076000
v -0.101373 -0.772014 0.093671
v -0.126816 -0.855249 0.114830
v -0.132574 -0.941467 0.138417
v -0.118358 -1.026345 0.163250
v -0.084881 -1.105627 0.188082
v -0.033822 -1.175338 0.211670
v 0.032260 -1.231982 0.232829
v 0.110051 -1.272718 0.250500
v 0.195649 -1.295505 0.263795
v 0.284763 -1.299198 0.272048
v 0.372924 -1.283614 0.274846
v 0.455712 -1.249533 0.272048
v 0.528974 -1.198665 0.263795
v 0.589038 -1.133560 0.250500
v 0.632891 -1.057483 0.232829
v 0.658334 -0.974248 0.211670
v 0.664092 -0.888030 0.188082
v 0.673206 -0.777488 0.161680
v 0.637509 -0.700078 0.134175
v 0.584526 -0.632748 0.108049
v 0.516914 -0.578874 0.084612
v 0.438063 -0.541158 0.065040
v 0.351927 -0.521490 0.050314
v 0.262826 -0.520857 0.041172
v 0.175226 -0.539291 0.038073
v 0.093522 -0.575868 0.041172
v 0.021809 -0.628752 0.050314
v -0.036316 -0.695293 0.065040
v -0.077939 -0.772154 0.084612
v -0.100972 -0.855480 0.108049
v -0.104260 -0.941094 0.134175
v -0.087639 -1.024702 0.161680
v -0.051942 -1.102111 0.189185
v 0.001041 -1.169441 0.215311
v 0.068653 -1.223315 0.238747
v 0.147504 -1.261032 0.258319
v 0.233639 -1.280699 0.273045
v 0.322741 -1.281332 0.282187
v 0.410340 -1.262898 0.285286
v 0.492045 -1.226322 0.282187
v 0.563758 -1.173437 0.273045
v 0.621883 -1.106896 0.258319
v 0.663505 -1.030036 0.238747
v 0.686538 -0.946710 0.215311
v 0.689827 -0.861096 0.189185
v 0.695584 -0.751205 0.159950
v 0.657780 -0.675806 0.129799
v 0.603000 -0.610983 0.101161
v 0.533990 -0.559986 0.075470
v 0.454212 -0.525371 0.054015
v 0.367665 -0.508875 0.037873
v 0.278689 -0.511325 0.027852
v 0.191747 -0.532597 0.024455
v 0.111197 -0.571626 0.027852
v 0.041079 -0.626453 0.037873
v -0.015092 -0.694331 0.054015
v -0.054498 -0.771855 0.075470
v -0.075164 -0.855137 0.101161
v -0.076053 -0.940002 0.129799
v -0.057121 -1.022195 0.159950
v -0.019317 -1.097593 0.190100
v 0.035463 -1.162416 0.218739
v 0.104473 -1.213414 0.244430
v 0.184251 -1.248028 0.265884
v 0.270798 -1.264524 0.282027
v 0.359774 -1.262075 0.292048
v 0.446716 -1.240802 0.295445
v 0.527266 -1.201774 0.292048
v 0.597385 -1.146946 0.282027
v 0.653555 -1.079068 0.265884
v 0.692961 -1.001545 0.244430
v 0.713627 -0.918262 0.218739
v 0.714516 -0.833397 0.190100
v 0.716997 -0.724340 0.158062
v 0.677208 -0.651086 0.125296
v 0.620764 -0.588888 0.094173
v 0.550497 -0.540867 0.066253
v 0.469929 -0.509429 0.042937
v 0.383102 -0.496151 0.025394
v 0.294368 -0.501700 0.014504
v 0.208177 -0.525796 0.010812
v 0.128852 -0.567232 0.014504
v 0.060370 -0.623930 0.025394
v 0.006164 -0.693046 0.042937
v -0.031046 -0.771116 0.066253
v -0.049396 -0.854223 0.094173
v -0.047964 -0.938202 0.125296
v -0.026824 -1.018840 0.158062
v 0.012966 -1.092094 0.190828
v 0.069410 -1.154292 0.221951
v 0.139677 -1.202313 0.249871
v 0.220245 -1.233751 0.273187
v 0.307072 -1.247029 0.290730
v 0.395806 -1.241480 0.301620
v 0.481996 -1.217384 0.305312
v 0.561322 -1.175948 0.301620
v 0.629804 -1.119250 0.290730
v 0.684009 -1.050134 0.273187
v 0.721220 -0.972064 0.249871
v 0.739570 -0.888957 0.221951
v 0.738138 -0.804978 0.190828
v 0.737436 -0.696933 0.156018
v 0.695790 -0.625947 0.120669
v 0.637824 -0.566486 0.087092
v 0.566445 -0.521532 0.056971
v 0.485233 -0.493339 0.031817
v 0.398258 -0.483321 0.012891
v 0.309884 -0.491980 0.001142
v 0.224541 -0.518883 -0.002841
v 0.146508 -0.562679 0.001142
v 0.079699 -0.621174 0.012891
v 0.027464 -0.691433 0.031817
v -0.007578 -0.769934 0.056971
v -0.023670 -0.852740 0.087092
v -0.020006 -0.935699 0.120669
v 0.003233 -1.014651 0.156018
v 0.044879 -1.085638 0.191368
v 0.102845 -1.145099 0.224945
v 0.174224 -1.190053 0.255065
v 0.255436 -1.218246 0.280219
v 0.342410 -1.228264 0.299145
v 0.430785 -1.219604 0.310895
v 0.516128 -1.192702 0.314877
v 0.594161 -1.148905 0.310895
v 0.660970 -1.090411 0.299145
v 0.713205 -1.020152 0.280219
v 0.748247 -0.941651 0.255065
v 0.764339 -0.858845 0.224945
v 0.760674 -0.775885 0.191368
v 0.756891 -0.669022 0.153821
v 0.713526 -0.600420 0.115923
v 0.654186 -0.543798 0.079925
v 0.581848 -0.501995 0.047633
v 0.500138 -0.477108 0.020666
v 0.413155 -0.470384 0.000375
v 0.325259 -0.482161 -0.012221
v 0.240858 -0.511849 -0.016491
v 0.164184 -0.557957 -0.012221
v 0.099083 -0.618175 0.000375
v 0.048818 -0.689483 0.020666
v 0.015910 -0.768305 0.047633
v 0.002009 -0.850689 0.079925
v 0.007813 -0.932503 0.115923
v 0.033030 -1.009645 0.153821
v 0.076395 -1.078247 0.191719
v 0.135735 -1.134869 0.227716
v 0.208073 -1.176672 0.260008
v 0.289782 -1.201559 0.286976
v 0.376766 -1.208283 0.307266
v 0.464662 -1.196505 0.319862
v 0.549063 -1.166818 0.324132
v 0.625736 -1.120710 0.319862
v 0.690838 -1.060492 0.307266
v 0.741103 -0.989184 0.286976
v 0.774011 -0.910362 0.260008
v 0.787911 -0.827978 0.227716
v 0.782108 -0.746164 0.191719
v 0.775355 -0.640644 0.151471
v 0.730414 -0.574534 0.111062
v 0.669856 -0.520845 0.072679
v 0.596716 -0.482269 0.038248
v 0.514663 -0.460741 0.009493
v 0.427810 -0.457339 -0.012141
v 0.340513 -0.472236 -0.025572
v 0.257149 -0.504683 -0.030125
v 0.181899 -0.553054 -0.025572
v 0.118535 -0.614923 -0.012141
v 0.070236 -0.687187 0.009493
v 0.039423 -0.766224 0.038248
v 0.027641 -0.848070 0.072679
v 0.035481 -0.928620 0.111062
v 0.062550 -1.003836 0.151471
v 0.107490 -1.069946 0.191880
v 0.168048 -1.123635 0.230263
v 0.241188 -1.162211 0.264694
v 0.323242 -1.183740 0.293449
v 0.410095 -1.187141 0.315084
v 0.497392 -1.172244 0.328514
v 0.580756 -1.139797 0.333067
v 0.656006 -1.091426 0.328514
v 0.719369 -1.029557 0.315084
v 0.767669 -0.957293 0.293449
v 0.798482 -0.878256 0.264694
v 0.810264 -0.796410 0.230263
v 0.802424 -0.715860 0.191880
v 0.792822 -0.611837 0.148972
v 0.746457 -0.548318 0.106092
v 0.684841 -0.497647 0.065362
v 0.611063 -0.462364 0.028825
v 0.528822 -0.444240 -0.001688
v 0.442242 -0.444182 -0.024646
v 0.355666 -0.462195 -0.038898
v 0.273433 -0.497373 -0.043729
v 0.199669 -0.547955 -0.038898
v 0.138070 -0.611402 -0.024646
v 0.091727 -0.684535 -0.001688
v 0.062963 -0.763684 0.028825
v 0.053221 -0.844883 0.065362
v 0.062988 -0.924058 0.106092
v 0.091776 -0.997240 0.148972
v 0.138141 -1.060760 0.191852
v 0.199757 -1.111431 0.232582
v 0.273535 -1.146713 0.269120
v 0.355776 -1.164838 0.299632
v 0.442355 -1.164895 0.322590
v 0.528932 -1.146883 0.336842
v 0.611165 -1.111704 0.341674
v 0.684929 -1.061123 0.336842
v 0.746528 -0.997675 0.322590
v 0.792871 -0.924543 0.299632
v 0.821635 -0.845393 0.269120
v 0.831377 -0.764195 0.232582
v 0.821609 -0.685019 0.191852
v 0.809287 -0.582639 0.146326
v 0.761656 -0.521800 0.101017
v 0.699148 -0.474222 0.057980
v 0.624899 -0.442290 0.019373
v 0.542631 -0.427607 -0.012868
v 0.456470 -0.430907 -0.037126
v 0.370737 -0.452026 -0.052185
v 0.289729 -0.489905 -0.057290
v 0.217510 -0.542644 -0.052185
v 0.157701 -0.607599 -0.037126
v 0.113300 -0.681512 -0.012868
v 0.086535 -0.760678 0.019373
v 0.078747 -0.841126 0.057980
v 0.090327 -0.918823 0.101017
v 0.120694 -0.989873 0.146326
v 0.168325 -1.050712 0.191635
v 0.230833 -1.098290 0.234672
v 0.305082 -1.130221 0.273279
v 0.387350 -1.144905 0.305520
v 0.473511 -1.141605 0.329778
v 0.559244 -1.120486 0.344838
v 0.640252 -1.082607 0.349943
v 0.712471 -1.029868 0.344838
v 0.772280 -0.964913 0.329778
v 0.816681 -0.890999 0.305520
v 0.843446 -0.811834 0.273279
v 0.851234 -0.731386 0.234672
v 0.839654 -0.653689 0.191635
v 0.824749 -0.553087 0.143536
v 0.776013 -0.495007 0.095843
v 0.712785 -0.450588 0.050541
v 0.638237 -0.422055 0.009903
v 0.556106 -0.410841 -0.024035
v 0.470510 -0.417506 -0.049570
v 0.385742 -0.441718 -0.065421
v 0.306053 -0.482262 -0.070795
v 0.235438 -0.537104 -0.065421
v 0.177438 -0.603496 -0.049570
v 0.134962 -0.678107 -0.024035
v 0.110139 -0.757196 0.009903
v 0.104215 -0.836798 0.050541
v 0.117486 -0.912921 0.095843
v 0.149287 -0.981748 0.143536
v 0.198023 -1.039828 0.191229
v 0.261251 -1.084247 0.236530
v 0.335799 -1.112780 0.277169
v 0.417931 -1.123994 0.311106
v 0.503526 -1.117329 0.336641
v 0.588294 -1.093117 0.352493
v 0.667983 -1.052573 0.357866
v 0.738599 -0.997731 0.352493
v 0.796598 -0.931340 0.336641
v 0.839074 -0.856728 0.311106
v 0.863897 -0.777639 0.277169
v 0.869821 -0.698037 0.236530
v 0.856550 -0.621914 0.191229
v 0.839206 -0.523216 0.140604
v 0.789533 -0.467966 0.090574
v 0.725761 -0.426760 0.043052
v 0.651088 -0.401665 0.000422
v 0.569259 -0.393940 -0.035178
v 0.484377 -0.403971 -0.061964
v 0.400698 -0.431255 -0.078593
v 0.322419 -0.474425 -0.084230
v 0.253464 -0.531315 -0.078593
v 0.197291 -0.599074 -0.061964
v 0.156718 -0.674302 -0.035178
v 0.133778 -0.753229 0.000422
v 0.129621 -0.831896 0.043052
v 0.144457 -0.906359 0.090574
v 0.177542 -0.972883 0.140604
v 0.227215 -1.028133 0.190634
v 0.290987 -1.069339 0.238155
v 0.365660 -1.094434 0.280785
v 0.447489 -1.102159 0.316385
v 0.532371 -1.092129 0.343172
v 0.616050 -1.064844 0.359800
v 0.694329 -1.021674 0.365437
v 0.763284 -0.964784 0.359800
v 0.819457 -0.897026 0.343172
v 0.860030 -0.821797 0.316385
v 0.882970 -0.742870 0.280785
v 0.887126 -0.664203 0.238155
v 0.872290 -0.589741 0.190634
v 0.852658 -0.493063 0.137533
v 0.802219 -0.440701 0.085215
v 0.738082 -0.402754 0.035521
v 0.663463 -0.381126 -0.009058
v 0.582104 -0.376900 -0.046287
v 0.498085 -0.390288 -0.074298
v 0.415619 -0.420620 -0.091686
v 0.338840 -0.466374 -0.097581
v 0.271600 -0.525256 -0.091686
v 0.217270 -0.594313 -0.074298
v 0.178573 -0.670082 -0.046287
v 0.157451 -0.748765 -0.009058
v 0.154962 -0.826415 0.035521
v 0.171232 -0.899140 0.085215
v 0.205445 -0.963291 0.137533
v 0.255884 -1.015653 0.189851
v 0.320022 -1.053600 0.239545
v 0.394641 -1.075229 0.284124
v 0.475999 -1.079455 0.321352
v 0.560018 -1.066066 0.349363
v 0.642485 -1.035734 0.366752
v 0.719263 -0.989981 0.372647
v 0.786503 -0.931099 0.366752
v 0.840834 -0.862042 0.349363
v 0.879530 -0.786272 0.321352
v 0.900652 -0.707589 0.284124
v 0.903141 -0.629939 0.239545
v 0.886871 -0.557215 0.189851
v 0.865108 -0.462663 0.134326
v 0.814077 -0.413237 0.079772
v 0.749757 -0.378584 0.027954
v 0.675373 -0.360440 -0.018530
v 0.594653 -0.359716 -0.057350
v 0.511647 -0.376447 -0.086558
v 0.430516 -0.409795 -0.104690
v 0.355329 -0.458087 -0.110836
v 0.289856 -0.518903 -0.104690
v 0.237379 -0.589191 -0.086558
v 0.200530 -0.665429 -0.057350
v 0.181158 -0.743792 -0.018530
v 0.180233 -0.820352 0.027954
v 0.197802 -0.891270 0.079772
v 0.232984 -0.952988 0.134326
v 0.284014 -1.002413 0.188880
v 0.348334 -1.037067 0.240699
v 0.422719 -1.055211 0.287183
v 0.503438 -1.055935 0.326002
v 0.586444 -1.039204 0.355210
v 0.667575 -1.005856 0.373342
v 0.742762 -0.957563 0.379489
v 0.808236 -0.896748 0.373342
v 0.860713 -0.826459 0.355210
v 0.897561 -0.750222 0.326002
v 0.916933 -0.671859 0.287183
v 0.917858 -0.595299 0.240699
v 0.900289 -0.524381 0.188880
v 0.876557 -0.432049 0.130987
v 0.825113 -0.385598 0.074251
v 0.760795 -0.354262 0.020360
v 0.686827 -0.339612 -0.027984
v 0.606918 -0.342381 -0.068356
v 0.525075 -0.362433 -0.098732
v 0.445402 -0.398761 -0.117590
v 0.371894 -0.449543 -0.123982
v 0.308237 -0.512233 -0.117590
v 0.257624 -0.583687 -0.098732
v 0.222592 -0.660323 -0.068356
v 0.204898 -0.738298 -0.027984
v 0.205428 -0.813701 0.020360
v 0.224158 -0.882752 0.074251
v 0.260146 -0.941988 0.130987
v 0.311589 -0.988439 0.187723
v 0.375908 -1.019776 0.241614
v 0.449876 -1.034426 0.289958
v 0.529785 -1.031656 0.330331
v 0.611628 -1.011605 0.360707
v 0.691301 -0.975277 0.379564
v 0.764809 -0.924495 0.385957
v 0.828465 -0.861805 0.379564
v 0.879079 -0.790350 0.360707
v 0.914111 -0.713714 0.330331
v 0.931805 -0.635740 0.289958
v 0.931274 -0.560336 0.241614
v 0.912545 -0.491285 0.187723
v 0.887010 -0.401257 0.127519
v 0.835334 -0.357807 0.068657
v 0.771203 -0.329800 0.012746
v 0.697835 -0.318641 -0.037410
v 0.618907 -0.324889 -0.079295
v 0.538377 -0.348230 -0.110810
v 0.460283 -0.387495 -0.130374
v 0.388542 -0.440715 -0.137006
v 0.326751 -0.505220 -0.130374
v 0.278008 -0.577776 -0.110810
v 0.244757 -0.654746 -0.079295
v 0.228666 -0.732268 -0.037410
v 0.230542 -0.806457 0.012746
v 0.250290 -0.873592 0.068657
v 0.286921 -0.930306 0.127519
v 0.338597 -0.973756 0.186381
v 0.402727 -1.001763 0.242292
v 0.476096 -1.012922 0.292447
v 0.555024 -1.006674 0.334333
v 0.635554 -0.983332 0.365847
v 0.713647 -0.944067 0.385411
v 0.785388 -0.890848 0.392044
v 0.847179 -0.826343 0.385411
v 0.895922 -0.753786 0.365847
v 0.929173 -0.676817 0.334333
v 0.945264 -0.599294 0.292447
v 0.943388 -0.525106 0.242292
v 0.923640 -0.457971 0.186381
v 0.896472 -0.370318 0.123925
v 0.844745 -0.329884 0.062994
v 0.780990 -0.305209 0.005119
v 0.708405 -0.297528 -0.046799
v 0.630628 -0.307228 -0.090156
v 0.551561 -0.333823 -0.122778
v 0.475168 -0.375977 -0.143029
v 0.405279 -0.431578 -0.149894
v 0.345399 -0.497838 -0.143029
v 0.298531 -0.571434 -0.122778
v 0.267025 -0.648675 -0.090156
v 0.252460 -0.725689 -0.046799
v 0.255568 -0.798613 0.005119
v 0.276191 -0.863791 0.062994
v 0.313297 -0.917955 0.123925
v 0.365024 -0.958389 0.184855
v 0.428779 -0.983064 0.242730
v 0.501364 -0.990744 0.294648
v 0.579140 -0.981044 0.338005
v 0.658207 -0.954450 0.370627
v 0.734601 -0.912296 0.390878
v 0.804490 -0.856694 0.397744
v 0.864369 -0.790435 0.390878
v 0.911238 -0.716839 0.370627
v 0.942744 -0.639598 0.338005
v 0.957308 -0.562584 0.294648
v 0.954201 -0.489660 0.242730
v 0.933577 -0.424481 0.184855
v 0.904949 -0.339264 0.120208
v 0.853354 -0.301851 0.057270
v 0.790163 -0.280498 -0.002513
v 0.718544 -0.276273 -0.056141
v 0.642090 -0.289391 -0.100927
v 0.564634 -0.319192 -0.134624
v 0.490060 -0.364183 -0.155543
v 0.422107 -0.422107 -0.162635
v 0.364183 -0.490060 -0.155543
v 0.319192 -0.564634 -0.134624
v 0.289391 -0.642090 -0.100927
v 0.276273 -0.718544 -0.056141
v 0.280498 -0.790163 -0.002513
v 0.301851 -0.853354 0.057270
v 0.339264 -0.904949 0.120208
v 0.390860 -0.942362 0.183147
v 0.454051 -0.963716 0.242929
v 0.525669 -0.967940 0.296558
v 0.602124 -0.954823 0.341343
v 0.679580 -0.925021 0.375041
v 0.754154 -0.880031 0.395959
v 0.822107 -0.822107 0.403051
v 0.880031 -0.754154 0.395959
v 0.925021 -0.679580 0.375041
v 0.954823 -0.602124 0.341343
v 0.967940 -0.525669 0.296558
v 0.963716 -0.454051 0.242929
v 0.942362 -0.390860 0.183147
v 0.912450 -0.308127 0.116373
v 0.861169 -0.273728 0.051489
v 0.798728 -0.255676 -0.010142
v 0.728260 -0.254874 -0.065429
v 0.653297 -0.271365 -0.111599
v 0.577599 -0.304320 -0.146338
v 0.504961 -0.352088 -0.167904
v 0.439026 -0.412273 -0.175214
v 0.383100 -0.481857 -0.167904
v 0.339988 -0.557351 -0.146338
v 0.311850 -0.634969 -0.111599
v 0.300099 -0.710819 -0.065429
v 0.305324 -0.781098 -0.010142
v 0.327261 -0.842282 0.051489
v 0.364813 -0.891302 0.116373
v 0.416094 -0.925701 0.181257
v 0.478535 -0.943754 0.242888
v 0.549003 -0.944555 0.298175
v 0.623966 -0.928065 0.344345
v 0.699664 -0.895109 0.379084
v 0.772302 -0.847341 0.400650
v 0.838237 -0.787157 0.407960
v 0.894163 -0.717573 0.400650
v 0.937275 -0.642079 0.379084
v 0.965412 -0.564461 0.344345
v 0.977164 -0.488611 0.298175
v 0.971939 -0.418332 0.242888
v 0.950001 -0.357148 0.181257
v 0.918982 -0.276938 0.112423
v 0.868197 -0.245534 0.045657
v 0.806694 -0.230751 -0.017761
v 0.737557 -0.233329 -0.074652
v 0.664253 -0.253139 -0.122161
v 0.590458 -0.289188 -0.157908
v 0.519872 -0.339669 -0.180099
v 0.456035 -0.402049 -0.187621
v 0.402147 -0.473201 -0.180099
v 0.360912 -0.549557 -0.157908
v 0.334396 -0.627288 -0.122161
v 0.323929 -0.702497 -0.074652
v 0.330037 -0.771412 -0.017761
v 0.352412 -0.830577 0.045657
v 0.389933 -0.877027 0.112423
v 0.440718 -0.908430 0.179189
v 0.502222 -0.923214 0.242607
v 0.571359 -0.920635 0.299498
v 0.644663 -0.900825 0.347007
v 0.718458 -0.864776 0.382754
v 0.789044 -0.814296 0.404945
v 0.852881 -0.751915 0.412467
v 0.906768 -0.680763 0.404945
v 0.948004 -0.604407 0.382754
v 0.974520 -0.526676 0.347007
v 0.984986 -0.451467 0.299498
v 0.978879 -0.382552 0.242607
v 0.956504 -0.323387 0.179189
v 0.924555 -0.245724 0.108362
v 0.874447 -0.217287 0.039780
v 0.814066 -0.205730 -0.025363
v 0.746440 -0.211633 -0.083801
v 0.674960 -0.234701 -0.132603
v 0.603211 -0.273775 -0.169321
v 0.534790 -0.326899 -0.192116
v 0.473128 -0.391406 -0.199843
v 0.421318 -0.464063 -0.192116
v 0.381957 -0.541226 -0.169321
v 0.357018 -0.619026 -0.132603
v 0.347753 -0.693562 -0.083801
v 0.354626 -0.761097 -0.025363
v 0.377293 -0.818243 0.039780
v 0.414616 -0.862135 0.108362
v 0.464725 -0.890572 0.176944
v 0.525106 -0.902129 0.242087
v 0.592732 -0.896226 0.300525
v 0.664212 -0.873159 0.349327
v 0.735961 -0.834084 0.386045
v 0.804382 -0.780961 0.408840
v 0.866043 -0.716453 0.416567
v 0.917854 -0.643796 0.408840
v 0.957215 -0.566633 0.386045
v 0.982153 -0.488833 0.349327
v 0.991418 -0.414297 0.300525
v 0.984545 -0.346763 0.242087
v 0.961879 -0.289617 0.176944
v 0.929179 -0.214515 0.104194
v 0.879926 -0.189003 0.033864
v 0.820850 -0.180619 -0.032940
v 0.754912 -0.189783 -0.092867
v 0.685419 -0.216036 -0.142913
v 0.615856 -0.258062 -0.180568
v 0.549710 -0.313752 -0.203943
v 0.490300 -0.380315 -0.211868
v 0.440603 -0.454413 -0.203943
v 0.403112 -0.532330 -0.180568
v 0.379706 -0.610159 -0.142913
v 0.371560 -0.683998 -0.092867
v 0.379082 -0.750143 -0.032940
v 0.401894 -0.805279 0.033864
v 0.438854 -0.846639 0.104194
v 0.488106 -0.872152 0.174525
v 0.547183 -0.880536 0.241328
v 0.613121 -0.871372 0.301256
v 0.682614 -0.845119 0.351301
v 0.752177 -0.803093 0.388956
v 0.818322 -0.747403 0.412332
v 0.877733 -0.680840 0.420256
v 0.927430 -0.606742 0.412332
v 0.964921 -0.528825 0.388956
v 0.988327 -0.450996 0.351301
v 0.996473 -0.377157 0.301256
v 0.988951 -0.311012 0.241328
v 0.966138 -0.255876 0.174525
v 0.932865 -0.183339 0.099923
v 0.884644 -0.160701 0.027914
v 0.827051 -0.155425 -0.040484
v 0.762975 -0.167775 -0.101842
v 0.695629 -0.197133 -0.153082
v 0.628388 -0.242027 -0.191636
v 0.564626 -0.300204 -0.215570
v 0.507539 -0.368749 -0.223683
v 0.459990 -0.444223 -0.215570
v 0.424364 -0.522842 -0.191636
v 0.402446 -0.600665 -0.153082
v 0.395336 -0.673787 -0.101842
v 0.403390 -0.738544 -0.040484
v 0.426205 -0.791687 0.027914
v 0.462636 -0.830552 0.099923
v 0.510857 -0.853190 0.171933
v 0.568450 -0.858466 0.240331
v 0.632526 -0.846116 0.301689
v 0.699872 -0.816757 0.352929
v 0.767113 -0.771864 0.391483
v 0.830875 -0.713686 0.415417
v 0.887962 -0.645142 0.423530
v 0.935511 -0.569668 0.415417
v 0.971137 -0.491049 0.391483
v 0.993055 -0.413226 0.352929
v 1.000165 -0.340104 0.301689
v 0.992111 -0.275347 0.240331
v 0.969296 -0.222204 0.171933
v 0.935623 -0.152220 0.095554
v 0.888607 -0.132394 0.021937
v 0.832675 -0.130151 -0.047989
v 0.770631 -0.145604 -0.110716
v 0.705586 -0.177978 -0.163101
v 0.640802 -0.225650 -0.202515
v 0.579527 -0.286229 -0.226983
v 0.524835 -0.356677 -0.235278
v 0.479467 -0.433463 -0.226983
v 0.445699 -0.512735 -0.202515
v 0.425223 -0.590519 -0.163101
v 0.419067 -0.662914 -0.110716
v 0.427539 -0.726290 -0.047989
v 0.450215 -0.777469 0.021937
v 0.485957 -0.813885 0.095554
v 0.532973 -0.833711 0.169171
v 0.588905 -0.835954 0.239097
v 0.650949 -0.820501 0.301825
v 0.715994 -0.788127 0.354209
v 0.780778 -0.740455 0.393624
v 0.842053 -0.679876 0.418092
v 0.896745 -0.609427 0.426386
v 0.942113 -0.532642 0.418092
v 0.975881 -0.453370 0.393624
v 0.996357 -0.375586 0.354209
v 1.002513 -0.303191 0.301825
v 0.994041 -0.239815 0.239097
v 0.971365 -0.188636 0.169171
v 0.937467 -0.121185 0.091091
v 0.891825 -0.104098 0.015938
v 0.837724 -0.104802 -0.055446
v 0.777877 -0.123263 -0.119481
v 0.715285 -0.158556 -0.172958
v 0.653087 -0.208909 -0.213195
v 0.594402 -0.271799 -0.238173
v 0.542171 -0.344072 -0.246641
v 0.499015 -0.422104 -0.238173
v 0.467098 -0.501982 -0.213195
v 0.448019 -0.579700 -0.172958
v 0.442736 -0.651361 -0.119481
v 0.451513 -0.713373 -0.055446
v 0.473911 -0.762625 0.015938
v 0.508806 -0.796648 0.091091
v 0.554448 -0.813735 0.166243
v 0.608549 -0.813031 0.237627
v 0.668396 -0.794570 0.301662
v 0.730988 -0.759277 0.355139
v 0.793186 -0.708924 0.395376
v 0.851872 -0.646034 0.420354
v 0.904102 -0.573761 0.428822
v 0.947258 -0.495729 0.420354
v 0.979176 -0.415851 0.395376
v 0.998254 -0.338133 0.355139
v 1.003537 -0.266472 0.301662
v 0.994760 -0.204460 0.237627
v 0.972362 -0.155208 0.166243
v 0.938410 -0.090259 0.086537
v 0.894305 -0.075827 0.009924
v 0.842202 -0.079383 -0.062848
v 0.784713 -0.100749 -0.128129
v 0.724721 -0.138854 -0.182645
v 0.665234 -0.191786 -0.223664
v 0.609235 -0.256892 -0.249128
v 0.559532 -0.330906 -0.257760
v 0.518617 -0.410118 -0.249128
v 0.488542 -0.490555 -0.223664
v 0.470815 -0.568185 -0.182645
v 0.466325 -0.639113 -0.128129
v 0.475298 -0.699784 -0.062848
v 0.497282 -0.747156 0.009924
v 0.531176 -0.778852 0.086537
v 0.575281 -0.793284 0.163150
v 0.627384 -0.789728 0.235922
v 0.684873 -0.768362 0.301203
v 0.744865 -0.730257 0.355719
v 0.804352 -0.677325 0.396738
v 0.860351 -0.612219 0.422202
v 0.910054 -0.538205 0.430834
v 0.950969 -0.458993 0.422202
v 0.981044 -0.378555 0.396738
v 0.998771 -0.300926 0.355719
v 1.003260 -0.229998 0.301203
v 0.994288 -0.169326 0.235922
v 0.972304 -0.121955 0.163150
v 0.938463 -0.059463 0.081898
v 0.896055 -0.047594 0.003899
v 0.846111 -0.053896 -0.070188
v 0.791136 -0.078055 -0.136649
v 0.733884 -0.118857 -0.192152
v 0.677229 -0.174259 -0.233912
v 0.624010 -0.241480 -0.259836
v 0.576896 -0.317151 -0.268625
v 0.538250 -0.397477 -0.259836
v 0.510009 -0.478431 -0.233912
v 0.493590 -0.555952 -0.192152
v 0.489815 -0.626154 -0.136649
v 0.498875 -0.685516 -0.070188
v 0.520315 -0.731062 0.003899
v 0.553060 -0.760508 0.081898
v 0.595467 -0.772378 0.159897
v 0.645411 -0.766075 0.233984
v 0.700387 -0.741917 0.300445
v 0.757638 -0.701114 0.355948
v 0.814294 -0.645713 0.397708
v 0.867513 -0.578492 0.423632
v 0.914627 -0.502820 0.432421
v 0.953273 -0.422494 0.423632
v 0.981514 -0.341541 0.397708
v 0.997933 -0.264020 0.355948
v 1.001707 -0.193818 0.300445
v 0.992647 -0.134455 0.233984
v 0.971208 -0.088909 0.159897
v 0.937641 -0.028821 0.077178
v 0.897083 -0.019412 -0.002129
v 0.849453 -0.028346 -0.077459
v 0.797140 -0.055175 -0.145035
v 0.742765 -0.098554 -0.201468
v 0.689057 -0.156308 -0.243929
v 0.638707 -0.225541 -0.270288
v 0.594241 -0.302781 -0.279224
v 0.557889 -0.384155 -0.270288
v 0.531473 -0.465583 -0.243929
v 0.516318 -0.542981 -0.201468
v 0.513184 -0.612468 -0.145035
v 0.522228 -0.670561 -0.077459
v 0.542997 -0.714346 -0.002129
v 0.574449 -0.741627 0.077178
v 0.615006 -0.751036 0.156485
v 0.662636 -0.742102 0.231816
v 0.714950 -0.715273 0.299392
v 0.769324 -0.671894 0.355825
v 0.823033 -0.614140 0.398286
v 0.873382 -0.544907 0.424645
v 0.917848 -0.467667 0.433581
v 0.954200 -0.386293 0.424645
v 0.980616 -0.304865 0.398286
v 0.995771 -0.227467 0.355825
v 0.998905 -0.157980 0.299392
v 0.989861 -0.099887 0.231816
v 0.969093 -0.056102 0.156485
v 0.935958 0.001645 0.072382
v 0.897397 0.008707 -0.008155
v 0.852229 -0.002734 -0.084653
v 0.802720 -0.032104 -0.153278
v 0.751351 -0.077931 -0.210586
v 0.700700 -0.137916 -0.253706
v 0.653305 -0.209051 -0.280474
v 0.611543 -0.287770 -0.289548
v 0.577509 -0.370126 -0.280474
v 0.552909 -0.451988 -0.253706
v 0.538976 -0.529251 -0.210586
v 0.536410 -0.598042 -0.153278
v 0.545338 -0.654911 -0.084653
v 0.565313 -0.697006 -0.008155
v 0.595334 -0.722216 0.072382
v 0.633895 -0.729278 0.152920
v 0.679063 -0.717837 0.229418
v 0.728572 -0.688467 0.298043
v 0.779941 -0.642641 0.355351
v 0.830592 -0.582656 0.398471
v 0.877987 -0.511520 0.425239
v 0.919749 -0.432801 0.434313
v 0.953783 -0.350446 0.425239
v 0.978383 -0.268584 0.398471
v 0.992316 -0.191320 0.355351
v 0.994883 -0.122529 0.298043
v 0.985954 -0.065660 0.229418
v 0.965979 -0.023565 0.152920
v 0.933427 0.031916 0.067515
v 0.897002 0.036751 -0.014173
v 0.854438 0.022936 -0.091764
v 0.807868 -0.008837 -0.161369
v 0.759629 -0.056975 -0.219497
v 0.712139 -0.119063 -0.263232
v 0.667779 -0.191989 -0.290383
v 0.628774 -0.272095 -0.299587
v 0.597080 -0.355365 -0.290383
v 0.574286 -0.437622 -0.263232
v 0.561535 -0.514744 -0.219497
v 0.559466 -0.582861 -0.161369
v 0.568183 -0.638559 -0.091764
v 0.587250 -0.679044 -0.014173
v 0.615709 -0.702287 0.067515
v 0.652134 -0.707122 0.149203
v 0.694698 -0.693307 0.226795
v 0.741268 -0.661534 0.296399
v 0.789507 -0.613396 0.354527
v 0.836997 -0.551308 0.398262
v 0.881357 -0.478382 0.425413
v 0.920362 -0.398276 0.434617
v 0.952056 -0.315006 0.425413
v 0.974850 -0.232749 0.398262
v 0.987601 -0.155627 0.354527
v 0.989670 -0.087510 0.296399
v 0.980953 -0.031812 0.226795
v 0.961887 0.008673 0.149203
v 0.930064 0.061973 0.062581
v 0.895907 0.064710 -0.020177
v 0.856079 0.048661 -0.098785
v 0.812577 0.014630 -0.169301
v 0.767583 -0.035675 -0.228190
v 0.723352 -0.099734 -0.272499
v 0.682104 -0.174333 -0.300005
v 0.645905 -0.255732 -0.309329
v 0.616571 -0.339849 -0.300005
v 0.595574 -0.422466 -0.272499
v 0.583965 -0.499440 -0.228190
v 0.582328 -0.566912 -0.169301
v 0.590744 -0.621499 -0.098785
v 0.608791 -0.660462 -0.020177
v 0.635564 -0.681849 0.062581
v 0.669721 -0.684586 0.145339
v 0.709549 -0.668537 0.223947
v 0.753051 -0.634507 0.294464
v 0.798045 -0.584201 0.353353
v 0.842276 -0.520142 0.397661
v 0.883525 -0.445543 0.425167
v 0.919724 -0.364144 0.434492
v 0.949057 -0.280027 0.425167
v 0.970055 -0.197410 0.397661
v 0.981663 -0.120436 0.353353
v 0.983300 -0.052964 0.294464
v 0.974884 0.001623 0.223947
v 0.956837 0.040586 0.145339
v 0.925882 0.091795 0.057585
v 0.894117 0.092573 -0.026161
v 0.857150 0.074439 -0.105708
v 0.816836 0.038304 -0.177066
v 0.775195 -0.014021 -0.236659
v 0.734316 -0.079912 -0.281496
v 0.696249 -0.156064 -0.309331
v 0.662902 -0.238660 -0.318767
v 0.635948 -0.323557 -0.309331
v 0.616738 -0.406498 -0.281496
v 0.606236 -0.483325 -0.236659
v 0.604967 -0.550184 -0.177066
v 0.612997 -0.603724 -0.105708
v 0.629921 -0.641260 -0.026161
v 0.654892 -0.660909 0.057585
v 0.686657 -0.661686 0.141332
v 0.723624 -0.643553 0.220879
v 0.763938 -0.607417 0.292237
v 0.805579 -0.555093 0.351830
v 0.846458 -0.489202 0.396667
v 0.884525 -0.413050 0.424502
v 0.917872 -0.330454 0.433938
v 0.944826 -0.245557 0.424502
v 0.964036 -0.162616 0.396667
v 0.974539 -0.085789 0.351830
v 0.975807 -0.018929 0.292237
v 0.967778 0.034611 0.220879
v 0.950853 0.072146 0.141332
v 0.920897 0.121367 0.052533
v 0.891639 0.120329 -0.032119
v 0.857650 0.100267 -0.112526
v 0.820634 0.062186 -0.184657
v 0.782448 0.007998 -0.244893
v 0.745006 -0.059582 -0.290216
v 0.710186 -0.137164 -0.318352
v 0.679733 -0.220859 -0.327890
v 0.655175 -0.306468 -0.318352
v 0.637744 -0.389700 -0.290216
v 0.628313 -0.466382 -0.244893
v 0.627355 -0.532666 -0.184657
v 0.634918 -0.585231 -0.112526
v 0.650623 -0.621440 -0.032119
v 0.673683 -0.639478 0.052533
v 0.702941 -0.638439 0.137185
v 0.736930 -0.618377 0.217592
v 0.773946 -0.580297 0.289723
v 0.812132 -0.526108 0.349959
v 0.849574 -0.458528 0.395282
v 0.884395 -0.380946 0.423418
v 0.914847 -0.297252 0.432955
v 0.939405 -0.211642 0.423418
v 0.956836 -0.128410 0.395282
v 0.966267 -0.051729 0.349959
v 0.967225 0.014556 0.289723
v 0.959662 0.067121 0.217592
v 0.943957 0.103330 0.137185
v 0.915122 0.150672 0.047428
v 0.888478 0.147969 -0.038046
v 0.857573 0.126141 -0.119234
v 0.823959 0.086281 -0.192065
v 0.789320 0.030389 -0.252887
v 0.755393 -0.038732 -0.298649
v 0.723880 -0.117618 -0.327058
v 0.696360 -0.202311 -0.336689
v 0.674215 -0.288566 -0.327058
v 0.658553 -0.372057 -0.298649
v 0.650161 -0.448597 -0.252887
v 0.649460 -0.514349 -0.192065
v 0.656484 -0.566015 -0.119234
v 0.670881 -0.601005 -0.038046
v 0.691929 -0.617563 0.047428
v 0.718574 -0.614861 0.132903
v 0.749478 -0.593032 0.214091
v 0.783093 -0.553173 0.286922
v 0.817732 -0.497281 0.347744
v 0.851659 -0.428159 0.393506
v 0.883172 -0.349274 0.421915
v 0.910691 -0.264580 0.431546
v 0.932837 -0.178325 0.421915
v 0.948498 -0.094835 0.393506
v 0.956890 -0.018294 0.347744
v 0.957592 0.047457 0.286922
v 0.950568 0.099123 0.214091
v 0.936171 0.134113 0.132903
v 0.908573 0.179692 0.042277
v 0.884639 0.175484 -0.043935
v 0.856917 0.152058 -0.125824
v 0.826797 0.110591 -0.199283
v 0.795789 0.053161 -0.260630
v 0.765449 -0.017351 -0.306788
v 0.737298 -0.097410 -0.335442
v 0.712746 -0.183002 -0.345156
v 0.693027 -0.269834 -0.335442
v 0.679127 -0.353553 -0.306788
v 0.671745 -0.429960 -0.260630
v 0.671250 -0.495224 -0.199283
v 0.677667 -0.546072 -0.125824
v 0.690675 -0.579955 -0.043935
v 0.709621 -0.595174 0.042277
v 0.733555 -0.590965 0.128489
v 0.761277 -0.567540 0.210378
v 0.791397 -0.526073 0.283838
v 0.822405 -0.468643 0.345185
v 0.852745 -0.398131 0.391343
v 0.880897 -0.318071 0.419997
v 0.905448 -0.232479 0.429711
v 0.925168 -0.145647 0.419997
v 0.939067 -0.061929 0.391343
v 0.946449 0.014478 0.345185
v 0.946944 0.079742 0.283838
v 0.940527 0.130591 0.210378
v 0.927519 0.164474 0.128489
v 0.901264 0.208415 0.037084
v 0.880127 0.202863 -0.049780
v 0.855675 0.178015 -0.132289
v 0.829133 0.135117 -0.206305
v 0.801833 0.076319 -0.268117
v 0.775143 0.004571 -0.314624
v 0.750402 -0.076530 -0.343495
v 0.728851 -0.162917 -0.353282
v 0.711569 -0.250259 -0.343495
v 0.699424 -0.334176 -0.314624
v 0.693025 -0.410460 -0.268117
v 0.692692 -0.475285 -0.206305
v 0.698443 -0.525401 -0.132289
v 0.709988 -0.558296 -0.049780
v 0.726749 -0.572319 0.037084
v 0.747886 -0.566767 0.123949
v 0.772338 -0.541919 0.206458
v 0.798880 -0.499021 0.280474
v 0.826180 -0.440224 0.342285
v 0.852870 -0.368475 0.388793
v 0.877611 -0.287374 0.417664
v 0.899162 -0.200987 0.427451
v 0.916444 -0.113645 0.417664
v 0.928589 -0.029728 0.388793
v 0.934988 0.046556 0.342285
v 0.935321 0.111381 0.280474
v 0.929570 0.161497 0.206458
v 0.918025 0.194392 0.123949
v 0.893209 0.236824 0.031855
v 0.874946 0.230098 -0.055577
v 0.853841 0.204007 -0.138625
v 0.830952 0.159859 -0.213124
v 0.807426 0.099868 -0.275338
v 0.784443 0.027042 -0.322149
v 0.763156 -0.054966 -0.351209
v 0.744631 -0.142046 -0.361060
v 0.729799 -0.229830 -0.351209
v 0.719402 -0.313916 -0.322149
v 0.713962 -0.390089 -0.275338
v 0.713752 -0.454527 -0.213124
v 0.718782 -0.504001 -0.138625
v 0.728800 -0.536029 -0.055577
v 0.743304 -0.549006 0.031855
v 0.761566 -0.542280 0.119287
v 0.782671 -0.516189 0.202334
v 0.805560 -0.472041 0.276833
v 0.829086 -0.412050 0.339048
v 0.852069 -0.339224 0.385859
v 0.873357 -0.257215 0.414919
v 0.891881 -0.170135 0.424770
v 0.906714 -0.082352 0.414919
v 0.917111 0.001735 0.385859
v 0.922551 0.077907 0.339048
v 0.922761 0.142346 0.276833
v 0.917731 0.191820 0.202334
v 0.907713 0.223848 0.119287
v 0.884422 0.264907 0.026594
v 0.869101 0.257180 -0.061319
v 0.851410 0.230030 -0.144823
v 0.832237 0.184817 -0.219732
v 0.812543 0.123811 -0.282288
v 0.793315 0.050068 -0.329357
v 0.775519 -0.032712 -0.358576
v 0.760045 -0.120379 -0.368481
v 0.747671 -0.208537 -0.358576
v 0.739016 -0.292765 -0.329357
v 0.734515 -0.368840 -0.282288
v 0.734393 -0.432947 -0.219732
v 0.738656 -0.481871 -0.144823
v 0.747091 -0.513160 -0.061319
v 0.759275 -0.525243 0.026594
v 0.774596 -0.517516 0.114506
v 0.792287 -0.490366 0.198011
v 0.811460 -0.445154 0.272919
v 0.831154 -0.384147 0.335476
v 0.850382 -0.310404 0.382544
v 0.868178 -0.227624 0.411764
v 0.883652 -0.139957 0.421669
v 0.896026 -0.051799 0.411764
v 0.904681 0.032429 0.382544
v 0.909182 0.108504 0.335476
v 0.909304 0.172611 0.272919
v 0.905041 0.221535 0.198011
v 0.896606 0.252824 0.114506
v 0.874918 0.292651 0.021307
v 0.862594 0.284100 -0.067000
v 0.848373 0.256077 -0.150878
v 0.832970 0.209990 -0.226123
v 0.817156 0.148147 -0.288960
v 0.801725 0.073652 -0.336239
v 0.787450 -0.009762 -0.365589
v 0.775047 -0.097911 -0.375539
v 0.765138 -0.186375 -0.365589
v 0.758221 -0.270718 -0.336239
v 0.754641 -0.346711 -0.288960
v 0.754578 -0.410544 -0.226123
v 0.758036 -0.459014 -0.150878
v 0.764841 -0.489693 -0.067000
v 0.774652 -0.501040 0.021307
v 0.786977 -0.492489 0.109613
v 0.801197 -0.464467 0.193492
v 0.816600 -0.418379 0.268736
v 0.832414 -0.356536 0.331573
v 0.847845 -0.282041 0.378852
v 0.862120 -0.198627 0.408203
v 0.874523 -0.110478 0.418153
v 0.884432 -0.022014 0.408203
v 0.891350 0.062329 0.378852
v 0.894929 0.138322 0.331573
v 0.894992 0.202154 0.268736
v 0.891534 0.250625 0.193492
v 0.884729 0.281303 0.109613
v 0.864711 0.320044 0.015998
v 0.855428 0.310848 -0.072615
v 0.844723 0.282144 -0.156785
v 0.833132 0.235373 -0.232291
v 0.821238 0.172878 -0.295346
v 0.809635 0.097794 -0.342790
v 0.798907 0.013886 -0.372242
v 0.789591 -0.074638 -0.382226
v 0.782154 -0.163341 -0.372242
v 0.776970 -0.247772 -0.342790
v 0.774297 -0.323700 -0.295346
v 0.774271 -0.387317 -0.232291
v 0.776892 -0.435432 -0.156785
v 0.782029 -0.465633 -0.072615
v 0.789424 -0.476406 0.015998
v 0.798707 -0.467210 0.104612
v 0.809412 -0.438506 0.188782
v 0.821003 -0.391734 0.264288
v 0.832897 -0.329240 0.327343
v 0.844500 -0.254156 0.374787
v 0.855228 -0.170248 0.404239
v 0.864544 -0.081723 0.414223
v 0.871981 0.006979 0.404239
v 0.877165 0.091411 0.374787
v 0.879838 0.167339 0.327343
v 0.879864 0.230955 0.264288
v 0.877243 0.279070 0.188782
v 0.872106 0.309271 0.104612
v 0.853813 0.347073 0.010674
v 0.847606 0.337415 -0.078158
v 0.840450 0.308223 -0.162537
v 0.832705 0.260962 -0.238229
v 0.824759 0.198000 -0.301441
v 0.817010 0.122495 -0.349002
v 0.809848 0.038233 -0.378527
v 0.803630 -0.050560 -0.388536
v 0.798670 -0.139432 -0.378527
v 0.795215 -0.223927 -0.349002
v 0.793439 -0.299808 -0.301441
v 0.793432 -0.363269 -0.238229
v 0.795192 -0.411129 -0.162537
v 0.798633 -0.440988 -0.078158
v 0.803581 -0.451348 0.010674
v 0.809788 -0.441690 0.099507
v 0.816944 -0.412498 0.183885
v 0.824689 -0.365236 0.259578
v 0.832635 -0.302274 0.322790
v 0.840384 -0.226769 0.370351
v 0.847546 -0.142507 0.399876
v 0.853764 -0.053714 0.409885
v 0.858724 0.035158 0.399876
v 0.862179 0.119653 0.370351
v 0.863955 0.195534 0.322790
v 0.863962 0.258995 0.259578
v 0.862202 0.306855 0.183885
v 0.858761 0.336714 0.099507
v 0.842239 0.373729 0.005340
v 0.839129 0.363793 -0.083625
v 0.835546 0.334307 -0.168128
v 0.831668 0.286751 -0.243933
v 0.827690 0.223508 -0.307238
v 0.823811 0.147750 -0.354870
v 0.820227 0.063276 -0.384439
v 0.817116 -0.025679 -0.394463
v 0.814635 -0.114653 -0.384439
v 0.812908 -0.199186 -0.354870
v 0.812022 -0.275038 -0.307238
v 0.812021 -0.338406 -0.243933
v 0.812905 -0.386112 -0.168128
v 0.814631 -0.415764 -0.083625
v 0.817110 -0.425876 0.005340
v 0.820219 -0.415940 0.094304
v 0.823803 -0.386455 0.178808
v 0.827681 -0.338898 0.254613
v 0.831659 -0.275655 0.317918
v 0.835537 -0.199897 0.365550
v 0.839122 -0.115423 0.395119
v 0.842232 -0.026468 0.405142
v 0.844713 0.062506 0.395119
v 0.846440 0.147039 0.365550
v 0.847326 0.222891 0.317918
v 0.847327 0.286259 0.254613
v 0.846443 0.333965 0.178808
v 0.844718 0.363617 0.094304
f 1 29 30 2
f 2 30 31 3
f 3 31 32 4
f 4 32 33 5
f 5 33 34 6
f 6 34 35 7
f 7 35 36 8
f 8 36 37 9
f 9 37 38 10
f 10 38 39 11
f 11 39 40 12
f 12 40 41 13
f 13 41 42 14
f 14 42 43 15
f 15 43 44 16
f 16 44 45 17
f 17 45 46 18
f 18 46 47 19
f 19 47 48 20
f 20 48 49 21
f 21 49 50 22
f 22 50 51 23
f 23 51 52 24
f 24 52 53 25
f 25 53 54 26
f 26 54 55 27
f 27 55 56 28
f 28 56 29 1
f 29 57 58 30
f 30 58 59 31
f 31 59 60 32
f 32 60 61 33
f 33 61 62 34
f 34 62 63 35
f 35 63 64 36
f 36 64 65 37
f 37 65 66 38
f 38 66 67 39
f 39 67 68 40
f 40 68 69 41
f 41 69 70 42
f 42 70 71 43
f 43 71 72 44
f 44 72 73 45
f 45 73 74 46
f 46 74 75 47
f 47 75 76 48
f 48 76 77 49
f 49 77 78 50
f 50 78 79 51
f 51 79 80 52
f 52 80 81 53
f 53 81 82 54
f 54 82 83 55
f 55 83 84 56
f 56 84 57 29
f 57 85 86 58
f 58 86 87 59
f 59 87 88 60
f 60 88 89 61
f 61 89 90 62
f 62 90 91 63
f 63 91 92 64
f 64 92 93 65
f 65 93 94 66
f 66 94 95 67
f 67 95 96 68
f 68 96 97 69
f 69 97 98 70
f 70 98 99 71
f 71 99 100 72
f 72 100 101 73
f 73 101 102 74
f 74 102 103 75
f 75 103 104 76
f 76 104 105 77
f 77 105 106 78
f 78 106 107 79
f 79 107 108 80
f 80 108 109 81
f 81 109 110 82
f 82 110 111 83
f 83 111 112 84
f 84 112 85 57
f 85 113 114 86
f 86 114 115 87
f 87 115 116 88
f 88 116 117 89
f 89 117 118 90
f 90 118 119 91
f 91 119 120 92
f 92 120 121 93
f 93 121 122 94
f 94 122 123 95
f 95 123 124 96
f 96 124 125 97
f 97 125 126 98
f 98 126 127 99
f 99 127 128 100
f 100 128 129 101
f 101 129 130 102
f 102 130 131 103
f 103 131 132 104
f 104 132 133 105
f 105 133 134 106
f 106 134 135 107
f 107 135 136 108
f 108 136 137 109
f 109 137 138 110
f 110 138 139 111
f 111 139 140 112
f 112 140 113 85
f 113 141 142 114
f 114 142 143 115
f 115 143 144 116
f 116 144 145 117
f 117 145 146 118
f 118 146 147 119
f 119 147 148 120
f 120 148 149 121
f 121 149 150 122
f 122 150 151 123
f 123 151 152 124
f 124 152 153 125
f 125 153 154 126
f 126 154 155 127
f 127 155 156 128
f 128 156 157 129
f 129 157 158 130
f 130 158 159 131
f 131 159 160 132
f 132 160 161 133
f 133 161 162 134
f 134 162 163 135
f 135 163 164 136
f 136 164 165 137
f 137 165 166 138
f 138 166 167 139
f 139 167 168 140
f 140 168 141 113
f 141 169 170 142
f 142 170 171 143
f 143 171 172 144
f 144 172 173 145
f 145 173 174 146
f 146 174 175 147
f 147 175 176 148
f 148 176 177 149
f 149 177 178 150
f 150 178 179 151
f 151 179 180 152
f 152 180 181 153
f 153 181 182 154
f 154 182 183 155
f 155 183 184 156
f 156 184 185 157
f 157 185 186 158
f 158 186 187 159
f 159 187 188 160
f 160 188 189 161
f 161 189 190 162
f 162 190 191 163
f 163 191 192 164
f 164 192 193 165
f 165 193 194 166
f 166 194 195 167
f 167 195 196 168
f 168 196 169 141
f 169 197 198 170
f 170 198 199 171
f 171 199 200 172
f 172 200 201 173
f 173 201 202 174
f 174 202 203 175
f 175 203 204 176
f 176 204 205 177
f 177 205 206 178
f 178 206 207 179
f 179 207 208 180
f 180 208 209 181
f 181 209 210 182
f 182 210 211 183
f 183 211 212 184
f 184 212 213 185
f 185 213 214 186
f 186 214 215 187
f 187 215 216 188
f 188 216 217 189
f 189 217 218 190
f 190 218 219 191
f 191 219 220 192
f 192 220 221 193
f 193 221 222 194
f 194 222 223 195
f 195 223 224 196
f 196 224 197 169
f 197 225 226 198
f 198 226 227 199
f 199 227 228 200
f 200 228 229 201
f 201 229 230 202
f 202 230 231 203
f 203 231 232 204
f 204 232 233 205
f 205 233 234 206
f 206 234 235 207
f 207 235 236 208
f 208 236 237 209
f 209 237 238 210
f 210 238 239 211
f 211 239 240 212
f 212 240 241 213
f 213 241 242 214
f 214 242 243 215
f 215 243 244 216
f 216 244 245 217
f 217 245 246 218
f 218 246 247 219
f 219 247 248 220
f 220 248 249 221
f 221 249 250 222
f 222 250 251 223
f 223 251 252 224
f 224 252 225 197
f 225 253 254 226
f 226 254 255 227
f 227 255 256 228
f 228 256 257 229
f 229 257 258 230
f 230 258 259 231
f 231 259 260 232
f 232 260 261 233
f 233 261 262 234
f 234 262 263 235
f 235 263 264 236
f 236 264 265 237
f 237 265 266 238
f 238 266 267 239
f 239 267 268 240
f 240 268 269 241
f 241 269 270 242
f 242 270 271 243
f 243 271 272 244
f 244 272 273 245
f 245 273 274 246
f 246 274 275 247
f 247 275 276 248
f 248 276 277 249
f 249 277 278 250
f 250 278 279 251
f 251 279 280 252
f 252 280 253 225
f 253 281 282 254
f 254 282 283 255
f 255 283 284 256
f 256 284 285 257
f 257 285 286 258
f 258 286 287 259
f 259 287 288 260
f 260 288 289 261
f 261 289 290 262
f 262 290 291 263
f 263 291 292 264
f 264 292 293 265
f 265 293 294 266
f 266 294 295 267
f 267 295 296 268
f 268 296 297 269
f 269 297 298 270
f 270 298 299 271
f 271 299 300 272
f 272 300 301 273
f 273 301 302 274
f 274 302 303 275
f 275 303 304 276
f 276 304 305 277
f 277 305 306 278
f 278 306 307 279
f 279 307 308 280
f 280 308 281 253
f 281 309 310 282
f 282 310 311 283
f 283 311 312 284
f 284 312 313 285
f 285 313 314 286
f 286 314 315 287
f 287 315 316 288
f 288 316 317 289
f 289 317 318 290
f 290 318 319 291
f 291 319 320 292
f 292 320 321 293
f 293 321 322 294
f 294 322 323 295
f 295 323 324 296
f 296 324 325 297
f 297 325 326 298
f 298 326 327 299
f 299 327 328 300
f 300 328 329 301
f 301 329 330 302
f 302 330 331 303
f 303 331 332 304
f 304 332 333 305
f 305 333 334 306
f 306 334 335 307
f 307 335 336 308
f 308 336 309 281
f 309 337 338 310
f 310 338 339 311
f 311 339 340 312
f 312 340 341 313
f 313 341 342 314
f 314 342 343 315
f 315 343 344 316
f 316 344 345 317
f 317 345 346 318
f 318 346 347 319
f 319 347 348 320
f 320 348 349 321
f 321 349 350 322
f 322 350 351 323
f 323 351 352 324
f 324 352 353 325
f 325 353 354 326
f 326 354 355 327
f 327 355 356 328
f 328 356 357 329
f 329 357 358 330
f 330 358 359 331
f 331 359 360 332
f 332 360 361 333
f 333 361 362 334
f 334 362 363 335
f 335 363 364 336
f 336 364 337 309
f 337 365 366 338
f 338 366 367 339
f 339 367 368 340
f 340 368 369 341
f 341 369 370 342
f 342 370 371 343
f 343 371 372 344
f 344 372 373 345
f 345 373 374 346
f 346 374 375 347
f 347 375 376 348
f 348 376 377 349
f 349 377 378 350
f 350 378 379 351
f 351 379 380 352
f 352 380 381 353
f 353 381 382 354
f 354 382 383 355
f 355 383 384 356
f 356 384 385 357
f 357 385 386 358
f 358 386 387 359
f 359 387 388 360
f 360 388 389 361
f 361 389 390 362
f 362 390 391 363
f 363 391 392 364
f 364 392 365 337
f 365 393 394 366
f 366 394 395 367
f 367 395 396 368
f 368 396 397 369
f 369 397 398 370
f 370 398 399 371
f 371 399 400 372
f 372 400 401 373
f 373 401 402 374
f 374 402 403 375
f 375 403 404 376
f 376 404 405 377
f 377 405 406 378
f 378 406 407 379
f 379 407 408 380
f 380 408 409 381
f 381 409 410 382
f 382 410 411 383
f 383 411 412 384
f 384 412 413 385
f 385 413 414 386
f 386 414 415 387
f 387 415 416 388
f 388 416 417 389
f 389 417 418 390
f 390 418 419 391
f 391 419 420 392
f 392 420 393 365
f 393 421 422 394
f 394 422 423 395
f 395 423 424 396
f 396 424 425 397
f 397 425 426 398
f 398 426 427 399
f 399 427 428 400
f 400 428 429 401
f 401 429 430 402
f 402 430 431 403
f 403 431 432 404
f 404 432 433 405
f 405 433 434 406
f 406 434 435 407
f 407 435 436 408
f 408 436 437 409
f 409 437 438 410
f 410 438 439 411
f 411 439 440 412
f 412 440 441 413
f 413 441 442 414
f 414 442 443 415
f 415 443 444 416
f 416 444 445 417
f 417 445 446 418
f 418 446 447 419
f 419 447 448 420
f 420 448 421 393
f 421 449 450 422
f 422 450 451 423
f 423 451 452 424
f 424 452 453 425
f 425 453 454 426
f 426 454 455 427
f 427 455 456 428
f 428 456 457 429
f 429 457 458 430
f 430 458 459 431
f 431 459 460 432
f 432 460 461 433
f 433 461 462 434
f 434 462 463 435
f 435 463 464 436
f 436 464 465 437
f 437 465 466 438
f 438 466 467 439
f 439 467 468 440
f 440 468 469 441
f 441 469 470 442
f 442 470 471 443
f 443 471 472 444
f 444 472 473 445
f 445 473 474 446
f 446 474 475 447
f 447 475 476 448
f 448 476 449 421
f 449 477 478 450
f 450 478 479 451
f 451 479 480 452
f 452 480 481 453
f 453 481 482 454
f 454 482 483 455
f 455 483 484 456
f 456 484 485 457
f 457 485 486 458
f 458 486 487 459
f 459 487 488 460
f 460 488 489 461
f 461 489 490 462
f 462 490 491 463
f 463 491 492 464
f 464 492 493 465
f 465 493 494 466
f 466 494 495 467
f 467 495 496 468
f 468 496 497 469
f 469 497 498 470
f 470 498 499 471
f 471 499 500 472
f 472 500 501 473
f 473 501 502 474
f 474 502 503 475
f 475 503 504 476
f 476 504 477 449
f 477 505 506 478
f 478 506 507 479
f 479 507 508 480
f 480 508 509 481
f 481 509 510 482
f 482 510 511 483
f 483 511 512 484
f 484 512 513 485
f 485 513 514 486
f 486 514 515 487
f 487 515 516 488
f 488 516 517 489
f 489 517 518 490
f 490 518 519 491
f 491 519 520 492
f 492 520 521 493
f 493 521 522 494
f 494 522 523 495
f 495 523 524 496
f 496 524 525 497
f 497 525 526 498
f 498 526 527 499
f 499 527 528 500
f 500 528 529 501
f 501 529 530 502
f 502 530 531 503
f 503 531 532 504
f 504 532 505 477
f 505 533 534 506
f 506 534 535 507
f 507 535 536 508
f 508 536 537 509
f 509 537 538 510
f 510 538 539 511
f 511 539 540 512
f 512 540 541 513
f 513 541 542 514
f 514 542 543 515
f 515 543 544 516
f 516 544 545 517
f 517 545 546 518
f 518 546 547 519
f 519 547 548 520
f 520 548 549 521
f 521 549 550 522
f 522 550 551 523
f 523 551 552 524
f 524 552 553 525
f 525 553 554 526
f 526 554 555 527
f 527 555 556 528
f 528 556 557 529
f 529 557 558 530
f 530 558 559 531
f 531 559 560 532
f 532 560 533 505
f 533 561 562 534
f 534 562 563 535
f 535 563 564 536
f 536 564 565 537
f 537 565 566 538
f 538 566 567 539
f 539 567 568 540
f 540 568 569 541
f 541 569 570 542
f 542 570 571 543
f 543 571 572 544
f 544 572 573 545
f 545 573 574 546
f 546 574 575 547
f 547 575 576 548
f 548 576 577 549
f 549 577 578 550
f 550 578 579 551
f 551 579 580 552
f 552 580 581 553
f 553 581 582 554
f 554 582 583 555
f 555 583 584 556
f 556 584 585 557
f 557 585 586 558
f 558 586 587 559
f 559 587 588 560
f 560 588 561 533
f 561 589 590 562
f 562 590 591 563
f 563 591 592 564
f 564 592 593 565
f 565 593 594 566
f 566 594 595 567
f 567 595 596 568
f 568 596 597 569
f 569 597 598 570
f 570 598 599 571
f 571 599 600 572
f 572 600 601 573
f 573 601 602 574
f 574 602 603 575
f 575 603 604 576
f 576 604 605 577
f 577 605 606 578
f 578 606 607 579
f 579 607 608 580
f 580 608 609 581
f 581 609 610 582
f 582 610 611 583
f 583 611 612 584
f 584 612 613 585
f 585 613 614 586
f 586 614 615 587
f 587 615 616 588
f 588 616 589 561
f 589 617 618 590
f 590 618 619 591
f 591 619 620 592
f 592 620 621 593
f 593 621 622 594
f 594 622 623 595
f 595 623 624 596
f 596 624 625 597
f 597 625 626 598
f 598 626 627 599
f 599 627 628 600
f 600 628 629 601
f 601 629 630 602
f 602 630 631 603
f 603 631 632 604
f 604 632 633 605
f 605 633 634 606
f 606 634 635 607
f 607 635 636 608
f 608 636 637 609
f 609 637 638 610
f 610 638 639 611
f 611 639 640 612
f 612 640 641 613
f 613 641 642 614
f 614 642 643 615
f 615 643 644 616
f 616 644 617 589
f 617 645 646 618
f 618 646 647 619
f 619 647 648 620
f 620 648 649 621
f 621 649 650 622
f 622 650 651 623
f 623 651 652 624
f 624 652 653 625
f 625 653 654 626
f 626 654 655 627
f 627 655 656 628
f 628 656 657 629
f 629 657 658 630
f 630 658 659 631
f 631 659 660 632
f 632 660 661 633
f 633 661 662 634
f 634 662 663 635
f 635 663 664 636
f 636 664 665 637
f 637 665 666 638
f 638 666 667 639
f 639 667 668 640
f 640 668 669 641
f 641 669 670 642
f 642 670 671 643
f 643 671 672 644
f 644 672 645 617
f 645 673 674 646
f 646 674 675 647
f 647 675 676 648
f 648 676 677 649
f 649 677 678 650
f 650 678 679 651
f 651 679 680 652
f 652 680 681 653
f 653 681 682 654
f 654 682 683 655
f 655 683 684 656
f 656 684 685 657
f 657 685 686 658
f 658 686 687 659
f 659 687 688 660
f 660 688 689 661
f 661 689 690 662
f 662 690 691 663
f 663 691 692 664
f 664 692 693 665
f 665 693 694 666
f 666 694 695 667
f 667 695 696 668
f 668 696 697 669
f 669 697 698 670
f 670 698 699 671
f 671 699 700 672
f 672 700 673 645
f 673 701 702 674
f 674 702 703 675
f 675 703 704 676
f 676 704 705 677
f 677 705 706 678
f 678 706 707 679
f 679 707 708 680
f 680 708 709 681
f 681 709 710 682
f 682 710 711 683
f 683 711 712 684
f 684 712 713 685
f 685 713 714 686
f 686 714 715 687
f 687 715 716 688
f 688 716 717 689
f 689 717 718 690
f 690 718 719 691
f 691 719 720 692
f 692 720 721 693
f 693 721 722 694
f 694 722 723 695
f 695 723 724 696
f 696 724 725 697
f 697 725 726 698
f 698 726 727 699
f 699 727 728 700
f 700 728 701 673
f 701 729 730 702
f 702 730 731 703
f 703 731 732 704
f 704 732 733 705
f 705 733 734 706
f 706 734 735 707
f 707 735 736 708
f 708 736 737 709
f 709 737 738 710
f 710 738 739 711
f 711 739 740 712
f 712 740 741 713
f 713 741 742 714
f 714 742 743 715
f 715 743 744 716
f 716 744 745 717
f 717 745 746 718
f 718 746 747 719
f 719 747 748 720
f 720 748 749 721
f 721 749 750 722
f 722 750 751 723
f 723 751 752 724
f 724 752 753 725
f 725 753 754 726
f 726 754 755 727
f 727 755 756 728
f 728 756 729 701
f 729 757 758 730
f 730 758 759 731
f 731 759 760 732
f 732 760 761 733
f 733 761 762 734
f 734 762 763 735
f 735 763 764 736
f 736 764 765 737
f 737 765 766 738
f 738 766 767 739
f 739 767 768 740
f 740 768 769 741
f 741 769 770 742
f 742 770 771 743
f 743 771 772 744
f 744 772 773 745
f 745 773 774 746
f 746 774 775 747
f 747 775 776 748
f 748 776 777 749
f 749 777 778 750
f 750 778 779 751
f 751 779 780 752
f 752 780 781 753
f 753 781 782 754
f 754 782 783 755
f 755 783 784 756
f 756 784 757 729
f 757 785 786 758
f 758 786 787 759
f 759 787 788 760
f 760 788 789 761
f 761 789 790 762
f 762 790 791 763
f 763 791 792 764
f 764 792 793 765
f 765 793 794 766
f 766 794 795 767
f 767 795 796 768
f 768 796 797 769
f 769 797 798 770
f 770 798 799 771
f 771 799 800 772
f 772 800 801 773
f 773 801 802 774
f 774 802 803 775
f 775 803 804 776
f 776 804 805 777
f 777 805 806 778
f 778 806 807 779
f 779 807 808 780
f 780 808 809 781
f 781 809 810 782
f 782 810 811 783
f 783 811 812 784
f 784 812 785 757
f 785 813 814 786
f 786 814 815 787
f 787 815 816 788
f 788 816 817 789
f 789 817 818 790
f 790 818 819 791
f 791 819 820 792
f 792 820 821 793
f 793 821 822 794
f 794 822 823 795
f 795 823 824 796
f 796 824 825 797
f 797 825 826 798
f 798 826 827 799
f 799 827 828 800
f 800 828 829 801
f 801 829 830 802
f 802 830 831 803
f 803 831 832 804
f 804 832 833 805
f 805 833 834 806
f 806 834 835 807
f 807 835 836 808
f 808 836 837 809
f 809 837 838 810
f 810 838 839 811
f 811 839 840 812
f 812 840 813 785
f 813 841 842 814
f 814 842 843 815
f 815 843 844 816
f 816 844 845 817
f 817 845 846 818
f 818 846 847 819
f 819 847 848 820
f 820 848 849 821
f 821 849 850 822
f 822 850 851 823
f 823 851 852 824
f 824 852 853 825
f 825 853 854 826
f 826 854 855 827
f 827 855 856 828
f 828 856 857 829
f 829 857 858 830
f 830 858 859 831
f 831 859 860 832
f 832 860 861 833
f 833 861 862 834
f 834 862 863 835
f 835 863 864 836
f 836 864 865 837
f 837 865 866 838
f 838 866 867 839
f 839 867 868 840
f 840 868 841 813
f 841 869 870 842
f 842 870 871 843
f 843 871 872 844
f 844 872 873 845
f 845 873 874 846
f 846 874 875 847
f 847 875 876 848
f 848 876 877 849
f 849 877 878 850
f 850 878 879 851
f 851 879 880 852
f 852 880 881 853
f 853 881 882 854
f 854 882 883 855
f 855 883 884 856
f 856 884 885 857
f 857 885 886 858
f 858 886 887 859
f 859 887 888 860
f 860 888 889 861
f 861 889 890 862
f 862 890 891 863
f 863 891 892 864
f 864 892 893 865
f 865 893 894 866
f 866 894 895 867
f 867 895 896 868
f 868 896 869 841
f 869 897 898 870
f 870 898 899 871
f 871 899 900 872
f 872 900 901 873
f 873 901 902 874
f 874 902 903 875
f 875 903 904 876
f 876 904 905 877
f 877 905 906 878
f 878 906 907 879
f 879 907 908 880
f 880 908 909 881
f 881 909 910 882
f 882 910 911 883
f 883 911 912 884
f 884 912 913 885
f 885 913 914 886
f 886 914 915 887
f 887 915 916 888
f 888 916 917 889
f 889 917 918 890
f 890 918 919 891
f 891 919 920 892
f 892 920 921 893
f 893 921 922 894
f 894 922 923 895
f 895 923 924 896
f 896 924 897 869
f 897 925 926 898
f 898 926 927 899
f 899 927 928 900
f 900 928 929 901
f 901 929 930 902
f 902 930 931 903
f 903 931 932 904
f 904 932 933 905
f 905 933 934 906
f 906 934 935 907
f 907 935 936 908
f 908 936 937 909
f 909 937 938 910
f 910 938 939 911
f 911 939 940 912
f 912 940 941 913
f 913 941 942 914
f 914 942 943 915
f 915 943 944 916
f 916 944 945 917
f 917 945 946 918
f 918 946 947 919
f 919 947 948 920
f 920 948 949 921
f 921 949 950 922
f 922 950 951 923
f 923 951 952 924
f 924 952 925 897
f 925 953 954 926
f 926 954 955 927
f 927 955 956 928
f 928 956 957 929
f 929 957 958 930
f 930 958 959 931
f 931 959 960 932
f 932 960 961 933
f 933 961 962 934
f 934 962 963 935
f 935 963 964 936
f 936 964 965 937
f 937 965 966 938
f 938 966 967 939
f 939 967 968 940
f 940 968 969 941
f 941 969 970 942
f 942 970 971 943
f 943 971 972 944
f 944 972 973 945
f 945 973 974 946
f 946 974 975 947
f 947 975 976 948
f 948 976 977 949
f 949 977 978 950
f 950 978 979 951
f 951 979 980 952
f 952 980 953 925
f 953 981 982 954
f 954 982 983 955
f 955 983 984 956
f 956 984 985 957
f 957 985 986 958
f 958 986 987 959
f 959 987 988 960
f 960 988 989 961
f 961 989 990 962
f 962 990 991 963
f 963 991 992 964
f 964 992 993 965
f 965 993 994 966
f 966 994 995 967
f 967 995 996 968
f 968 996 997 969
f 969 997 998 970
f 970 998 999 971
f 971 999 1000 972
f 972 1000 1001 973
f 973 1001 1002 974
f 974 1002 1003 975
f 975 1003 1004 976
f 976 1004 1005 977
f 977 1005 1006 978
f 978 1006 1007 979
f 979 1007 1008 980
f 980 1008 981 953
f 981 1009 1010 982
f 982 1010 1011 983
f 983 1011 1012 984
f 984 1012 1013 985
f 985 1013 1014 986
f 986 1014 1015 987
f 987 1015 1016 988
f 988 1016 1017 989
f 989 1017 1018 990
f 990 1018 1019 991
f 991 1019 1020 992
f 992 1020 1021 993
f 993 1021 1022 994
f 994 1022 1023 995
f 995 1023 1024 996
f 996 1024 1025 997
f 997 1025 1026 998
f 998 1026 1027 999
f 999 1027 1028 1000
f 1000 1028 1029 1001
f 1001 1029 1030 1002
f 1002 1030 1031 1003
f 1003 1031 1032 1004
f 1004 1032 1033 1005
f 1005 1033 1034 1006
f 1006 1034 1035 1007
f 1007 1035 1036 1008
f 1008 1036 1009 981
f 1009 1037 1038 1010
f 1010 1038 1039 1011
f 1011 1039 1040 1012
f 1012 1040 1041 1013
f 1013 1041 1042 1014
f 1014 1042 1043 1015
f 1015 1043 1044 1016
f 1016 1044 1045 1017
f 1017 1045 1046 1018
f 1018 1046 1047 1019
f 1019 1047 1048 1020
f 1020 1048 1049 1021
f 1021 1049 1050 1022
f 1022 1050 1051 1023
f 1023 1051 1052 1024
f 1024 1052 1053 1025
f 1025 1053 1054 1026
f 1026 1054 1055 1027
f 1027 1055 1056 1028
f 1028 1056 1057 1029
f 1029 1057 1058 1030
f 1030 1058 1059 1031
f 1031 1059 1060 1032
f 1032 1060 1061 1033
f 1033 1061 1062 1034
f 1034 1062 1063 1035
f 1035 1063 1064 1036
f 1036 1064 1037 1009
f 1037 1065 1066 1038
f 1038 1066 1067 1039
f 1039 1067 1068 1040
f 1040 1068 1069 1041
f 1041 1069 1070 1042
f 1042 1070 1071 1043
f 1043 1071 1072 1044
f 1044 1072 1073 1045
f 1045 1073 1074 1046
f 1046 1074 1075 1047
f 1047 1075 1076 1048
f 1048 1076 1077 1049
f 1049 1077 1078 1050
f 1050 1078 1079 1051
f 1051 1079 1080 1052
f 1052 1080 1081 1053
f 1053 1081 1082 1054
f 1054 1082 1083 1055
f 1055 1083 1084 1056
f 1056 1084 1085 1057
f 1057 1085 1086 1058
f 1058 1086 1087 1059
f 1059 1087 1088 1060
f 1060 1088 1089 1061
f 1061 1089 1090 1062
f 1062 1090 1091 1063
f 1063 1091 1092 1064
f 1064 1092 1065 1037
f 1065 1093 1094 1066
f 1066 1094 1095 1067
f 1067 1095 1096 1068
f 1068 1096 1097 1069
f 1069 1097 1098 1070
f 1070 1098 1099 1071
f 1071 1099 1100 1072
f 1072 1100 1101 1073
f 1073 1101 1102 1074
f 1074 1102 1103 1075
f 1075 1103 1104 1076
f 1076 1104 1105 1077
f 1077 1105 1106 1078
f 1078 1106 1107 1079
f 1079 1107 1108 1080
f 1080 1108 1109 1081
f 1081 1109 1110 1082
f 1082 1110 1111 1083
f 1083 1111 1112 1084
f 1084 1112 1113 1085
f 1085 1113 1114 1086
f 1086 1114 1115 1087
f 1087 1115 1116 1088
f 1088 1116 1117 1089
f 1089 1117 1118 1090
f 1090 1118 1119 1091
f 1091 1119 1120 1092
f 1092 1120 1093 1065
f 1093 1121 1122 1094
f 1094 1122 1123 1095
f 1095 1123 1124 1096
f 1096 1124 1125 1097
f 1097 1125 1126 1098
f 1098 1126 1127 1099
f 1099 1127 1128 1100
f 1100 1128 1129 1101
f 1101 1129 1130 1102
f 1102 1130 1131 1103
f 1103 1131 1132 1104
f 1104 1132 1133 1105
f 1105 1133 1134 1106
f 1106 1134 1135 1107
f 1107 1135 1136 1108
f 1108 1136 1137 1109
f 1109 1137 1138 1110
f 1110 1138 1139 1111
f 1111 1139 1140 1112
f 1112 1140 1141 1113
f 1113 1141 1142 1114
f 1114 1142 1143 1115
f 1115 1143 1144 1116
f 1116 1144 1145 1117
f 1117 1145 1146 1118
f 1118 1146 1147 1119
f 1119 1147 1148 1120
f 1120 1148 1121 1093
f 1121 1149 1150 1122
f 1122 1150 1151 1123
f 1123 1151 1152 1124
f 1124 1152 1153 1125
f 1125 1153 1154 1126
f 1126 1154 1155 1127
f 1127 1155 1156 1128
f 1128 1156 1157 1129
f 1129 1157 1158 1130
f 1130 1158 1159 1131
f 1131 1159 1160 1132
f 1132 1160 1161 1133
f 1133 1161 1162 1134
f 1134 1162 1163 1135
f 1135 1163 1164 1136
f 1136 1164 1165 1137
f 1137 1165 1166 1138
f 1138 1166 1167 1139
f 1139 1167 1168 1140
f 1140 1168 1169 1141
f 1141 1169 1170 1142
f 1142 1170 1171 1143
f 1143 1171 1172 1144
f 1144 1172 1173 1145
f 1145 1173 1174 1146
f 1146 1174 1175 1147
f 1147 1175 1176 1148
f 1148 1176 1149 1121
f 1149 1177 1178 1150
f 1150 1178 1179 1151
f 1151 1179 1180 1152
f 1152 1180 1181 1153
f 1153 1181 1182 1154
f 1154 1182 1183 1155
f 1155 1183 1184 1156
f 1156 1184 1185 1157
f 1157 1185 1186 1158
f 1158 1186 1187 1159
f 1159 1187 1188 1160
f 1160 1188 1189 1161
f 1161 1189 1190 1162
f 1162 1190 1191 1163
f 1163 1191 1192 1164
f 1164 1192 1193 1165
f 1165 1193 1194 1166
f 1166 1194 1195 1167
f 1167 1195 1196 1168
f 1168 1196 1197 1169
f 1169 1197 1198 1170
f 1170 1198 1199 1171
f 1171 1199 1200 1172
f 1172 1200 1201 1173
f 1173 1201 1202 1174
f 1174 1202 1203 1175
f 1175 1203 1204 1176
f 1176 1204 1177 1149
f 1177 1205 1206 1178
f 1178 1206 1207 1179
f 1179 1207 1208 1180
f 1180 1208 1209 1181
f 1181 1209 1210 1182
f 1182 1210 1211 1183
f 1183 1211 1212 1184
f 1184 1212 1213 1185
f 1185 1213 1214 1186
f 1186 1214 1215 1187
f 1187 1215 1216 1188
f 1188 1216 1217 1189
f 1189 1217 1218 1190
f 1190 1218 1219 1191
f 1191 1219 1220 1192
f 1192 1220 1221 1193
f 1193 1221 1222 1194
f 1194 1222 1223 1195
f 1195 1223 1224 1196
f 1196 1224 1225 1197
f 1197 1225 1226 1198
f 1198 1226 1227 1199
f 1199 1227 1228 1200
f 1200 1228 1229 1201
f 1201 1229 1230 1202
f 1202 1230 1231 1203
f 1203 1231 1232 1204
f 1204 1232 1205 1177
f 1205 1233 1234 1206
f 1206 1234 1235 1207
f 1207 1235 1236 1208
f 1208 1236 1237 1209
f 1209 1237 1238 1210
f 1210 1238 1239 1211
f 1211 1239 1240 1212
f 1212 1240 1241 1213
f 1213 1241 1242 1214
f 1214 1242 1243 1215
f 1215 1243 1244 1216
f 1216 1244 1245 1217
f 1217 1245 1246 1218
f 1218 1246 1247 1219
f 1219 1247 1248 1220
f 1220 1248 1249 1221
f 1221 1249 1250 1222
f 1222 1250 1251 1223
f 1223 1251 1252 1224
f 1224 1252 1253 1225
f 1225 1253 1254 1226
f 1226 1254 1255 1227
f 1227 1255 1256 1228
f 1228 1256 1257 1229
f 1229 1257 1258 1230
f 1230 1258 1259 1231
f 1231 1259 1260 1232
f 1232 1260 1233 1205
f 1233 1261 1262 1234
f 1234 1262 1263 1235
f 1235 1263 1264 1236
f 1236 1264 1265 1237
f 1237 1265 1266 1238
f 1238 1266 1267 1239
f 1239 1267 1268 1240
f 1240 1268 1269 1241
f 1241 1269 1270 1242
f 1242 1270 1271 1243
f 1243 1271 1272 1244
f 1244 1272 1273 1245
f 1245 1273 1274 1246
f 1246 1274 1275 1247
f 1247 1275 1276 1248
f 1248 1276 1277 1249
f 1249 1277 1278 1250
f 1250 1278 1279 1251
f 1251 1279 1280 1252
f 1252 1280 1281 1253
f 1253 1281 1282 1254
f 1254 1282 1283 1255
f 1255 1283 1284 1256
f 1256 1284 1285 1257
f 1257 1285 1286 1258
f 1258 1286 1287 1259
f 1259 1287 1288 1260
f 1260 1288 1261 1233
f 1261 1289 1290 1262
f 1262 1290 1291 1263
f 1263 1291 1292 1264
f 1264 1292 1293 1265
f 1265 1293 1294 1266
f 1266 1294 1295 1267
f 1267 1295 1296 1268
f 1268 1296 1297 1269
f 1269 1297 1298 1270
f 1270 1298 1299 1271
f 1271 1299 1300 1272
f 1272 1300 1301 1273
f 1273 1301 1302 1274
f 1274 1302 1303 1275
f 1275 1303 1304 1276
f 1276 1304 1305 1277
f 1277 1305 1306 1278
f 1278 1306 1307 1279
f 1279 1307 1308 1280
f 1280 1308 1309 1281
f 1281 1309 1310 1282
f 1282 1310 1311 1283
f 1283 1311 1312 1284
f 1284 1312 1313 1285
f 1285 1313 1314 1286
f 1286 1314 1315 1287
f 1287 1315 1316 1288
f 1288 1316 1289 1261
f 1289 1317 1318 1290
f 1290 1318 1319 1291
f 1291 1319 1320 1292
f 1292 1320 1321 1293
f 1293 1321 1322 1294
f 1294 1322 1323 1295
f 1295 1323 1324 1296
f 1296 1324 1325 1297
f 1297 1325 1326 1298
f 1298 1326 1327 1299
f 1299 1327 1328 1300
f 1300 1328 1329 1301
f 1301 1329 1330 1302
f 1302 1330 1331 1303
f 1303 1331 1332 1304
f 1304 1332 1333 1305
f 1305 1333 1334 1306
f 1306 1334 1335 1307
f 1307 1335 1336 1308
f 1308 1336 1337 1309
f 1309 1337 1338 1310
f 1310 1338 1339 1311
f 1311 1339 1340 1312
f 1312 1340 1341 1313
f 1313 1341 1342 1314
f 1314 1342 1343 1315
f 1315 1343 1344 1316
f 1316 1344 1317 1289
f 1317 1345 1346 1318
f 1318 1346 1347 1319
f 1319 1347 1348 1320
f 1320 1348 1349 1321
f 1321 1349 1350 1322
f 1322 1350 1351 1323
f 1323 1351 1352 1324
f 1324 1352 1353 1325
f 1325 1353 1354 1326
f 1326 1354 1355 1327
f 1327 1355 1356 1328
f 1328 1356 1357 1329
f 1329 1357 1358 1330
f 1330 1358 1359 1331
f 1331 1359 1360 1332
f 1332 1360 1361 1333
f 1333 1361 1362 1334
f 1334 1362 1363 1335
f 1335 1363 1364 1336
f 1336 1364 1365 1337
f 1337 1365 1366 1338
f 1338 1366 1367 1339
f 1339 1367 1368 1340
f 1340 1368 1369 1341
f 1341 1369 1370 1342
f 1342 1370 1371 1343
f 1343 1371 1372 1344
f 1344 1372 1345 1317
f 1345 1373 1374 1346
f 1346 1374 1375 1347
f 1347 1375 1376 1348
f 1348 1376 1377 1349
f 1349 1377 1378 1350
f 1350 1378 1379 1351
f 1351 1379 1380 1352
f 1352 1380 1381 1353
f 1353 1381 1382 1354
f 1354 1382 1383 1355
f 1355 1383 1384 1356
f 1356 1384 1385 1357
f 1357 1385 1386 1358
f 1358 1386 1387 1359
f 1359 1387 1388 1360
f 1360 1388 1389 1361
f 1361 1389 1390 1362
f 1362 1390 1391 1363
f 1363 1391 1392 1364
f 1364 1392 1393 1365
f 1365 1393 1394 1366
f 1366 1394 1395 1367
f 1367 1395 1396 1368
f 1368 1396 1397 1369
f 1369 1397 1398 1370
f 1370 1398 1399 1371
f 1371 1399 1400 1372
f 1372 1400 1373 1345
f 1373 1401 1402 1374
f 1374 1402 1403 1375
f 1375 1403 1404 1376
f 1376 1404 1405 1377
f 1377 1405 1406 1378
f 1378 1406 1407 1379
f 1379 1407 1408 1380
f 1380 1408 1409 1381
f 1381 1409 1410 1382
f 1382 1410 1411 1383
f 1383 1411 1412 1384
f 1384 1412 1413 1385
f 1385 1413 1414 1386
f 1386 1414 1415 1387
f 1387 1415 1416 1388
f 1388 1416 1417 1389
f 1389 1417 1418 1390
f 1390 1418 1419 1391
f 1391 1419 1420 1392
f 1392 1420 1421 1393
f 1393 1421 1422 1394
f 1394 1422 1423 1395
f 1395 1423 1424 1396
f 1396 1424 1425 1397
f 1397 1425 1426 1398
f 1398 1426 1427 1399
f 1399 1427 1428 1400
f 1400 1428 1401 1373
f 1401 1429 1430 1402
f 1402 1430 1431 1403
f 1403 1431 1432 1404
f 1404 1432 1433 1405
f 1405 1433 1434 1406
f 1406 1434 1435 1407
f 1407 1435 1436 1408
f 1408 1436 1437 1409
f 1409 1437 1438 1410
f 1410 1438 1439 1411
f 1411 1439 1440 1412
f 1412 1440 1441 1413
f 1413 1441 1442 1414
f 1414 1442 1443 1415
f 1415 1443 1444 1416
f 1416 1444 1445 1417
f 1417 1445 1446 1418
f 1418 1446 1447 1419
f 1419 1447 1448 1420
f 1420 1448 1449 1421
f 1421 1449 1450 1422
f 1422 1450 1451 1423
f 1423 1451 1452 1424
f 1424 1452 1453 1425
f 1425 1453 1454 1426
f 1426 1454 1455 1427
f 1427 1455 1456 1428
f 1428 1456 1429 1401
f 1429 1457 1458 1430
f 1430 1458 1459 1431
f 1431 1459 1460 1432
f 1432 1460 1461 1433
f 1433 1461 1462 1434
f 1434 1462 1463 1435
f 1435 1463 1464 1436
f 1436 1464 1465 1437
f 1437 1465 1466 1438
f 1438 1466 1467 1439
f 1439 1467 1468 1440
f 1440 1468 1469 1441
f 1441 1469 1470 1442
f 1442 1470 1471 1443
f 1443 1471 1472 1444
f 1444 1472 1473 1445
f 1445 1473 1474 1446
f 1446 1474 1475 1447
f 1447 1475 1476 1448
f 1448 1476 1477 1449
f 1449 1477 1478 1450
f 1450 1478 1479 1451
f 1451 1479 1480 1452
f 1452 1480 1481 1453
f 1453 1481 1482 1454
f 1454 1482 1483 1455
f 1455 1483 1484 1456
f 1456 1484 1457 1429
f 1457 1485 1486 1458
f 1458 1486 1487 1459
f 1459 1487 1488 1460
f 1460 1488 1489 1461
f 1461 1489 1490 1462
f 1462 1490 1491 1463
f 1463 1491 1492 1464
f 1464 1492 1493 1465
f 1465 1493 1494 1466
f 1466 1494 1495 1467
f 1467 1495 1496 1468
f 1468 1496 1497 1469
f 1469 1497 1498 1470
f 1470 1498 1499 1471
f 1471 1499 1500 1472
f 1472 1500 1501 1473
f 1473 1501 1502 1474
f 1474 1502 1503 1475
f 1475 1503 1504 1476
f 1476 1504 1505 1477
f 1477 1505 1506 1478
f 1478 1506 1507 1479
f 1479 1507 1508 1480
f 1480 1508 1509 1481
f 1481 1509 1510 1482
f 1482 1510 1511 1483
f 1483 1511 1512 1484
f 1484 1512 1485 1457
f 1485 1513 1514 1486
f 1486 1514 1515 1487
f 1487 1515 1516 1488
f 1488 1516 1517 1489
f 1489 1517 1518 1490
f 1490 1518 1519 1491
f 1491 1519 1520 1492
f 1492 1520 1521 1493
f 1493 1521 1522 1494
f 1494 1522 1523 1495
f 1495 1523 1524 1496
f 1496 1524 1525 1497
f 1497 1525 1526 1498
f 1498 1526 1527 1499
f 1499 1527 1528 1500
f 1500 1528 1529 1501
f 1501 1529 1530 1502
f 1502 1530 1531 1503
f 1503 1531 1532 1504
f 1504 1532 1533 1505
f 1505 1533 1534 1506
f 1506 1534 1535 1507
f 1507 1535 1536 1508
f 1508 1536 1537 1509
f 1509 1537 1538 1510
f 1510 1538 1539 1511
f 1511 1539 1540 1512
f 1512 1540 1513 1485
f 1513 1541 1542 1514
f 1514 1542 1543 1515
f 1515 1543 1544 1516
f 1516 1544 1545 1517
f 1517 1545 1546 1518
f 1518 1546 1547 1519
f 1519 1547 1548 1520
f 1520 1548 1549 1521
f 1521 1549 1550 1522
f 1522 1550 1551 1523
f 1523 1551 1552 1524
f 1524 1552 1553 1525
f 1525 1553 1554 1526
f 1526 1554 1555 1527
f 1527 1555 1556 1528
f 1528 1556 1557 1529
f 1529 1557 1558 1530
f 1530 1558 1559 1531
f 1531 1559 1560 1532
f 1532 1560 1561 1533
f 1533 1561 1562 1534
f 1534 1562 1563 1535
f 1535 1563 1564 1536
f 1536 1564 1565 1537
f 1537 1565 1566 1538
f 1538 1566 1567 1539
f 1539 1567 1568 1540
f 1540 1568 1541 1513
f 1541 1569 1570 1542
f 1542 1570 1571 1543
f 1543 1571 1572 1544
f 1544 1572 1573 1545
f 1545 1573 1574 1546
f 1546 1574 1575 1547
f 1547 1575 1576 1548
f 1548 1576 1577 1549
f 1549 1577 1578 1550
f 1550 1578 1579 1551
f 1551 1579 1580 1552
f 1552 1580 1581 1553
f 1553 1581 1582 1554
f 1554 1582 1583 1555
f 1555 1583 1584 1556
f 1556 1584 1585 1557
f 1557 1585 1586 1558
f 1558 1586 1587 1559
f 1559 1587 1588 1560
f 1560 1588 1589 1561
f 1561 1589 1590 1562
f 1562 1590 1591 1563
f 1563 1591 1592 1564
f 1564 1592 1593 1565
f 1565 1593 1594 1566
f 1566 1594 1595 1567
f 1567 1595 1596 1568
f 1568 1596 1569 1541
f 1569 1597 1598 1570
f 1570 1598 1599 1571
f 1571 1599 1600 1572
f 1572 1600 1601 1573
f 1573 1601 1602 1574
f 1574 1602 1603 1575
f 1575 1603 1604 1576
f 1576 1604 1605 1577
f 1577 1605 1606 1578
f 1578 1606 1607 1579
f 1579 1607 1608 1580
f 1580 1608 1609 1581
f 1581 1609 1610 1582
f 1582 1610 1611 1583
f 1583 1611 1612 1584
f 1584 1612 1613 1585
f 1585 1613 1614 1586
f 1586 1614 1615 1587
f 1587 1615 1616 1588
f 1588 1616 1617 1589
f 1589 1617 1618 1590
f 1590 1618 1619 1591
f 1591 1619 1620 1592
f 1592 1620 1621 1593
f 1593 1621 1622 1594
f 1594 1622 1623 1595
f 1595 1623 1624 1596
f 1596 1624 1597 1569
f 1597 1625 1626 1598
f 1598 1626 1627 1599
f 1599 1627 1628 1600
f 1600 1628 1629 1601
f 1601 1629 1630 1602
f 1602 1630 1631 1603
f 1603 1631 1632 1604
f 1604 1632 1633 1605
f 1605 1633 1634 1606
f 1606 1634 1635 1607
f 1607 1635 1636 1608
f 1608 1636 1637 1609
f 1609 1637 1638 1610
f 1610 1638 1639 1611
f 1611 1639 1640 1612
f 1612 1640 1641 1613
f 1613 1641 1642 1614
f 1614 1642 1643 1615
f 1615 1643 1644 1616
f 1616 1644 1645 1617
f 1617 1645 1646 1618
f 1618 1646 1647 1619
f 1619 1647 1648 1620
f 1620 1648 1649 1621
f 1621 1649 1650 1622
f 1622 1650 1651 1623
f 1623 1651 1652 1624
f 1624 1652 1625 1597
f 1625 1653 1654 1626
f 1626 1654 1655 1627
f 1627 1655 1656 1628
f 1628 1656 1657 1629
f 1629 1657 1658 1630
f 1630 1658 1659 1631
f 1631 1659 1660 1632
f 1632 1660 1661 1633
f 1633 1661 1662 1634
f 1634 1662 1663 1635
f 1635 1663 1664 1636
f 1636 1664 1665 1637
f 1637 1665 1666 1638
f 1638 1666 1667 1639
f 1639 1667 1668 1640
f 1640 1668 1669 1641
f 1641 1669 1670 1642
f 1642 1670 1671 1643
f 1643 1671 1672 1644
f 1644 1672 1673 1645
f 1645 1673 1674 1646
f 1646 1674 1675 1647
f 1647 1675 1676 1648
f 1648 1676 1677 1649
f 1649 1677 1678 1650
f 1650 1678 1679 1651
f 1651 1679 1680 1652
f 1652 1680 1653 1625
f 1653 1681 1682 1654
f 1654 1682 1683 1655
f 1655 1683 1684 1656
f 1656 1684 1685 1657
f 1657 1685 1686 1658
f 1658 1686 1687 1659
f 1659 1687 1688 1660
f 1660 1688 1689 1661
f 1661 1689 1690 1662
f 1662 1690 1691 1663
f 1663 1691 1692 1664
f 1664 1692 1693 1665
f 1665 1693 1694 1666
f 1666 1694 1695 1667
f 1667 1695 1696 1668
f 1668 1696 1697 1669
f 1669 1697 1698 1670
f 1670 1698 1699 1671
f 1671 1699 1700 1672
f 1672 1700 1701 1673
f 1673 1701 1702 1674
f 1674 1702 1703 1675
f 1675 1703 1704 1676
f 1676 1704 1705 1677
f 1677 1705 1706 1678
f 1678 1706 1707 1679
f 1679 1707 1708 1680
f 1680 1708 1681 1653
f 1681 1709 1710 1682
f 1682 1710 1711 1683
f 1683 1711 1712 1684
f 1684 1712 1713 1685
f 1685 1713 1714 1686
f 1686 1714 1715 1687
f 1687 1715 1716 1688
f 1688 1716 1717 1689
f 1689 1717 1718 1690
f 1690 1718 1719 1691
f 1691 1719 1720 1692
f 1692 1720 1721 1693
f 1693 1721 1722 1694
f 1694 1722 1723 1695
f 1695 1723 1724 1696
f 1696 1724 1725 1697
f 1697 1725 1726 1698
f 1698 1726 1727 1699
f 1699 1727 1728 1700
f 1700 1728 1729 1701
f 1701 1729 1730 1702
f 1702 1730 1731 1703
f 1703 1731 1732 1704
f 1704 1732 1733 1705
f 1705 1733 1734 1706
f 1706 1734 1735 1707
f 1707 1735 1736 1708
f 1708 1736 1709 1681
f 1709 1737 1738 1710
f 1710 1738 1739 1711
f 1711 1739 1740 1712
f 1712 1740 1741 1713
f 1713 1741 1742 1714
f 1714 1742 1743 1715
f 1715 1743 1744 1716
f 1716 1744 1745 1717
f 1717 1745 1746 1718
f 1718 1746 1747 1719
f 1719 1747 1748 1720
f 1720 1748 1749 1721
f 1721 1749 1750 1722
f 1722 1750 1751 1723
f 1723 1751 1752 1724
f 1724 1752 1753 1725
f 1725 1753 1754 1726
f 1726 1754 1755 1727
f 1727 1755 1756 1728
f 1728 1756 1757 1729
f 1729 1757 1758 1730
f 1730 1758 1759 1731
f 1731 1759 1760 1732
f 1732 1760 1761 1733
f 1733 1761 1762 1734
f 1734 1762 1763 1735
f 1735 1763 1764 1736
f 1736 1764 1737 1709
f 1737 1765 1766 1738
f 1738 1766 1767 1739
f 1739 1767 1768 1740
f 1740 1768 1769 1741
f 1741 1769 1770 1742
f 1742 1770 1771 1743
f 1743 1771 1772 1744
f 1744 1772 1773 1745
f 1745 1773 1774 1746
f 1746 1774 1775 1747
f 1747 1775 1776 1748
f 1748 1776 1777 1749
f 1749 1777 1778 1750
f 1750 1778 1779 1751
f 1751 1779 1780 1752
f 1752 1780 1781 1753
f 1753 1781 1782 1754
f 1754 1782 1783 1755
f 1755 1783 1784 1756
f 1756 1784 1785 1757
f 1757 1785 1786 1758
f 1758 1786 1787 1759
f 1759 1787 1788 1760
f 1760 1788 1789 1761
f 1761 1789 1790 1762
f 1762 1790 1791 1763
f 1763 1791 1792 1764
f 1764 1792 1765 1737
f 1765 1793 1794 1766
f 1766 1794 1795 1767
f 1767 1795 1796 1768
f 1768 1796 1797 1769
f 1769 1797 1798 1770
f 1770 1798 1799 1771
f 1771 1799 1800 1772
f 1772 1800 1801 1773
f 1773 1801 1802 1774
f 1774 1802 1803 1775
f 1775 1803 1804 1776
f 1776 1804 1805 1777
f 1777 1805 1806 1778
f 1778 1806 1807 1779
f 1779 1807 1808 1780
f 1780 1808 1809 1781
f 1781 1809 1810 1782
f 1782 1810 1811 1783
f 1783 1811 1812 1784
f 1784 1812 1813 1785
f 1785 1813 1814 1786
f 1786 1814 1815 1787
f 1787 1815 1816 1788
f 1788 1816 1817 1789
f 1789 1817 1818 1790
f 1790 1818 1819 1791
f 1791 1819 1820 1792
f 1792 1820 1793 1765
f 1793 1821 1822 1794
f 1794 1822 1823 1795
f 1795 1823 1824 1796
f 1796 1824 1825 1797
f 1797 1825 1826 1798
f 1798 1826 1827 1799
f 1799 1827 1828 1800
f 1800 1828 1829 1801
f 1801 1829 1830 1802
f 1802 1830 1831 1803
f 1803 1831 1832 1804
f 1804 1832 1833 1805
f 1805 1833 1834 1806
f 1806 1834 1835 1807
f 1807 1835 1836 1808
f 1808 1836 1837 1809
f 1809 1837 1838 1810
f 1810 1838 1839 1811
f 1811 1839 1840 1812
f 1812 1840 1841 1813
f 1813 1841 1842 1814
f 1814 1842 1843 1815
f 1815 1843 1844 1816
f 1816 1844 1845 1817
f 1817 1845 1846 1818
f 1818 1846 1847 1819
f 1819 1847 1848 1820
f 1820 1848 1821 1793
f 1821 1849 1850 1822
f 1822 1850 1851 1823
f 1823 1851 1852 1824
f 1824 1852 1853 1825
f 1825 1853 1854 1826
f 1826 1854 1855 1827
f 1827 1855 1856 1828
f 1828 1856 1857 1829
f 1829 1857 1858 1830
f 1830 1858 1859 1831
f 1831 1859 1860 1832
f 1832 1860 1861 1833
f 1833 1861 1862 1834
f 1834 1862 1863 1835
f 1835 1863 1864 1836
f 1836 1864 1865 1837
f 1837 1865 1866 1838
f 1838 1866 1867 1839
f 1839 1867 1868 1840
f 1840 1868 1869 1841
f 1841 1869 1870 1842
f 1842 1870 1871 1843
f 1843 1871 1872 1844
f 1844 1872 1873 1845
f 1845 1873 1874 1846
f 1846 1874 1875 1847
f 1847 1875 1876 1848
f 1848 1876 1849 1821
f 1849 1877 1878 1850
f 1850 1878 1879 1851
f 1851 1879 1880 1852
f 1852 1880 1881 1853
f 1853 1881 1882 1854
f 1854 1882 1883 1855
f 1855 1883 1884 1856
f 1856 1884 1885 1857
f 1857 1885 1886 1858
f 1858 1886 1887 1859
f 1859 1887 1888 1860
f 1860 1888 1889 1861
f 1861 1889 1890 1862
f 1862 1890 1891 1863
f 1863 1891 1892 1864
f 1864 1892 1893 1865
f 1865 1893 1894 1866
f 1866 1894 1895 1867
f 1867 1895 1896 1868
f 1868 1896 1897 1869
f 1869 1897 1898 1870
f 1870 1898 1899 1871
f 1871 1899 1900 1872
f 1872 1900 1901 1873
f 1873 1901 1902 1874
f 1874 1902 1903 1875
f 1875 1903 1904 1876
f 1876 1904 1877 1849
f 1877 1905 1906 1878
f 1878 1906 1907 1879
f 1879 1907 1908 1880
f 1880 1908 1909 1881
f 1881 1909 1910 1882
f 1882 1910 1911 1883
f 1883 1911 1912 1884
f 1884 1912 1913 1885
f 1885 1913 1914 1886
f 1886 1914 1915 1887
f 1887 1915 1916 1888
f 1888 1916 1917 1889
f 1889 1917 1918 1890
f 1890 1918 1919 1891
f 1891 1919 1920 1892
f 1892 1920 1921 1893
f 1893 1921 1922 1894
f 1894 1922 1923 1895
f 1895 1923 1924 1896
f 1896 1924 1925 1897
f 1897 1925 1926 1898
f 1898 1926 1927 1899
f 1899 1927 1928 1900
f 1900 1928 1929 1901
f 1901 1929 1930 1902
f 1902 1930 1931 1903
f 1903 1931 1932 1904
f 1904 1932 1905 1877
f 1905 1933 1934 1906
f 1906 1934 1935 1907
f 1907 1935 1936 1908
f 1908 1936 1937 1909
f 1909 1937 1938 1910
f 1910 1938 1939 1911
f 1911 1939 1940 1912
f 1912 1940 1941 1913
f 1913 1941 1942 1914
f 1914 1942 1943 1915
f 1915 1943 1944 1916
f 1916 1944 1945 1917
f 1917 1945 1946 1918
f 1918 1946 1947 1919
f 1919 1947 1948 1920
f 1920 1948 1949 1921
f 1921 1949 1950 1922
f 1922 1950 1951 1923
f 1923 1951 1952 1924
f 1924 1952 1953 1925
f 1925 1953 1954 1926
f 1926 1954 1955 1927
f 1927 1955 1956 1928
f 1928 1956 1957 1929
f 1929 1957 1958 1930
f 1930 1958 1959 1931
f 1931 1959 1960 1932
f 1932 1960 1933 1905
f 1933 1961 1962 1934
f 1934 1962 1963 1935
f 1935 1963 1964 1936
f 1936 1964 1965 1937
f 1937 1965 1966 1938
f 1938 1966 1967 1939
f 1939 1967 1968 1940
f 1940 1968 1969 1941
f 1941 1969 1970 1942
f 1942 1970 1971 1943
f 1943 1971 1972 1944
f 1944 1972 1973 1945
f 1945 1973 1974 1946
f 1946 1974 1975 1947
f 1947 1975 1976 1948
f 1948 1976 1977 1949
f 1949 1977 1978 1950
f 1950 1978 1979 1951
f 1951 1979 1980 1952
f 1952 1980 1981 1953
f 1953 1981 1982 1954
f 1954 1982 1983 1955
f 1955 1983 1984 1956
f 1956 1984 1985 1957
f 1957 1985 1986 1958
f 1958 1986 1987 1959
f 1959 1987 1988 1960
f 1960 1988 1961 1933
f 1961 1989 1990 1962
f 1962 1990 1991 1963
f 1963 1991 1992 1964
f 1964 1992 1993 1965
f 1965 1993 1994 1966
f 1966 1994 1995 1967
f 1967 1995 1996 1968
f 1968 1996 1997 1969
f 1969 1997 1998 1970
f 1970 1998 1999 1971
f 1971 1999 2000 1972
f 1972 2000 2001 1973
f 1973 2001 2002 1974
f 1974 2002 2003 1975
f 1975 2003 2004 1976
f 1976 2004 2005 1977
f 1977 2005 2006 1978
f 1978 2006 2007 1979
f 1979 2007 2008 1980
f 1980 2008 2009 1981
f 1981 2009 2010 1982
f 1982 2010 2011 1983
f 1983 2011 2012 1984
f 1984 2012 2013 1985
f 1985 2013 2014 1986
f 1986 2014 2015 1987
f 1987 2015 2016 1988
f 1988 2016 1989 1961
f 1989 2017 2018 1990
f 1990 2018 2019 1991
f 1991 2019 2020 1992
f 1992 2020 2021 1993
f 1993 2021 2022 1994
f 1994 2022 2023 1995
f 1995 2023 2024 1996
f 1996 2024 2025 1997
f 1997 2025 2026 1998
f 1998 2026 2027 1999
f 1999 2027 2028 2000
f 2000 2028 2029 2001
f 2001 2029 2030 2002
f 2002 2030 2031 2003
f 2003 2031 2032 2004
f 2004 2032 2033 2005
f 2005 2033 2034 2006
f 2006 2034 2035 2007
f 2007 2035 2036 2008
f 2008 2036 2037 2009
f 2009 2037 2038 2010
f 2010 2038 2039 2011
f 2011 2039 2040 2012
f 2012 2040 2041 2013
f 2013 2041 2042 2014
f 2014 2042 2043 2015
f 2015 2043 2044 2016
f 2016 2044 2017 1989
f 2017 2045 2046 2018
f 2018 2046 2047 2019
f 2019 2047 2048 2020
f 2020 2048 2049 2021
f 2021 2049 2050 2022
f 2022 2050 2051 2023
f 2023 2051 2052 2024
f 2024 2052 2053 2025
f 2025 2053 2054 2026
f 2026 2054 2055 2027
f 2027 2055 2056 2028
f 2028 2056 2057 2029
f 2029 2057 2058 2030
f 2030 2058 2059 2031
f 2031 2059 2060 2032
f 2032 2060 2061 2033
f 2033 2061 2062 2034
f 2034 2062 2063 2035
f 2035 2063 2064 2036
f 2036 2064 2065 2037
f 2037 2065 2066 2038
f 2038 2066 2067 2039
f 2039 2067 2068 2040
f 2040 2068 2069 2041
f 2041 2069 2070 2042
f 2042 2070 2071 2043
f 2043 2071 2072 2044
f 2044 2072 2045 2017
f 2045 2073 2074 2046
f 2046 2074 2075 2047
f 2047 2075 2076 2048
f 2048 2076 2077 2049
f 2049 2077 2078 2050
f 2050 2078 2079 2051
f 2051 2079 2080 2052
f 2052 2080 2081 2053
f 2053 2081 2082 2054
f 2054 2082 2083 2055
f 2055 2083 2084 2056
f 2056 2084 2085 2057
f 2057 2085 2086 2058
f 2058 2086 2087 2059
f 2059 2087 2088 2060
f 2060 2088 2089 2061
f 2061 2089 2090 2062
f 2062 2090 2091 2063
f 2063 2091 2092 2064
f 2064 2092 2093 2065
f 2065 2093 2094 2066
f 2066 2094 2095 2067
f 2067 2095 2096 2068
f 2068 2096 2097 2069
f 2069 2097 2098 2070
f 2070 2098 2099 2071
f 2071 2099 2100 2072
f 2072 2100 2073 2045
f 2073 2101 2102 2074
f 2074 2102 2103 2075
f 2075 2103 2104 2076
f 2076 2104 2105 2077
f 2077 2105 2106 2078
f 2078 2106 2107 2079
f 2079 2107 2108 2080
f 2080 2108 2109 2081
f 2081 2109 2110 2082
f 2082 2110 2111 2083
f 2083 2111 2112 2084
f 2084 2112 2113 2085
f 2085 2113 2114 2086
f 2086 2114 2115 2087
f 2087 2115 2116 2088
f 2088 2116 2117 2089
f 2089 2117 2118 2090
f 2090 2118 2119 2091
f 2091 2119 2120 2092
f 2092 2120 2121 2093
f 2093 2121 2122 2094
f 2094 2122 2123 2095
f 2095 2123 2124 2096
f 2096 2124 2125 2097
f 2097 2125 2126 2098
f 2098 2126 2127 2099
f 2099 2127 2128 2100
f 2100 2128 2101 2073
f 2101 2129 2130 2102
f 2102 2130 2131 2103
f 2103 2131 2132 2104
f 2104 2132 2133 2105
f 2105 2133 2134 2106
f 2106 2134 2135 2107
f 2107 2135 2136 2108
f 2108 2136 2137 2109
f 2109 2137 2138 2110
f 2110 2138 2139 2111
f 2111 2139 2140 2112
f 2112 2140 2141 2113
f 2113 2141 2142 2114
f 2114 2142 2143 2115
f 2115 2143 2144 2116
f 2116 2144 2145 2117
f 2117 2145 2146 2118
f 2118 2146 2147 2119
f 2119 2147 2148 2120
f 2120 2148 2149 2121
f 2121 2149 2150 2122
f 2122 2150 2151 2123
f 2123 2151 2152 2124
f 2124 2152 2153 2125
f 2125 2153 2154 2126
f 2126 2154 2155 2127
f 2127 2155 2156 2128
f 2128 2156 2129 2101
f 2129 2157 2158 2130
f 2130 2158 2159 2131
f 2131 2159 2160 2132
f 2132 2160 2161 2133
f 2133 2161 2162 2134
f 2134 2162 2163 2135
f 2135 2163 2164 2136
f 2136 2164 2165 2137
f 2137 2165 2166 2138
f 2138 2166 2167 2139
f 2139 2167 2168 2140
f 2140 2168 2169 2141
f 2141 2169 2170 2142
f 2142 2170 2171 2143
f 2143 2171 2172 2144
f 2144 2172 2173 2145
f 2145 2173 2174 2146
f 2146 2174 2175 2147
f 2147 2175 2176 2148
f 2148 2176 2177 2149
f 2149 2177 2178 2150
f 2150 2178 2179 2151
f 2151 2179 2180 2152
f 2152 2180 2181 2153
f 2153 2181 2182 2154
f 2154 2182 2183 2155
f 2155 2183 2184 2156
f 2156 2184 2157 2129
f 2157 2185 2186 2158
f 2158 2186 2187 2159
f 2159 2187 2188 2160
f 2160 2188 2189 2161
f 2161 2189 2190 2162
f 2162 2190 2191 2163
f 2163 2191 2192 2164
f 2164 2192 2193 2165
f 2165 2193 2194 2166
f 2166 2194 2195 2167
f 2167 2195 2196 2168
f 2168 2196 2197 2169
f 2169 2197 2198 2170
f 2170 2198 2199 2171
f 2171 2199 2200 2172
f 2172 2200 2201 2173
f 2173 2201 2202 2174
f 2174 2202 2203 2175
f 2175 2203 2204 2176
f 2176 2204 2205 2177
f 2177 2205 2206 2178
f 2178 2206 2207 2179
f 2179 2207 2208 2180
f 2180 2208 2209 2181
f 2181 2209 2210 2182
f 2182 2210 2211 2183
f 2183 2211 2212 2184
f 2184 2212 2185 2157
f 2185 2213 2214 2186
f 2186 2214 2215 2187
f 2187 2215 2216 2188
f 2188 2216 2217 2189
f 2189 2217 2218 2190
f 2190 2218 2219 2191
f 2191 2219 2220 2192
f 2192 2220 2221 2193
f 2193 2221 2222 2194
f 2194 2222 2223 2195
f 2195 2223 2224 2196
f 2196 2224 2225 2197
f 2197 2225 2226 2198
f 2198 2226 2227 2199
f 2199 2227 2228 2200
f 2200 2228 2229 2201
f 2201 2229 2230 2202
f 2202 2230 2231 2203
f 2203 2231 2232 2204
f 2204 2232 2233 2205
f 2205 2233 2234 2206
f 2206 2234 2235 2207
f 2207 2235 2236 2208
f 2208 2236 2237 2209
f 2209 2237 2238 2210
f 2210 2238 2239 2211
f 2211 2239 2240 2212
f 2212 2240 2213 2185
f 2213 2241 2242 2214
f 2214 2242 2243 2215
f 2215 2243 2244 2216
f 2216 2244 2245 2217
f 2217 2245 2246 2218
f 2218 2246 2247 2219
f 2219 2247 2248 2220
f 2220 2248 2249 2221
f 2221 2249 2250 2222
f 2222 2250 2251 2223
f 2223 2251 2252 2224
f 2224 2252 2253 2225
f 2225 2253 2254 2226
f 2226 2254 2255 2227
f 2227 2255 2256 2228
f 2228 2256 2257 2229
f 2229 2257 2258 2230
f 2230 2258 2259 2231
f 2231 2259 2260 2232
f 2232 2260 2261 2233
f 2233 2261 2262 2234
f 2234 2262 2263 2235
f 2235 2263 2264 2236
f 2236 2264 2265 2237
f 2237 2265 2266 2238
f 2238 2266 2267 2239
f 2239 2267 2268 2240
f 2240 2268 2241 2213
f 2241 2269 2270 2242
f 2242 2270 2271 2243
f 2243 2271 2272 2244
f 2244 2272 2273 2245
f 2245 2273 2274 2246
f 2246 2274 2275 2247
f 2247 2275 2276 2248
f 2248 2276 2277 2249
f 2249 2277 2278 2250
f 2250 2278 2279 2251
f 2251 2279 2280 2252
f 2252 2280 2281 2253
f 2253 2281 2282 2254
f 2254 2282 2283 2255
f 2255 2283 2284 2256
f 2256 2284 2285 2257
f 2257 2285 2286 2258
f 2258 2286 2287 2259
f 2259 2287 2288 2260
f 2260 2288 2289 2261
f 2261 2289 2290 2262
f 2262 2290 2291 2263
f 2263 2291 2292 2264
f 2264 2292 2293 2265
f 2265 2293 2294 2266
f 2266 2294 2295 2267
f 2267 2295 2296 2268
f 2268 2296 2269 2241
f 2269 2297 2298 2270
f 2270 2298 2299 2271
f 2271 2299 2300 2272
f 2272 2300 2301 2273
f 2273 2301 2302 2274
f 2274 2302 2303 2275
f 2275 2303 2304 2276
f 2276 2304 2305 2277
f 2277 2305 2306 2278
f 2278 2306 2307 2279
f 2279 2307 2308 2280
f 2280 2308 2309 2281
f 2281 2309 2310 2282
f 2282 2310 2311 2283
f 2283 2311 2312 2284
f 2284 2312 2313 2285
f 2285 2313 2314 2286
f 2286 2314 2315 2287
f 2287 2315 2316 2288
f 2288 2316 2317 2289
f 2289 2317 2318 2290
f 2290 2318 2319 2291
f 2291 2319 2320 2292
f 2292 2320 2321 2293
f 2293 2321 2322 2294
f 2294 2322 2323 2295
f 2295 2323 2324 2296
f 2296 2324 2297 2269
f 2297 2325 2326 2298
f 2298 2326 2327 2299
f 2299 2327 2328 2300
f 2300 2328 2329 2301
f 2301 2329 2330 2302
f 2302 2330 2331 2303
f 2303 2331 2332 2304
f 2304 2332 2333 2305
f 2305 2333 2334 2306
f 2306 2334 2335 2307
f 2307 2335 2336 2308
f 2308 2336 2337 2309
f 2309 2337 2338 2310
f 2310 2338 2339 2311
f 2311 2339 2340 2312
f 2312 2340 2341 2313
f 2313 2341 2342 2314
f 2314 2342 2343 2315
f 2315 2343 2344 2316
f 2316 2344 2345 2317
f 2317 2345 2346 2318
f 2318 2346 2347 2319
f 2319 2347 2348 2320
f 2320 2348 2349 2321
f 2321 2349 2350 2322
f 2322 2350 2351 2323
f 2323 2351 2352 2324
f 2324 2352 2325 2297
f 2325 2353 2354 2326
f 2326 2354 2355 2327
f 2327 2355 2356 2328
f 2328 2356 2357 2329
f 2329 2357 2358 2330
f 2330 2358 2359 2331
f 2331 2359 2360 2332
f 2332 2360 2361 2333
f 2333 2361 2362 2334
f 2334 2362 2363 2335
f 2335 2363 2364 2336
f 2336 2364 2365 2337
f 2337 2365 2366 2338
f 2338 2366 2367 2339
f 2339 2367 2368 2340
f 2340 2368 2369 2341
f 2341 2369 2370 2342
f 2342 2370 2371 2343
f 2343 2371 2372 2344
f 2344 2372 2373 2345
f 2345 2373 2374 2346
f 2346 2374 2375 2347
f 2347 2375 2376 2348
f 2348 2376 2377 2349
f 2349 2377 2378 2350
f 2350 2378 2379 2351
f 2351 2379 2380 2352
f 2352 2380 2353 2325
f 2353 2381 2382 2354
f 2354 2382 2383 2355
f 2355 2383 2384 2356
f 2356 2384 2385 2357
f 2357 2385 2386 2358
f 2358 2386 2387 2359
f 2359 2387 2388 2360
f 2360 2388 2389 2361
f 2361 2389 2390 2362
f 2362 2390 2391 2363
f 2363 2391 2392 2364
f 2364 2392 2393 2365
f 2365 2393 2394 2366
f 2366 2394 2395 2367
f 2367 2395 2396 2368
f 2368 2396 2397 2369
f 2369 2397 2398 2370
f 2370 2398 2399 2371
f 2371 2399 2400 2372
f 2372 2400 2401 2373
f 2373 2401 2402 2374
f 2374 2402 2403 2375
f 2375 2403 2404 2376
f 2376 2404 2405 2377
f 2377 2405 2406 2378
f 2378 2406 2407 2379
f 2379 2407 2408 2380
f 2380 2408 2381 2353
f 2381 2409 2410 2382
f 2382 2410 2411 2383
f 2383 2411 2412 2384
f 2384 2412 2413 2385
f 2385 2413 2414 2386
f 2386 2414 2415 2387
f 2387 2415 2416 2388
f 2388 2416 2417 2389
f 2389 2417 2418 2390
f 2390 2418 2419 2391
f 2391 2419 2420 2392
f 2392 2420 2421 2393
f 2393 2421 2422 2394
f 2394 2422 2423 2395
f 2395 2423 2424 2396
f 2396 2424 2425 2397
f 2397 2425 2426 2398
f 2398 2426 2427 2399
f 2399 2427 2428 2400
f 2400 2428 2429 2401
f 2401 2429 2430 2402
f 2402 2430 2431 2403
f 2403 2431 2432 2404
f 2404 2432 2433 2405
f 2405 2433 2434 2406
f 2406 2434 2435 2407
f 2407 2435 2436 2408
f 2408 2436 2409 2381
f 2409 2437 2438 2410
f 2410 2438 2439 2411
f 2411 2439 2440 2412
f 2412 2440 2441 2413
f 2413 2441 2442 2414
f 2414 2442 2443 2415
f 2415 2443 2444 2416
f 2416 2444 2445 2417
f 2417 2445 2446 2418
f 2418 2446 2447 2419
f 2419 2447 2448 2420
f 2420 2448 2449 2421
f 2421 2449 2450 2422
f 2422 2450 2451 2423
f 2423 2451 2452 2424
f 2424 2452 2453 2425
f 2425 2453 2454 2426
f 2426 2454 2455 2427
f 2427 2455 2456 2428
f 2428 2456 2457 2429
f 2429 2457 2458 2430
f 2430 2458 2459 2431
f 2431 2459 2460 2432
f 2432 2460 2461 2433
f 2433 2461 2462 2434
f 2434 2462 2463 2435
f 2435 2463 2464 2436
f 2436 2464 2437 2409
f 2437 2465 2466 2438
f 2438 2466 2467 2439
f 2439 2467 2468 2440
f 2440 2468 2469 2441
f 2441 2469 2470 2442
f 2442 2470 2471 2443
f 2443 2471 2472 2444
f 2444 2472 2473 2445
f 2445 2473 2474 2446
f 2446 2474 2475 2447
f 2447 2475 2476 2448
f 2448 2476 2477 2449
f 2449 2477 2478 2450
f 2450 2478 2479 2451
f 2451 2479 2480 2452
f 2452 2480 2481 2453
f 2453 2481 2482 2454
f 2454 2482 2483 2455
f 2455 2483 2484 2456
f 2456 2484 2485 2457
f 2457 2485 2486 2458
f 2458 2486 2487 2459
f 2459 2487 2488 2460
f 2460 2488 2489 2461
f 2461 2489 2490 2462
f 2462 2490 2491 2463
f 2463 2491 2492 2464
f 2464 2492 2465 2437
f 2465 2493 2494 2466
f 2466 2494 2495 2467
f 2467 2495 2496 2468
f 2468 2496 2497 2469
f 2469 2497 2498 2470
f 2470 2498 2499 2471
f 2471 2499 2500 2472
f 2472 2500 2501 2473
f 2473 2501 2502 2474
f 2474 2502 2503 2475
f 2475 2503 2504 2476
f 2476 2504 2505 2477
f 2477 2505 2506 2478
f 2478 2506 2507 2479
f 2479 2507 2508 2480
f 2480 2508 2509 2481
f 2481 2509 2510 2482
f 2482 2510 2511 2483
f 2483 2511 2512 2484
f 2484 2512 2513 2485
f 2485 2513 2514 2486
f 2486 2514 2515 2487
f 2487 2515 2516 2488
f 2488 2516 2517 2489
f 2489 2517 2518 2490
f 2490 2518 2519 2491
f 2491 2519 2520 2492
f 2492 2520 2493 2465
f 2493 2521 2522 2494
f 2494 2522 2523 2495
f 2495 2523 2524 2496
f 2496 2524 2525 2497
f 2497 2525 2526 2498
f 2498 2526 2527 2499
f 2499 2527 2528 2500
f 2500 2528 2529 2501
f 2501 2529 2530 2502
f 2502 2530 2531 2503
f 2503 2531 2532 2504
f 2504 2532 2533 2505
f 2505 2533 2534 2506
f 2506 2534 2535 2507
f 2507 2535 2536 2508
f 2508 2536 2537 2509
f 2509 2537 2538 2510
f 2510 2538 2539 2511
f 2511 2539 2540 2512
f 2512 2540 2541 2513
f 2513 2541 2542 2514
f 2514 2542 2543 2515
f 2515 2543 2544 2516
f 2516 2544 2545 2517
f 2517 2545 2546 2518
f 2518 2546 2547 2519
f 2519 2547 2548 2520
f 2520 2548 2521 2493
f 2521 2549 2550 2522
f 2522 2550 2551 2523
f 2523 2551 2552 2524
f 2524 2552 2553 2525
f 2525 2553 2554 2526
f 2526 2554 2555 2527
f 2527 2555 2556 2528
f 2528 2556 2557 2529
f 2529 2557 2558 2530
f 2530 2558 2559 2531
f 2531 2559 2560 2532
f 2532 2560 2561 2533
f 2533 2561 2562 2534
f 2534 2562 2563 2535
f 2535 2563 2564 2536
f 2536 2564 2565 2537
f 2537 2565 2566 2538
f 2538 2566 2567 2539
f 2539 2567 2568 2540
f 2540 2568 2569 2541
f 2541 2569 2570 2542
f 2542 2570 2571 2543
f 2543 2571 2572 2544
f 2544 2572 2573 2545
f 2545 2573 2574 2546
f 2546 2574 2575 2547
f 2547 2575 2576 2548
f 2548 2576 2549 2521
f 2549 2577 2578 2550
f 2550 2578 2579 2551
f 2551 2579 2580 2552
f 2552 2580 2581 2553
f 2553 2581 2582 2554
f 2554 2582 2583 2555
f 2555 2583 2584 2556
f 2556 2584 2585 2557
f 2557 2585 2586 2558
f 2558 2586 2587 2559
f 2559 2587 2588 2560
f 2560 2588 2589 2561
f 2561 2589 2590 2562
f 2562 2590 2591 2563
f 2563 2591 2592 2564
f 2564 2592 2593 2565
f 2565 2593 2594 2566
f 2566 2594 2595 2567
f 2567 2595 2596 2568
f 2568 2596 2597 2569
f 2569 2597 2598 2570
f 2570 2598 2599 2571
f 2571 2599 2600 2572
f 2572 2600 2601 2573
f 2573 2601 2602 2574
f 2574 2602 2603 2575
f 2575 2603 2604 2576
f 2576 2604 2577 2549
f 2577 2605 2606 2578
f 2578 2606 2607 2579
f 2579 2607 2608 2580
f 2580 2608 2609 2581
f 2581 2609 2610 2582
f 2582 2610 2611 2583
f 2583 2611 2612 2584
f 2584 2612 2613 2585
f 2585 2613 2614 2586
f 2586 2614 2615 2587
f 2587 2615 2616 2588
f 2588 2616 2617 2589
f 2589 2617 2618 2590
f 2590 2618 2619 2591
f 2591 2619 2620 2592
f 2592 2620 2621 2593
f 2593 2621 2622 2594
f 2594 2622 2623 2595
f 2595 2623 2624 2596
f 2596 2624 2625 2597
f 2597 2625 2626 2598
f 2598 2626 2627 2599
f 2599 2627 2628 2600
f 2600 2628 2629 2601
f 2601 2629 2630 2602
f 2602 2630 2631 2603
f 2603 2631 2632 2604
f 2604 2632 2605 2577
f 2605 2633 2634 2606
f 2606 2634 2635 2607
f 2607 2635 2636 2608
f 2608 2636 2637 2609
f 2609 2637 2638 2610
f 2610 2638 2639 2611
f 2611 2639 2640 2612
f 2612 2640 2641 2613
f 2613 2641 2642 2614
f 2614 2642 2643 2615
f 2615 2643 2644 2616
f 2616 2644 2645 2617
f 2617 2645 2646 2618
f 2618 2646 2647 2619
f 2619 2647 2648 2620
f 2620 2648 2649 2621
f 2621 2649 2650 2622
f 2622 2650 2651 2623
f 2623 2651 2652 2624
f 2624 2652 2653 2625
f 2625 2653 2654 2626
f 2626 2654 2655 2627
f 2627 2655 2656 2628
f 2628 2656 2657 2629
f 2629 2657 2658 2630
f 2630 2658 2659 2631
f 2631 2659 2660 2632
f 2632 2660 2633 2605
f 2633 2661 2662 2634
f 2634 2662 2663 2635
f 2635 2663 2664 2636
f 2636 2664 2665 2637
f 2637 2665 2666 2638
f 2638 2666 2667 2639
f 2639 2667 2668 2640
f 2640 2668 2669 2641
f 2641 2669 2670 2642
f 2642 2670 2671 2643
f 2643 2671 2672 2644
f 2644 2672 2673 2645
f 2645 2673 2674 2646
f 2646 2674 2675 2647
f 2647 2675 2676 2648
f 2648 2676 2677 2649
f 2649 2677 2678 2650
f 2650 2678 2679 2651
f 2651 2679 2680 2652
f 2652 2680 2681 2653
f 2653 2681 2682 2654
f 2654 2682 2683 2655
f 2655 2683 2684 2656
f 2656 2684 2685 2657
f 2657 2685 2686 2658
f 2658 2686 2687 2659
f 2659 2687 2688 2660
f 2660 2688 2661 2633
f 2661 2689 2690 2662
f 2662 2690 2691 2663
f 2663 2691 2692 2664
f 2664 2692 2693 2665
f 2665 2693 2694 2666
f 2666 2694 2695 2667
f 2667 2695 2696 2668
f 2668 2696 2697 2669
f 2669 2697 2698 2670
f 2670 2698 2699 2671
f 2671 2699 2700 2672
f 2672 2700 2701 2673
f 2673 2701 2702 2674
f 2674 2702 2703 2675
f 2675 2703 2704 2676
f 2676 2704 2705 2677
f 2677 2705 2706 2678
f 2678 2706 2707 2679
f 2679 2707 2708 2680
f 2680 2708 2709 2681
f 2681 2709 2710 2682
f 2682 2710 2711 2683
f 2683 2711 2712 2684
f 2684 2712 2713 2685
f 2685 2713 2714 2686
f 2686 2714 2715 2687
f 2687 2715 2716 2688
f 2688 2716 2689 2661
f 2689 2717 2718 2690
f 2690 2718 2719 2691
f 2691 2719 2720 2692
f 2692 2720 2721 2693
f 2693 2721 2722 2694
f 2694 2722 2723 2695
f 2695 2723 2724 2696
f 2696 2724 2725 2697
f 2697 2725 2726 2698
f 2698 2726 2727 2699
f 2699 2727 2728 2700
f 2700 2728 2729 2701
f 2701 2729 2730 2702
f 2702 2730 2731 2703
f 2703 2731 2732 2704
f 2704 2732 2733 2705
f 2705 2733 2734 2706
f 2706 2734 2735 2707
f 2707 2735 2736 2708
f 2708 2736 2737 2709
f 2709 2737 2738 2710
f 2710 2738 2739 2711
f 2711 2739 2740 2712
f 2712 2740 2741 2713
f 2713 2741 2742 2714
f 2714 2742 2743 2715
f 2715 2743 2744 2716
f 2716 2744 2717 2689
f 2717 2745 2746 2718
f 2718 2746 2747 2719
f 2719 2747 2748 2720
f 2720 2748 2749 2721
f 2721 2749 2750 2722
f 2722 2750 2751 2723
f 2723 2751 2752 2724
f 2724 2752 2753 2725
f 2725 2753 2754 2726
f 2726 2754 2755 2727
f 2727 2755 2756 2728
f 2728 2756 2757 2729
f 2729 2757 2758 2730
f 2730 2758 2759 2731
f 2731 2759 2760 2732
f 2732 2760 2761 2733
f 2733 2761 2762 2734
f 2734 2762 2763 2735
f 2735 2763 2764 2736
f 2736 2764 2765 2737
f 2737 2765 2766 2738
f 2738 2766 2767 2739
f 2739 2767 2768 2740
f 2740 2768 2769 2741
f 2741 2769 2770 2742
f 2742 2770 2771 2743
f 2743 2771 2772 2744
f 2744 2772 2745 2717
f 2745 2773 2774 2746
f 2746 2774 2775 2747
f 2747 2775 2776 2748
f 2748 2776 2777 2749
f 2749 2777 2778 2750
f 2750 2778 2779 2751
f 2751 2779 2780 2752
f 2752 2780 2781 2753
f 2753 2781 2782 2754
f 2754 2782 2783 2755
f 2755 2783 2784 2756
f 2756 2784 2785 2757
f 2757 2785 2786 2758
f 2758 2786 2787 2759
f 2759 2787 2788 2760
f 2760 2788 2789 2761
f 2761 2789 2790 2762
f 2762 2790 2791 2763
f 2763 2791 2792 2764
f 2764 2792 2793 2765
f 2765 2793 2794 2766
f 2766 2794 2795 2767
f 2767 2795 2796 2768
f 2768 2796 2797 2769
f 2769 2797 2798 2770
f 2770 2798 2799 2771
f 2771 2799 2800 2772
f 2772 2800 2773 2745
f 2773 2801 2802 2774
f 2774 2802 2803 2775
f 2775 2803 2804 2776
f 2776 2804 2805 2777
f 2777 2805 2806 2778
f 2778 2806 2807 2779
f 2779 2807 2808 2780
f 2780 2808 2809 2781
f 2781 2809 2810 2782
f 2782 2810 2811 2783
f 2783 2811 2812 2784
f 2784 2812 2813 2785
f 2785 2813 2814 2786
f 2786 2814 2815 2787
f 2787 2815 2816 2788
f 2788 2816 2817 2789
f 2789 2817 2818 2790
f 2790 2818 2819 2791
f 2791 2819 2820 2792
f 2792 2820 2821 2793
f 2793 2821 2822 2794
f 2794 2822 2823 2795
f 2795 2823 2824 2796
f 2796 2824 2825 2797
f 2797 2825 2826 2798
f 2798 2826 2827 2799
f 2799 2827 2828 2800
f 2800 2828 2801 2773
f 2801 2829 2830 2802
f 2802 2830 2831 2803
f 2803 2831 2832 2804
f 2804 2832 2833 2805
f 2805 2833 2834 2806
f 2806 2834 2835 2807
f 2807 2835 2836 2808
f 2808 2836 2837 2809
f 2809 2837 2838 2810
f 2810 2838 2839 2811
f 2811 2839 2840 2812
f 2812 2840 2841 2813
f 2813 2841 2842 2814
f 2814 2842 2843 2815
f 2815 2843 2844 2816
f 2816 2844 2845 2817
f 2817 2845 2846 2818
f 2818 2846 2847 2819
f 2819 2847 2848 2820
f 2820 2848 2849 2821
f 2821 2849 2850 2822
f 2822 2850 2851 2823
f 2823 2851 2852 2824
f 2824 2852 2853 2825
f 2825 2853 2854 2826
f 2826 2854 2855 2827
f 2827 2855 2856 2828
f 2828 2856 2829 2801
f 2829 2857 2858 2830
f 2830 2858 2859 2831
f 2831 2859 2860 2832
f 2832 2860 2861 2833
f 2833 2861 2862 2834
f 2834 2862 2863 2835
f 2835 2863 2864 2836
f 2836 2864 2865 2837
f 2837 2865 2866 2838
f 2838 2866 2867 2839
f 2839 2867 2868 2840
f 2840 2868 2869 2841
f 2841 2869 2870 2842
f 2842 2870 2871 2843
f 2843 2871 2872 2844
f 2844 2872 2873 2845
f 2845 2873 2874 2846
f 2846 2874 2875 2847
f 2847 2875 2876 2848
f 2848 2876 2877 2849
f 2849 2877 2878 2850
f 2850 2878 2879 2851
f 2851 2879 2880 2852
f 2852 2880 2881 2853
f 2853 2881 2882 2854
f 2854 2882 2883 2855
f 2855 2883 2884 2856
f 2856 2884 2857 2829
f 2857 2885 2886 2858
f 2858 2886 2887 2859
f 2859 2887 2888 2860
f 2860 2888 2889 2861
f 2861 2889 2890 2862
f 2862 2890 2891 2863
f 2863 2891 2892 2864
f 2864 2892 2893 2865
f 2865 2893 2894 2866
f 2866 2894 2895 2867
f 2867 2895 2896 2868
f 2868 2896 2897 2869
f 2869 2897 2898 2870
f 2870 2898 2899 2871
f 2871 2899 2900 2872
f 2872 2900 2901 2873
f 2873 2901 2902 2874
f 2874 2902 2903 2875
f 2875 2903 2904 2876
f 2876 2904 2905 2877
f 2877 2905 2906 2878
f 2878 2906 2907 2879
f 2879 2907 2908 2880
f 2880 2908 2909 2881
f 2881 2909 2910 2882
f 2882 2910 2911 2883
f 2883 2911 2912 2884
f 2884 2912 2885 2857
f 2885 2913 2914 2886
f 2886 2914 2915 2887
f 2887 2915 2916 2888
f 2888 2916 2917 2889
f 2889 2917 2918 2890
f 2890 2918 2919 2891
f 2891 2919 2920 2892
f 2892 2920 2921 2893
f 2893 2921 2922 2894
f 2894 2922 2923 2895
f 2895 2923 2924 2896
f 2896 2924 2925 2897
f 2897 2925 2926 2898
f 2898 2926 2927 2899
f 2899 2927 2928 2900
f 2900 2928 2929 2901
f 2901 2929 2930 2902
f 2902 2930 2931 2903
f 2903 2931 2932 2904
f 2904 2932 2933 2905
f 2905 2933 2934 2906
f 2906 2934 2935 2907
f 2907 2935 2936 2908
f 2908 2936 2937 2909
f 2909 2937 2938 2910
f 2910 2938 2939 2911
f 2911 2939 2940 2912
f 2912 2940 2913 2885
f 2913 2941 2942 2914
f 2914 2942 2943 2915
f 2915 2943 2944 2916
f 2916 2944 2945 2917
f 2917 2945 2946 2918
f 2918 2946 2947 2919
f 2919 2947 2948 2920
f 2920 2948 2949 2921
f 2921 2949 2950 2922
f 2922 2950 2951 2923
f 2923 2951 2952 2924
f 2924 2952 2953 2925
f 2925 2953 2954 2926
f 2926 2954 2955 2927
f 2927 2955 2956 2928
f 2928 2956 2957 2929
f 2929 2957 2958 2930
f 2930 2958 2959 2931
f 2931 2959 2960 2932
f 2932 2960 2961 2933
f 2933 2961 2962 2934
f 2934 2962 2963 2935
f 2935 2963 2964 2936
f 2936 2964 2965 2937
f 2937 2965 2966 2938
f 2938 2966 2967 2939
f 2939 2967 2968 2940
f 2940 2968 2941 2913
f 2941 2969 2970 2942
f 2942 2970 2971 2943
f 2943 2971 2972 2944
f 2944 2972 2973 2945
f 2945 2973 2974 2946
f 2946 2974 2975 2947
f 2947 2975 2976 2948
f 2948 2976 2977 2949
f 2949 2977 2978 2950
f 2950 2978 2979 2951
f 2951 2979 2980 2952
f 2952 2980 2981 2953
f 2953 2981 2982 2954
f 2954 2982 2983 2955
f 2955 2983 2984 2956
f 2956 2984 2985 2957
f 2957 2985 2986 2958
f 2958 2986 2987 2959
f 2959 2987 2988 2960
f 2960 2988 2989 2961
f 2961 2989 2990 2962
f 2962 2990 2991 2963
f 2963 2991 2992 2964
f 2964 2992 2993 2965
f 2965 2993 2994 2966
f 2966 2994 2995 2967
f 2967 2995 2996 2968
f 2968 2996 2969 2941
f 2969 2997 2998 2970
f 2970 2998 2999 2971
f 2971 2999 3000 2972
f 2972 3000 3001 2973
f 2973 3001 3002 2974
f 2974 3002 3003 2975
f 2975 3003 3004 2976
f 2976 3004 3005 2977
f 2977 3005 3006 2978
f 2978 3006 3007 2979
f 2979 3007 3008 2980
f 2980 3008 3009 2981
f 2981 3009 3010 2982
f 2982 3010 3011 2983
f 2983 3011 3012 2984
f 2984 3012 3013 2985
f 2985 3013 3014 2986
f 2986 3014 3015 2987
f 2987 3015 3016 2988
f 2988 3016 3017 2989
f 2989 3017 3018 2990
f 2990 3018 3019 2991
f 2991 3019 3020 2992
f 2992 3020 3021 2993
f 2993 3021 3022 2994
f 2994 3022 3023 2995
f 2995 3023 3024 2996
f 2996 3024 2997 2969
f 2997 3025 3026 2998
f 2998 3026 3027 2999
f 2999 3027 3028 3000
f 3000 3028 3029 3001
f 3001 3029 3030 3002
f 3002 3030 3031 3003
f 3003 3031 3032 3004
f 3004 3032 3033 3005
f 3005 3033 3034 3006
f 3006 3034 3035 3007
f 3007 3035 3036 3008
f 3008 3036 3037 3009
f 3009 3037 3038 3010
f 3010 3038 3039 3011
f 3011 3039 3040 3012
f 3012 3040 3041 3013
f 3013 3041 3042 3014
f 3014 3042 3043 3015
f 3015 3043 3044 3016
f 3016 3044 3045 3017
f 3017 3045 3046 3018
f 3018 3046 3047 3019
f 3019 3047 3048 3020
f 3020 3048 3049 3021
f 3021 3049 3050 3022
f 3022 3050 3051 3023
f 3023 3051 3052 3024
f 3024 3052 3025 2997
f 3025 3053 3054 3026
f 3026 3054 3055 3027
f 3027 3055 3056 3028
f 3028 3056 3057 3029
f 3029 3057 3058 3030
f 3030 3058 3059 3031
f 3031 3059 3060 3032
f 3032 3060 3061 3033
f 3033 3061 3062 3034
f 3034 3062 3063 3035
f 3035 3063 3064 3036
f 3036 3064 3065 3037
f 3037 3065 3066 3038
f 3038 3066 3067 3039
f 3039 3067 3068 3040
f 3040 3068 3069 3041
f 3041 3069 3070 3042
f 3042 3070 3071 3043
f 3043 3071 3072 3044
f 3044 3072 3073 3045
f 3045 3073 3074 3046
f 3046 3074 3075 3047
f 3047 3075 3076 3048
f 3048 3076 3077 3049
f 3049 3077 3078 3050
f 3050 3078 3079 3051
f 3051 3079 3080 3052
f 3052 3080 3053 3025
f 3053 3081 3082 3054
f 3054 3082 3083 3055
f 3055 3083 3084 3056
f 3056 3084 3085 3057
f 3057 3085 3086 3058
f 3058 3086 3087 3059
f 3059 3087 3088 3060
f 3060 3088 3089 3061
f 3061 3089 3090 3062
f 3062 3090 3091 3063
f 3063 3091 3092 3064
f 3064 3092 3093 3065
f 3065 3093 3094 3066
f 3066 3094 3095 3067
f 3067 3095 3096 3068
f 3068 3096 3097 3069
f 3069 3097 3098 3070
f 3070 3098 3099 3071
f 3071 3099 3100 3072
f 3072 3100 3101 3073
f 3073 3101 3102 3074
f 3074 3102 3103 3075
f 3075 3103 3104 3076
f 3076 3104 3105 3077
f 3077 3105 3106 3078
f 3078 3106 3107 3079
f 3079 3107 3108 3080
f 3080 3108 3081 3053
f 3081 3109 3110 3082
f 3082 3110 3111 3083
f 3083 3111 3112 3084
f 3084 3112 3113 3085
f 3085 3113 3114 3086
f 3086 3114 3115 3087
f 3087 3115 3116 3088
f 3088 3116 3117 3089
f 3089 3117 3118 3090
f 3090 3118 3119 3091
f 3091 3119 3120 3092
f 3092 3120 3121 3093
f 3093 3121 3122 3094
f 3094 3122 3123 3095
f 3095 3123 3124 3096
f 3096 3124 3125 3097
f 3097 3125 3126 3098
f 3098 3126 3127 3099
f 3099 3127 3128 3100
f 3100 3128 3129 3101
f 3101 3129 3130 3102
f 3102 3130 3131 3103
f 3103 3131 3132 3104
f 3104 3132 3133 3105
f 3105 3133 3134 3106
f 3106 3134 3135 3107
f 3107 3135 3136 3108
f 3108 3136 3109 3081
f 3109 3137 3138 3110
f 3110 3138 3139 3111
f 3111 3139 3140 3112
f 3112 3140 3141 3113
f 3113 3141 3142 3114
f 3114 3142 3143 3115
f 3115 3143 3144 3116
f 3116 3144 3145 3117
f 3117 3145 3146 3118
f 3118 3146 3147 3119
f 3119 3147 3148 3120
f 3120 3148 3149 3121
f 3121 3149 3150 3122
f 3122 3150 3151 3123
f 3123 3151 3152 3124
f 3124 3152 3153 3125
f 3125 3153 3154 3126
f 3126 3154 3155 3127
f 3127 3155 3156 3128
f 3128 3156 3157 3129
f 3129 3157 3158 3130
f 3130 3158 3159 3131
f 3131 3159 3160 3132
f 3132 3160 3161 3133
f 3133 3161 3162 3134
f 3134 3162 3163 3135
f 3135 3163 3164 3136
f 3136 3164 3137 3109
f 3137 3165 3166 3138
f 3138 3166 3167 3139
f 3139 3167 3168 3140
f 3140 3168 3169 3141
f 3141 3169 3170 3142
f 3142 3170 3171 3143
f 3143 3171 3172 3144
f 3144 3172 3173 3145
f 3145 3173 3174 3146
f 3146 3174 3175 3147
f 3147 3175 3176 3148
f 3148 3176 3177 3149
f 3149 3177 3178 3150
f 3150 3178 3179 3151
f 3151 3179 3180 3152
f 3152 3180 3181 3153
f 3153 3181 3182 3154
f 3154 3182 3183 3155
f 3155 3183 3184 3156
f 3156 3184 3185 3157
f 3157 3185 3186 3158
f 3158 3186 3187 3159
f 3159 3187 3188 3160
f 3160 3188 3189 3161
f 3161 3189 3190 3162
f 3162 3190 3191 3163
f 3163 3191 3192 3164
f 3164 3192 3165 3137
f 3165 3193 3194 3166
f 3166 3194 3195 3167
f 3167 3195 3196 3168
f 3168 3196 3197 3169
f 3169 3197 3198 3170
f 3170 3198 3199 3171
f 3171 3199 3200 3172
f 3172 3200 3201 3173
f 3173 3201 3202 3174
f 3174 3202 3203 3175
f 3175 3203 3204 3176
f 3176 3204 3205 3177
f 3177 3205 3206 3178
f 3178 3206 3207 3179
f 3179 3207 3208 3180
f 3180 3208 3209 3181
f 3181 3209 3210 3182
f 3182 3210 3211 3183
f 3183 3211 3212 3184
f 3184 3212 3213 3185
f 3185 3213 3214 3186
f 3186 3214 3215 3187
f 3187 3215 3216 3188
f 3188 3216 3217 3189
f 3189 3217 3218 3190
f 3190 3218 3219 3191
f 3191 3219 3220 3192
f 3192 3220 3193 3165
f 3193 3221 3222 3194
f 3194 3222 3223 3195
f 3195 3223 3224 3196
f 3196 3224 3225 3197
f 3197 3225 3226 3198
f 3198 3226 3227 3199
f 3199 3227 3228 3200
f 3200 3228 3229 3201
f 3201 3229 3230 3202
f 3202 3230 3231 3203
f 3203 3231 3232 3204
f 3204 3232 3233 3205
f 3205 3233 3234 3206
f 3206 3234 3235 3207
f 3207 3235 3236 3208
f 3208 3236 3237 3209
f 3209 3237 3238 3210
f 3210 3238 3239 3211
f 3211 3239 3240 3212
f 3212 3240 3241 3213
f 3213 3241 3242 3214
f 3214 3242 3243 3215
f 3215 3243 3244 3216
f 3216 3244 3245 3217
f 3217 3245 3246 3218
f 3218 3246 3247 3219
f 3219 3247 3248 3220
f 3220 3248 3221 3193
f 3221 3249 3250 3222
f 3222 3250 3251 3223
f 3223 3251 3252 3224
f 3224 3252 3253 3225
f 3225 3253 3254 3226
f 3226 3254 3255 3227
f 3227 3255 3256 3228
f 3228 3256 3257 3229
f 3229 3257 3258 3230
f 3230 3258 3259 3231
f 3231 3259 3260 3232
f 3232 3260 3261 3233
f 3233 3261 3262 3234
f 3234 3262 3263 3235
f 3235 3263 3264 3236
f 3236 3264 3265 3237
f 3237 3265 3266 3238
f 3238 3266 3267 3239
f 3239 3267 3268 3240
f 3240 3268 3269 3241
f 3241 3269 3270 3242
f 3242 3270 3271 3243
f 3243 3271 3272 3244
f 3244 3272 3273 3245
f 3245 3273 3274 3246
f 3246 3274 3275 3247
f 3247 3275 3276 3248
f 3248 3276 3249 3221
f 3249 3277 3278 3250
f 3250 3278 3279 3251
f 3251 3279 3280 3252
f 3252 3280 3281 3253
f 3253 3281 3282 3254
f 3254 3282 3283 3255
f 3255 3283 3284 3256
f 3256 3284 3285 3257
f 3257 3285 3286 3258
f 3258 3286 3287 3259
f 3259 3287 3288 3260
f 3260 3288 3289 3261
f 3261 3289 3290 3262
f 3262 3290 3291 3263
f 3263 3291 3292 3264
f 3264 3292 3293 3265
f 3265 3293 3294 3266
f 3266 3294 3295 3267
f 3267 3295 3296 3268
f 3268 3296 3297 3269
f 3269 3297 3298 3270
f 3270 3298 3299 3271
f 3271 3299 3300 3272
f 3272 3300 3301 3273
f 3273 3301 3302 3274
f 3274 3302 3303 3275
f 3275 3303 3304 3276
f 3276 3304 3277 3249
f 3277 3305 3306 3278
f 3278 3306 3307 3279
f 3279 3307 3308 3280
f 3280 3308 3309 3281
f 3281 3309 3310 3282
f 3282 3310 3311 3283
f 3283 3311 3312 3284
f 3284 3312 3313 3285
f 3285 3313 3314 3286
f 3286 3314 3315 3287
f 3287 3315 3316 3288
f 3288 3316 3317 3289
f 3289 3317 3318 3290
f 3290 3318 3319 3291
f 3291 3319 3320 3292
f 3292 3320 3321 3293
f 3293 3321 3322 3294
f 3294 3322 3323 3295
f 3295 3323 3324 3296
f 3296 3324 3325 3297
f 3297 3325 3326 3298
f 3298 3326 3327 3299
f 3299 3327 3328 3300
f 3300 3328 3329 3301
f 3301 3329 3330 3302
f 3302 3330 3331 3303
f 3303 3331 3332 3304
f 3304 3332 3305 3277
f 3305 3333 3334 3306
f 3306 3334 3335 3307
f 3307 3335 3336 3308
f 3308 3336 3337 3309
f 3309 3337 3338 3310
f 3310 3338 3339 3311
f 3311 3339 3340 3312
f 3312 3340 3341 3313
f 3313 3341 3342 3314
f 3314 3342 3343 3315
f 3315 3343 3344 3316
f 3316 3344 3345 3317
f 3317 3345 3346 3318
f 3318 3346 3347 3319
f 3319 3347 3348 3320
f 3320 3348 3349 3321
f 3321 3349 3350 3322
f 3322 3350 3351 3323
f 3323 3351 3352 3324
f 3324 3352 3353 3325
f 3325 3353 3354 3326
f 3326 3354 3355 3327
f 3327 3355 3356 3328
f 3328 3356 3357 3329
f 3329 3357 3358 3330
f 3330 3358 3359 3331
f 3331 3359 3360 3332
f 3332 3360 3333 3305
f 3333 3361 3362 3334
f 3334 3362 3363 3335
f 3335 3363 3364 3336
f 3336 3364 3365 3337
f 3337 3365 3366 3338
f 3338 3366 3367 3339
f 3339 3367 3368 3340
f 3340 3368 3369 3341
f 3341 3369 3370 3342
f 3342 3370 3371 3343
f 3343 3371 3372 3344
f 3344 3372 3373 3345
f 3345 3373 3374 3346
f 3346 3374 3375 3347
f 3347 3375 3376 3348
f 3348 3376 3377 3349
f 3349 3377 3378 3350
f 3350 3378 3379 3351
f 3351 3379 3380 3352
f 3352 3380 3381 3353
f 3353 3381 3382 3354
f 3354 3382 3383 3355
f 3355 3383 3384 3356
f 3356 3384 3385 3357
f 3357 3385 3386 3358
f 3358 3386 3387 3359
f 3359 3387 3388 3360
f 3360 3388 3361 3333
f 3361 3389 3390 3362
f 3362 3390 3391 3363
f 3363 3391 3392 3364
f 3364 3392 3393 3365
f 3365 3393 3394 3366
f 3366 3394 3395 3367
f 3367 3395 3396 3368
f 3368 3396 3397 3369
f 3369 3397 3398 3370
f 3370 3398 3399 3371
f 3371 3399 3400 3372
f 3372 3400 3401 3373
f 3373 3401 3402 3374
f 3374 3402 3403 3375
f 3375 3403 3404 3376
f 3376 3404 3405 3377
f 3377 3405 3406 3378
f 3378 3406 3407 3379
f 3379 3407 3408 3380
f 3380 3408 3409 3381
f 3381 3409 3410 3382
f 3382 3410 3411 3383
f 3383 3411 3412 3384
f 3384 3412 3413 3385
f 3385 3413 3414 3386
f 3386 3414 3415 3387
f 3387 3415 3416 3388
f 3388 3416 3389 3361
f 3389 3417 3418 3390
f 3390 3418 3419 3391
f 3391 3419 3420 3392
f 3392 3420 3421 3393
f 3393 3421 3422 3394
f 3394 3422 3423 3395
f 3395 3423 3424 3396
f 3396 3424 3425 3397
f 3397 3425 3426 3398
f 3398 3426 3427 3399
f 3399 3427 3428 3400
f 3400 3428 3429 3401
f 3401 3429 3430 3402
f 3402 3430 3431 3403
f 3403 3431 3432 3404
f 3404 3432 3433 3405
f 3405 3433 3434 3406
f 3406 3434 3435 3407
f 3407 3435 3436 3408
f 3408 3436 3437 3409
f 3409 3437 3438 3410
f 3410 3438 3439 3411
f 3411 3439 3440 3412
f 3412 3440 3441 3413
f 3413 3441 3442 3414
f 3414 3442 3443 3415
f 3415 3443 3444 3416
f 3416 3444 3417 3389
f 3417 3445 3446 3418
f 3418 3446 3447 3419
f 3419 3447 3448 3420
f 3420 3448 3449 3421
f 3421 3449 3450 3422
f 3422 3450 3451 3423
f 3423 3451 3452 3424
f 3424 3452 3453 3425
f 3425 3453 3454 3426
f 3426 3454 3455 3427
f 3427 3455 3456 3428
f 3428 3456 3457 3429
f 3429 3457 3458 3430
f 3430 3458 3459 3431
f 3431 3459 3460 3432
f 3432 3460 3461 3433
f 3433 3461 3462 3434
f 3434 3462 3463 3435
f 3435 3463 3464 3436
f 3436 3464 3465 3437
f 3437 3465 3466 3438
f 3438 3466 3467 3439
f 3439 3467 3468 3440
f 3440 3468 3469 3441
f 3441 3469 3470 3442
f 3442 3470 3471 3443
f 3443 3471 3472 3444
f 3444 3472 3445 3417
f 3445 3473 3474 3446
f 3446 3474 3475 3447
f 3447 3475 3476 3448
f 3448 3476 3477 3449
f 3449 3477 3478 3450
f 3450 3478 3479 3451
f 3451 3479 3480 3452
f 3452 3480 3481 3453
f 3453 3481 3482 3454
f 3454 3482 3483 3455
f 3455 3483 3484 3456
f 3456 3484 3485 3457
f 3457 3485 3486 3458
f 3458 3486 3487 3459
f 3459 3487 3488 3460
f 3460 3488 3489 3461
f 3461 3489 3490 3462
f 3462 3490 3491 3463
f 3463 3491 3492 3464
f 3464 3492 3493 3465
f 3465 3493 3494 3466
f 3466 3494 3495 3467
f 3467 3495 3496 3468
f 3468 3496 3497 3469
f 3469 3497 3498 3470
f 3470 3498 3499 3471
f 3471 3499 3500 3472
f 3472 3500 3473 3445
f 3473 3501 3502 3474
f 3474 3502 3503 3475
f 3475 3503 3504 3476
f 3476 3504 3505 3477
f 3477 3505 3506 3478
f 3478 3506 3507 3479
f 3479 3507 3508 3480
f 3480 3508 3509 3481
f 3481 3509 3510 3482
f 3482 3510 3511 3483
f 3483 3511 3512 3484
f 3484 3512 3513 3485
f 3485 3513 3514 3486
f 3486 3514 3515 3487
f 3487 3515 3516 3488
f 3488 3516 3517 3489
f 3489 3517 3518 3490
f 3490 3518 3519 3491
f 3491 3519 3520 3492
f 3492 3520 3521 3493
f 3493 3521 3522 3494
f 3494 3522 3523 3495
f 3495 3523 3524 3496
f 3496 3524 3525 3497
f 3497 3525 3526 3498
f 3498 3526 3527 3499
f 3499 3527 3528 3500
f 3500 3528 3501 3473
f 3501 3529 3530 3502
f 3502 3530 3531 3503
f 3503 3531 3532 3504
f 3504 3532 3533 3505
f 3505 3533 3534 3506
f 3506 3534 3535 3507
f 3507 3535 3536 3508
f 3508 3536 3537 3509
f 3509 3537 3538 3510
f 3510 3538 3539 3511
f 3511 3539 3540 3512
f 3512 3540 3541 3513
f 3513 3541 3542 3514
f 3514 3542 3543 3515
f 3515 3543 3544 3516
f 3516 3544 3545 3517
f 3517 3545 3546 3518
f 3518 3546 3547 3519
f 3519 3547 3548 3520
f 3520 3548 3549 3521
f 3521 3549 3550 3522
f 3522 3550 3551 3523
f 3523 3551 3552 3524
f 3524 3552 3553 3525
f 3525 3553 3554 3526
f 3526 3554 3555 3527
f 3527 3555 3556 3528
f 3528 3556 3529 3501
f 3529 3557 3558 3530
f 3530 3558 3559 3531
f 3531 3559 3560 3532
f 3532 3560 3561 3533
f 3533 3561 3562 3534
f 3534 3562 3563 3535
f 3535 3563 3564 3536
f 3536 3564 3565 3537
f 3537 3565 3566 3538
f 3538 3566 3567 3539
f 3539 3567 3568 3540
f 3540 3568 3569 3541
f 3541 3569 3570 3542
f 3542 3570 3571 3543
f 3543 3571 3572 3544
f 3544 3572 3573 3545
f 3545 3573 3574 3546
f 3546 3574 3575 3547
f 3547 3575 3576 3548
f 3548 3576 3577 3549
f 3549 3577 3578 3550
f 3550 3578 3579 3551
f 3551 3579 3580 3552
f 3552 3580 3581 3553
f 3553 3581 3582 3554
f 3554 3582 3583 3555
f 3555 3583 3584 3556
f 3556 3584 3557 3529
f 3557 3585 3586 3558
f 3558 3586 3587 3559
f 3559 3587 3588 3560
f 3560 3588 3589 3561
f 3561 3589 3590 3562
f 3562 3590 3591 3563
f 3563 3591 3592 3564
f 3564 3592 3593 3565
f 3565 3593 3594 3566
f 3566 3594 3595 3567
f 3567 3595 3596 3568
f 3568 3596 3597 3569
f 3569 3597 3598 3570
f 3570 3598 3599 3571
f 3571 3599 3600 3572
f 3572 3600 3601 3573
f 3573 3601 3602 3574
f 3574 3602 3603 3575
f 3575 3603 3604 3576
f 3576 3604 3605 3577
f 3577 3605 3606 3578
f 3578 3606 3607 3579
f 3579 3607 3608 3580
f 3580 3608 3609 3581
f 3581 3609 3610 3582
f 3582 3610 3611 3583
f 3583 3611 3612 3584
f 3584 3612 3585 3557
f 3585 3613 3614 3586
f 3586 3614 3615 3587
f 3587 3615 3616 3588
f 3588 3616 3617 3589
f 3589 3617 3618 3590
f 3590 3618 3619 3591
f 3591 3619 3620 3592
f 3592 3620 3621 3593
f 3593 3621 3622 3594
f 3594 3622 3623 3595
f 3595 3623 3624 3596
f 3596 3624 3625 3597
f 3597 3625 3626 3598
f 3598 3626 3627 3599
f 3599 3627 3628 3600
f 3600 3628 3629 3601
f 3601 3629 3630 3602
f 3602 3630 3631 3603
f 3603 3631 3632 3604
f 3604 3632 3633 3605
f 3605 3633 3634 3606
f 3606 3634 3635 3607
f 3607 3635 3636 3608
f 3608 3636 3637 3609
f 3609 3637 3638 3610
f 3610 3638 3639 3611
f 3611 3639 3640 3612
f 3612 3640 3613 3585
f 3613 3641 3642 3614
f 3614 3642 3643 3615
f 3615 3643 3644 3616
f 3616 3644 3645 3617
f 3617 3645 3646 3618
f 3618 3646 3647 3619
f 3619 3647 3648 3620
f 3620 3648 3649 3621
f 3621 3649 3650 3622
f 3622 3650 3651 3623
f 3623 3651 3652 3624
f 3624 3652 3653 3625
f 3625 3653 3654 3626
f 3626 3654 3655 3627
f 3627 3655 3656 3628
f 3628 3656 3657 3629
f 3629 3657 3658 3630
f 3630 3658 3659 3631
f 3631 3659 3660 3632
f 3632 3660 3661 3633
f 3633 3661 3662 3634
f 3634 3662 3663 3635
f 3635 3663 3664 3636
f 3636 3664 3665 3637
f 3637 3665 3666 3638
f 3638 3666 3667 3639
f 3639 3667 3668 3640
f 3640 3668 3641 3613
f 3641 3669 3670 3642
f 3642 3670 3671 3643
f 3643 3671 3672 3644
f 3644 3672 3673 3645
f 3645 3673 3674 3646
f 3646 3674 3675 3647
f 3647 3675 3676 3648
f 3648 3676 3677 3649
f 3649 3677 3678 3650
f 3650 3678 3679 3651
f 3651 3679 3680 3652
f 3652 3680 3681 3653
f 3653 3681 3682 3654
f 3654 3682 3683 3655
f 3655 3683 3684 3656
f 3656 3684 3685 3657
f 3657 3685 3686 3658
f 3658 3686 3687 3659
f 3659 3687 3688 3660
f 3660 3688 3689 3661
f 3661 3689 3690 3662
f 3662 3690 3691 3663
f 3663 3691 3692 3664
f 3664 3692 3693 3665
f 3665 3693 3694 3666
f 3666 3694 3695 3667
f 3667 3695 3696 3668
f 3668 3696 3669 3641
f 3669 3697 3698 3670
f 3670 3698 3699 3671
f 3671 3699 3700 3672
f 3672 3700 3701 3673
f 3673 3701 3702 3674
f 3674 3702 3703 3675
f 3675 3703 3704 3676
f 3676 3704 3705 3677
f 3677 3705 3706 3678
f 3678 3706 3707 3679
f 3679 3707 3708 3680
f 3680 3708 3709 3681
f 3681 3709 3710 3682
f 3682 3710 3711 3683
f 3683 3711 3712 3684
f 3684 3712 3713 3685
f 3685 3713 3714 3686
f 3686 3714 3715 3687
f 3687 3715 3716 3688
f 3688 3716 3717 3689
f 3689 3717 3718 3690
f 3690 3718 3719 3691
f 3691 3719 3720 3692
f 3692 3720 3721 3693
f 3693 3721 3722 3694
f 3694 3722 3723 3695
f 3695 3723 3724 3696
f 3696 3724 3697 3669
f 3697 3725 3726 3698
f 3698 3726 3727 3699
f 3699 3727 3728 3700
f 3700 3728 3729 3701
f 3701 3729 3730 3702
f 3702 3730 3731 3703
f 3703 3731 3732 3704
f 3704 3732 3733 3705
f 3705 3733 3734 3706
f 3706 3734 3735 3707
f 3707 3735 3736 3708
f 3708 3736 3737 3709
f 3709 3737 3738 3710
f 3710 3738 3739 3711
f 3711 3739 3740 3712
f 3712 3740 3741 3713
f 3713 3741 3742 3714
f 3714 3742 3743 3715
f 3715 3743 3744 3716
f 3716 3744 3745 3717
f 3717 3745 3746 3718
f 3718 3746 3747 3719
f 3719 3747 3748 3720
f 3720 3748 3749 3721
f 3721 3749 3750 3722
f 3722 3750 3751 3723
f 3723 3751 3752 3724
f 3724 3752 3725 3697
f 3725 3753 3754 3726
f 3726 3754 3755 3727
f 3727 3755 3756 3728
f 3728 3756 3757 3729
f 3729 3757 3758 3730
f 3730 3758 3759 3731
f 3731 3759 3760 3732
f 3732 3760 3761 3733
f 3733 3761 3762 3734
f 3734 3762 3763 3735
f 3735 3763 3764 3736
f 3736 3764 3765 3737
f 3737 3765 3766 3738
f 3738 3766 3767 3739
f 3739 3767 3768 3740
f 3740 3768 3769 3741
f 3741 3769 3770 3742
f 3742 3770 3771 3743
f 3743 3771 3772 3744
f 3744 3772 3773 3745
f 3745 3773 3774 3746
f 3746 3774 3775 3747
f 3747 3775 3776 3748
f 3748 3776 3777 3749
f 3749 3777 3778 3750
f 3750 3778 3779 3751
f 3751 3779 3780 3752
f 3752 3780 3753 3725
f 3753 3781 3782 3754
f 3754 3782 3783 3755
f 3755 3783 3784 3756
f 3756 3784 3785 3757
f 3757 3785 3786 3758
f 3758 3786 3787 3759
f 3759 3787 3788 3760
f 3760 3788 3789 3761
f 3761 3789 3790 3762
f 3762 3790 3791 3763
f 3763 3791 3792 3764
f 3764 3792 3793 3765
f 3765 3793 3794 3766
f 3766 3794 3795 3767
f 3767 3795 3796 3768
f 3768 3796 3797 3769
f 3769 3797 3798 3770
f 3770 3798 3799 3771
f 3771 3799 3800 3772
f 3772 3800 3801 3773
f 3773 3801 3802 3774
f 3774 3802 3803 3775
f 3775 3803 3804 3776
f 3776 3804 3805 3777
f 3777 3805 3806 3778
f 3778 3806 3807 3779
f 3779 3807 3808 3780
f 3780 3808 3781 3753
f 3781 3809 3810 3782
f 3782 3810 3811 3783
f 3783 3811 3812 3784
f 3784 3812 3813 3785
f 3785 3813 3814 3786
f 3786 3814 3815 3787
f 3787 3815 3816 3788
f 3788 3816 3817 3789
f 3789 3817 3818 3790
f 3790 3818 3819 3791
f 3791 3819 3820 3792
f 3792 3820 3821 3793
f 3793 3821 3822 3794
f 3794 3822 3823 3795
f 3795 3823 3824 3796
f 3796 3824 3825 3797
f 3797 3825 3826 3798
f 3798 3826 3827 3799
f 3799 3827 3828 3800
f 3800 3828 3829 3801
f 3801 3829 3830 3802
f 3802 3830 3831 3803
f 3803 3831 3832 3804
f 3804 3832 3833 3805
f 3805 3833 3834 3806
f 3806 3834 3835 3807
f 3807 3835 3836 3808
f 3808 3836 3809 3781
f 3809 3837 3838 3810
f 3810 3838 3839 3811
f 3811 3839 3840 3812
f 3812 3840 3841 3813
f 3813 3841 3842 3814
f 3814 3842 3843 3815
f 3815 3843 3844 3816
f 3816 3844 3845 3817
f 3817 3845 3846 3818
f 3818 3846 3847 3819
f 3819 3847 3848 3820
f 3820 3848 3849 3821
f 3821 3849 3850 3822
f 3822 3850 3851 3823
f 3823 3851 3852 3824
f 3824 3852 3853 3825
f 3825 3853 3854 3826
f 3826 3854 3855 3827
f 3827 3855 3856 3828
f 3828 3856 3857 3829
f 3829 3857 3858 3830
f 3830 3858 3859 3831
f 3831 3859 3860 3832
f 3832 3860 3861 3833
f 3833 3861 3862 3834
f 3834 3862 3863 3835
f 3835 3863 3864 3836
f 3836 3864 3837 3809
f 3837 3865 3866 3838
f 3838 3866 3867 3839
f 3839 3867 3868 3840
f 3840 3868 3869 3841
f 3841 3869 3870 3842
f 3842 3870 3871 3843
f 3843 3871 3872 3844
f 3844 3872 3873 3845
f 3845 3873 3874 3846
f 3846 3874 3875 3847
f 3847 3875 3876 3848
f 3848 3876 3877 3849
f 3849 3877 3878 3850
f 3850 3878 3879 3851
f 3851 3879 3880 3852
f 3852 3880 3881 3853
f 3853 3881 3882 3854
f 3854 3882 3883 3855
f 3855 3883 3884 3856
f 3856 3884 3885 3857
f 3857 3885 3886 3858
f 3858 3886 3887 3859
f 3859 3887 3888 3860
f 3860 3888 3889 3861
f 3861 3889 3890 3862
f 3862 3890 3891 3863
f 3863 3891 3892 3864
f 3864 3892 3865 3837
f 3865 3893 3894 3866
f 3866 3894 3895 3867
f 3867 3895 3896 3868
f 3868 3896 3897 3869
f 3869 3897 3898 3870
f 3870 3898 3899 3871
f 3871 3899 3900 3872
f 3872 3900 3901 3873
f 3873 3901 3902 3874
f 3874 3902 3903 3875
f 3875 3903 3904 3876
f 3876 3904 3905 3877
f 3877 3905 3906 3878
f 3878 3906 3907 3879
f 3879 3907 3908 3880
f 3880 3908 3909 3881
f 3881 3909 3910 3882
f 3882 3910 3911 3883
f 3883 3911 3912 3884
f 3884 3912 3913 3885
f 3885 3913 3914 3886
f 3886 3914 3915 3887
f 3887 3915 3916 3888
f 3888 3916 3917 3889
f 3889 3917 3918 3890
f 3890 3918 3919 3891
f 3891 3919 3920 3892
f 3892 3920 3893 3865
f 3893 3921 3922 3894
f 3894 3922 3923 3895
f 3895 3923 3924 3896
f 3896 3924 3925 3897
f 3897 3925 3926 3898
f 3898 3926 3927 3899
f 3899 3927 3928 3900
f 3900 3928 3929 3901
f 3901 3929 3930 3902
f 3902 3930 3931 3903
f 3903 3931 3932 3904
f 3904 3932 3933 3905
f 3905 3933 3934 3906
f 3906 3934 3935 3907
f 3907 3935 3936 3908
f 3908 3936 3937 3909
f 3909 3937 3938 3910
f 3910 3938 3939 3911
f 3911 3939 3940 3912
f 3912 3940 3941 3913
f 3913 3941 3942 3914
f 3914 3942 3943 3915
f 3915 3943 3944 3916
f 3916 3944 3945 3917
f 3917 3945 3946 3918
f 3918 3946 3947 3919
f 3919 3947 3948 3920
f 3920 3948 3921 3893
f 3921 3949 3950 3922
f 3922 3950 3951 3923
f 3923 3951 3952 3924
f 3924 3952 3953 3925
f 3925 3953 3954 3926
f 3926 3954 3955 3927
f 3927 3955 3956 3928
f 3928 3956 3957 3929
f 3929 3957 3958 3930
f 3930 3958 3959 3931
f 3931 3959 3960 3932
f 3932 3960 3961 3933
f 3933 3961 3962 3934
f 3934 3962 3963 3935
f 3935 3963 3964 3936
f 3936 3964 3965 3937
f 3937 3965 3966 3938
f 3938 3966 3967 3939
f 3939 3967 3968 3940
f 3940 3968 3969 3941
f 3941 3969 3970 3942
f 3942 3970 3971 3943
f 3943 3971 3972 3944
f 3944 3972 3973 3945
f 3945 3973 3974 3946
f 3946 3974 3975 3947
f 3947 3975 3976 3948
f 3948 3976 3949 3921
f 3949 3977 3978 3950
f 3950 3978 3979 3951
f 3951 3979 3980 3952
f 3952 3980 3981 3953
f 3953 3981 3982 3954
f 3954 3982 3983 3955
f 3955 3983 3984 3956
f 3956 3984 3985 3957
f 3957 3985 3986 3958
f 3958 3986 3987 3959
f 3959 3987 3988 3960
f 3960 3988 3989 3961
f 3961 3989 3990 3962
f 3962 3990 3991 3963
f 3963 3991 3992 3964
f 3964 3992 3993 3965
f 3965 3993 3994 3966
f 3966 3994 3995 3967
f 3967 3995 3996 3968
f 3968 3996 3997 3969
f 3969 3997 3998 3970
f 3970 3998 3999 3971
f 3971 3999 4000 3972
f 3972 4000 4001 3973
f 3973 4001 4002 3974
f 3974 4002 4003 3975
f 3975 4003 4004 3976
f 3976 4004 3977 3949
f 3977 4005 4006 3978
f 3978 4006 4007 3979
f 3979 4007 4008 3980
f 3980 4008 4009 3981
f 3981 4009 4010 3982
f 3982 4010 4011 3983
f 3983 4011 4012 3984
f 3984 4012 4013 3985
f 3985 4013 4014 3986
f 3986 4014 4015 3987
f 3987 4015 4016 3988
f 3988 4016 4017 3989
f 3989 4017 4018 3990
f 3990 4018 4019 3991
f 3991 4019 4020 3992
f 3992 4020 4021 3993
f 3993 4021 4022 3994
f 3994 4022 4023 3995
f 3995 4023 4024 3996
f 3996 4024 4025 3997
f 3997 4025 4026 3998
f 3998 4026 4027 3999
f 3999 4027 4028 4000
f 4000 4028 4029 4001
f 4001 4029 4030 4002
f 4002 4030 4031 4003
f 4003 4031 4032 4004
f 4004 4032 4005 3977
f 4005 4033 4034 4006
f 4006 4034 4035 4007
f 4007 4035 4036 4008
f 4008 4036 4037 4009
f 4009 4037 4038 4010
f 4010 4038 4039 4011
f 4011 4039 4040 4012
f 4012 4040 4041 4013
f 4013 4041 4042 4014
f 4014 4042 4043 4015
f 4015 4043 4044 4016
f 4016 4044 4045 4017
f 4017 4045 4046 4018
f 4018 4046 4047 4019
f 4019 4047 4048 4020
f 4020 4048 4049 4021
f 4021 4049 4050 4022
f 4022 4050 4051 4023
f 4023 4051 4052 4024
f 4024 4052 4053 4025
f 4025 4053 4054 4026
f 4026 4054 4055 4027
f 4027 4055 4056 4028
f 4028 4056 4057 4029
f 4029 4057 4058 4030
f 4030 4058 4059 4031
f 4031 4059 4060 4032
f 4032 4060 4033 4005
f 4033 4061 4062 4034
f 4034 4062 4063 4035
f 4035 4063 4064 4036
f 4036 4064 4065 4037
f 4037 4065 4066 4038
f 4038 4066 4067 4039
f 4039 4067 4068 4040
f 4040 4068 4069 4041
f 4041 4069 4070 4042
f 4042 4070 4071 4043
f 4043 4071 4072 4044
f 4044 4072 4073 4045
f 4045 4073 4074 4046
f 4046 4074 4075 4047
f 4047 4075 4076 4048
f 4048 4076 4077 4049
f 4049 4077 4078 4050
f 4050 4078 4079 4051
f 4051 4079 4080 4052
f 4052 4080 4081 4053
f 4053 4081 4082 4054
f 4054 4082 4083 4055
f 4055 4083 4084 4056
f 4056 4084 4085 4057
f 4057 4085 4086 4058
f 4058 4086 4087 4059
f 4059 4087 4088 4060
f 4060 4088 4061 4033
f 4061 4089 4090 4062
f 4062 4090 4091 4063
f 4063 4091 4092 4064
f 4064 4092 4093 4065
f 4065 4093 4094 4066
f 4066 4094 4095 4067
f 4067 4095 4096 4068
f 4068 4096 4097 4069
f 4069 4097 4098 4070
f 4070 4098 4099 4071
f 4071 4099 4100 4072
f 4072 4100 4101 4073
f 4073 4101 4102 4074
f 4074 4102 4103 4075
f 4075 4103 4104 4076
f 4076 4104 4105 4077
f 4077 4105 4106 4078
f 4078 4106 4107 4079
f 4079 4107 4108 4080
f 4080 4108 4109 4081
f 4081 4109 4110 4082
f 4082 4110 4111 4083
f 4083 4111 4112 4084
f 4084 4112 4113 4085
f 4085 4113 4114 4086
f 4086 4114 4115 4087
f 4087 4115 4116 4088
f 4088 4116 4089 4061
f 4089 4117 4118 4090
f 4090 4118 4119 4091
f 4091 4119 4120 4092
f 4092 4120 4121 4093
f 4093 4121 4122 4094
f 4094 4122 4123 4095
f 4095 4123 4124 4096
f 4096 4124 4125 4097
f 4097 4125 4126 4098
f 4098 4126 4127 4099
f 4099 4127 4128 4100
f 4100 4128 4129 4101
f 4101 4129 4130 4102
f 4102 4130 4131 4103
f 4103 4131 4132 4104
f 4104 4132 4133 4105
f 4105 4133 4134 4106
f 4106 4134 4135 4107
f 4107 4135 4136 4108
f 4108 4136 4137 4109
f 4109 4137 4138 4110
f 4110 4138 4139 4111
f 4111 4139 4140 4112
f 4112 4140 4141 4113
f 4113 4141 4142 4114
f 4114 4142 4143 4115
f 4115 4143 4144 4116
f 4116 4144 4117 4089
f 4117 4145 4146 4118
f 4118 4146 4147 4119
f 4119 4147 4148 4120
f 4120 4148 4149 4121
f 4121 4149 4150 4122
f 4122 4150 4151 4123
f 4123 4151 4152 4124
f 4124 4152 4153 4125
f 4125 4153 4154 4126
f 4126 4154 4155 4127
f 4127 4155 4156 4128
f 4128 4156 4157 4129
f 4129 4157 4158 4130
f 4130 4158 4159 4131
f 4131 4159 4160 4132
f 4132 4160 4161 4133
f 4133 4161 4162 4134
f 4134 4162 4163 4135
f 4135 4163 4164 4136
f 4136 4164 4165 4137
f 4137 4165 4166 4138
f 4138 4166 4167 4139
f 4139 4167 4168 4140
f 4140 4168 4169 4141
f 4141 4169 4170 4142
f 4142 4170 4171 4143
f 4143 4171 4172 4144
f 4144 4172 4145 4117
f 4145 4173 4174 4146
f 4146 4174 4175 4147
f 4147 4175 4176 4148
f 4148 4176 4177 4149
f 4149 4177 4178 4150
f 4150 4178 4179 4151
f 4151 4179 4180 4152
f 4152 4180 4181 4153
f 4153 4181 4182 4154
f 4154 4182 4183 4155
f 4155 4183 4184 4156
f 4156 4184 4185 4157
f 4157 4185 4186 4158
f 4158 4186 4187 4159
f 4159 4187 4188 4160
f 4160 4188 4189 4161
f 4161 4189 4190 4162
f 4162 4190 4191 4163
f 4163 4191 4192 4164
f 4164 4192 4193 4165
f 4165 4193 4194 4166
f 4166 4194 4195 4167
f 4167 4195 4196 4168
f 4168 4196 4197 4169
f 4169 4197 4198 4170
f 4170 4198 4199 4171
f 4171 4199 4200 4172
f 4172 4200 4173 4145
f 4173 4201 4202 4174
f 4174 4202 4203 4175
f 4175 4203 4204 4176
f 4176 4204 4205 4177
f 4177 4205 4206 4178
f 4178 4206 4207 4179
f 4179 4207 4208 4180
f 4180 4208 4209 4181
f 4181 4209 4210 4182
f 4182 4210 4211 4183
f 4183 4211 4212 4184
f 4184 4212 4213 4185
f 4185 4213 4214 4186
f 4186 4214 4215 4187
f 4187 4215 4216 4188
f 4188 4216 4217 4189
f 4189 4217 4218 4190
f 4190 4218 4219 4191
f 4191 4219 4220 4192
f 4192 4220 4221 4193
f 4193 4221 4222 4194
f 4194 4222 4223 4195
f 4195 4223 4224 4196
f 4196 4224 4225 4197
f 4197 4225 4226 4198
f 4198 4226 4227 4199
f 4199 4227 4228 4200
f 4200 4228 4201 4173
f 4201 4229 4230 4202
f 4202 4230 4231 4203
f 4203 4231 4232 4204
f 4204 4232 4233 4205
f 4205 4233 4234 4206
f 4206 4234 4235 4207
f 4207 4235 4236 4208
f 4208 4236 4237 4209
f 4209 4237 4238 4210
f 4210 4238 4239 4211
f 4211 4239 4240 4212
f 4212 4240 4241 4213
f 4213 4241 4242 4214
f 4214 4242 4243 4215
f 4215 4243 4244 4216
f 4216 4244 4245 4217
f 4217 4245 4246 4218
f 4218 4246 4247 4219
f 4219 4247 4248 4220
f 4220 4248 4249 4221
f 4221 4249 4250 4222
f 4222 4250 4251 4223
f 4223 4251 4252 4224
f 4224 4252 4253 4225
f 4225 4253 4254 4226
f 4226 4254 4255 4227
f 4227 4255 4256 4228
f 4228 4256 4229 4201
f 4229 4257 4258 4230
f 4230 4258 4259 4231
f 4231 4259 4260 4232
f 4232 4260 4261 4233
f 4233 4261 4262 4234
f 4234 4262 4263 4235
f 4235 4263 4264 4236
f 4236 4264 4265 4237
f 4237 4265 4266 4238
f 4238 4266 4267 4239
f 4239 4267 4268 4240
f 4240 4268 4269 4241
f 4241 4269 4270 4242
f 4242 4270 4271 4243
f 4243 4271 4272 4244
f 4244 4272 4273 4245
f 4245 4273 4274 4246
f 4246 4274 4275 4247
f 4247 4275 4276 4248
f 4248 4276 4277 4249
f 4249 4277 4278 4250
f 4250 4278 4279 4251
f 4251 4279 4280 4252
f 4252 4280 4281 4253
f 4253 4281 4282 4254
f 4254 4282 4283 4255
f 4255 4283 4284 4256
f 4256 4284 4257 4229
f 4257 4285 4286 4258
f 4258 4286 4287 4259
f 4259 4287 4288 4260
f 4260 4288 4289 4261
f 4261 4289 4290 4262
f 4262 4290 4291 4263
f 4263 4291 4292 4264
f 4264 4292 4293 4265
f 4265 4293 4294 4266
f 4266 4294 4295 4267
f 4267 4295 4296 4268
f 4268 4296 4297 4269
f 4269 4297 4298 4270
f 4270 4298 4299 4271
f 4271 4299 4300 4272
f 4272 4300 4301 4273
f 4273 4301 4302 4274
f 4274 4302 4303 4275
f 4275 4303 4304 4276
f 4276 4304 4305 4277
f 4277 4305 4306 4278
f 4278 4306 4307 4279
f 4279 4307 4308 4280
f 4280 4308 4309 4281
f 4281 4309 4310 4282
f 4282 4310 4311 4283
f 4283 4311 4312 4284
f 4284 4312 4285 4257
f 4285 4313 4314 4286
f 4286 4314 4315 4287
f 4287 4315 4316 4288
f 4288 4316 4317 4289
f 4289 4317 4318 4290
f 4290 4318 4319 4291
f 4291 4319 4320 4292
f 4292 4320 4321 4293
f 4293 4321 4322 4294
f 4294 4322 4323 4295
f 4295 4323 4324 4296
f 4296 4324 4325 4297
f 4297 4325 4326 4298
f 4298 4326 4327 4299
f 4299 4327 4328 4300
f 4300 4328 4329 4301
f 4301 4329 4330 4302
f 4302 4330 4331 4303
f 4303 4331 4332 4304
f 4304 4332 4333 4305
f 4305 4333 4334 4306
f 4306 4334 4335 4307
f 4307 4335 4336 4308
f 4308 4336 4337 4309
f 4309 4337 4338 4310
f 4310 4338 4339 4311
f 4311 4339 4340 4312
f 4312 4340 4313 4285
f 4313 4341 4342 4314
f 4314 4342 4343 4315
f 4315 4343 4344 4316
f 4316 4344 4345 4317
f 4317 4345 4346 4318
f 4318 4346 4347 4319
f 4319 4347 4348 4320
f 4320 4348 4349 4321
f 4321 4349 4350 4322
f 4322 4350 4351 4323
f 4323 4351 4352 4324
f 4324 4352 4353 4325
f 4325 4353 4354 4326
f 4326 4354 4355 4327
f 4327 4355 4356 4328
f 4328 4356 4357 4329
f 4329 4357 4358 4330
f 4330 4358 4359 4331
f 4331 4359 4360 4332
f 4332 4360 4361 4333
f 4333 4361 4362 4334
f 4334 4362 4363 4335
f 4335 4363 4364 4336
f 4336 4364 4365 4337
f 4337 4365 4366 4338
f 4338 4366 4367 4339
f 4339 4367 4368 4340
f 4340 4368 4341 4313
f 4341 4369 4370 4342
f 4342 4370 4371 4343
f 4343 4371 4372 4344
f 4344 4372 4373 4345
f 4345 4373 4374 4346
f 4346 4374 4375 4347
f 4347 4375 4376 4348
f 4348 4376 4377 4349
f 4349 4377 4378 4350
f 4350 4378 4379 4351
f 4351 4379 4380 4352
f 4352 4380 4381 4353
f 4353 4381 4382 4354
f 4354 4382 4383 4355
f 4355 4383 4384 4356
f 4356 4384 4385 4357
f 4357 4385 4386 4358
f 4358 4386 4387 4359
f 4359 4387 4388 4360
f 4360 4388 4389 4361
f 4361 4389 4390 4362
f 4362 4390 4391 4363
f 4363 4391 4392 4364
f 4364 4392 4393 4365
f 4365 4393 4394 4366
f 4366 4394 4395 4367
f 4367 4395 4396 4368
f 4368 4396 4369 4341
f 4369 4397 4398 4370
f 4370 4398 4399 4371
f 4371 4399 4400 4372
f 4372 4400 4401 4373
f 4373 4401 4402 4374
f 4374 4402 4403 4375
f 4375 4403 4404 4376
f 4376 4404 4405 4377
f 4377 4405 4406 4378
f 4378 4406 4407 4379
f 4379 4407 4408 4380
f 4380 4408 4409 4381
f 4381 4409 4410 4382
f 4382 4410 4411 4383
f 4383 4411 4412 4384
f 4384 4412 4413 4385
f 4385 4413 4414 4386
f 4386 4414 4415 4387
f 4387 4415 4416 4388
f 4388 4416 4417 4389
f 4389 4417 4418 4390
f 4390 4418 4419 4391
f 4391 4419 4420 4392
f 4392 4420 4421 4393
f 4393 4421 4422 4394
f 4394 4422 4423 4395
f 4395 4423 4424 4396
f 4396 4424 4397 4369
f 4397 4425 4426 4398
f 4398 4426 4427 4399
f 4399 4427 4428 4400
f 4400 4428 4429 4401
f 4401 4429 4430 4402
f 4402 4430 4431 4403
f 4403 4431 4432 4404
f 4404 4432 4433 4405
f 4405 4433 4434 4406
f 4406 4434 4435 4407
f 4407 4435 4436 4408
f 4408 4436 4437 4409
f 4409 4437 4438 4410
f 4410 4438 4439 4411
f 4411 4439 4440 4412
f 4412 4440 4441 4413
f 4413 4441 4442 4414
f 4414 4442 4443 4415
f 4415 4443 4444 4416
f 4416 4444 4445 4417
f 4417 4445 4446 4418
f 4418 4446 4447 4419
f 4419 4447 4448 4420
f 4420 4448 4449 4421
f 4421 4449 4450 4422
f 4422 4450 4451 4423
f 4423 4451 4452 4424
f 4424 4452 4425 4397
f 4425 4453 4454 4426
f 4426 4454 4455 4427
f 4427 4455 4456 4428
f 4428 4456 4457 4429
f 4429 4457 4458 4430
f 4430 4458 4459 4431
f 4431 4459 4460 4432
f 4432 4460 4461 4433
f 4433 4461 4462 4434
f 4434 4462 4463 4435
f 4435 4463 4464 4436
f 4436 4464 4465 4437
f 4437 4465 4466 4438
f 4438 4466 4467 4439
f 4439 4467 4468 4440
f 4440 4468 4469 4441
f 4441 4469 4470 4442
f 4442 4470 4471 4443
f 4443 4471 4472 4444
f 4444 4472 4473 4445
f 4445 4473 4474 4446
f 4446 4474 4475 4447
f 4447 4475 4476 4448
f 4448 4476 4477 4449
f 4449 4477 4478 4450
f 4450 4478 4479 4451
f 4451 4479 4480 4452
f 4452 4480 4453 4425
f 4453 4481 4482 4454
f 4454 4482 4483 4455
f 4455 4483 4484 4456
f 4456 4484 4485 4457
f 4457 4485 4486 4458
f 4458 4486 4487 4459
f 4459 4487 4488 4460
f 4460 4488 4489 4461
f 4461 4489 4490 4462
f 4462 4490 4491 4463
f 4463 4491 4492 4464
f 4464 4492 4493 4465
f 4465 4493 4494 4466
f 4466 4494 4495 4467
f 4467 4495 4496 4468
f 4468 4496 4497 4469
f 4469 4497 4498 4470
f 4470 4498 4499 4471
f 4471 4499 4500 4472
f 4472 4500 4501 4473
f 4473 4501 4502 4474
f 4474 4502 4503 4475
f 4475 4503 4504 4476
f 4476 4504 4505 4477
f 4477 4505 4506 4478
f 4478 4506 4507 4479
f 4479 4507 4508 4480
f 4480 4508 4481 4453
f 4481 4509 4510 4482
f 4482 4510 4511 4483
f 4483 4511 4512 4484
f 4484 4512 4513 4485
f 4485 4513 4514 4486
f 4486 4514 4515 4487
f 4487 4515 4516 4488
f 4488 4516 4517 4489
f 4489 4517 4518 4490
f 4490 4518 4519 4491
f 4491 4519 4520 4492
f 4492 4520 4521 4493
f 4493 4521 4522 4494
f 4494 4522 4523 4495
f 4495 4523 4524 4496
f 4496 4524 4525 4497
f 4497 4525 4526 4498
f 4498 4526 4527 4499
f 4499 4527 4528 4500
f 4500 4528 4529 4501
f 4501 4529 4530 4502
f 4502 4530 4531 4503
f 4503 4531 4532 4504
f 4504 4532 4533 4505
f 4505 4533 4534 4506
f 4506 4534 4535 4507
f 4507 4535 4536 4508
f 4508 4536 4509 4481
f 4509 4537 4538 4510
f 4510 4538 4539 4511
f 4511 4539 4540 4512
f 4512 4540 4541 4513
f 4513 4541 4542 4514
f 4514 4542 4543 4515
f 4515 4543 4544 4516
f 4516 4544 4545 4517
f 4517 4545 4546 4518
f 4518 4546 4547 4519
f 4519 4547 4548 4520
f 4520 4548 4549 4521
f 4521 4549 4550 4522
f 4522 4550 4551 4523
f 4523 4551 4552 4524
f 4524 4552 4553 4525
f 4525 4553 4554 4526
f 4526 4554 4555 4527
f 4527 4555 4556 4528
f 4528 4556 4557 4529
f 4529 4557 4558 4530
f 4530 4558 4559 4531
f 4531 4559 4560 4532
f 4532 4560 4561 4533
f 4533 4561 4562 4534
f 4534 4562 4563 4535
f 4535 4563 4564 4536
f 4536 4564 4537 4509
f 4537 4565 4566 4538
f 4538 4566 4567 4539
f 4539 4567 4568 4540
f 4540 4568 4569 4541
f 4541 4569 4570 4542
f 4542 4570 4571 4543
f 4543 4571 4572 4544
f 4544 4572 4573 4545
f 4545 4573 4574 4546
f 4546 4574 4575 4547
f 4547 4575 4576 4548
f 4548 4576 4577 4549
f 4549 4577 4578 4550
f 4550 4578 4579 4551
f 4551 4579 4580 4552
f 4552 4580 4581 4553
f 4553 4581 4582 4554
f 4554 4582 4583 4555
f 4555 4583 4584 4556
f 4556 4584 4585 4557
f 4557 4585 4586 4558
f 4558 4586 4587 4559
f 4559 4587 4588 4560
f 4560 4588 4589 4561
f 4561 4589 4590 4562
f 4562 4590 4591 4563
f 4563 4591 4592 4564
f 4564 4592 4565 4537
f 4565 4593 4594 4566
f 4566 4594 4595 4567
f 4567 4595 4596 4568
f 4568 4596 4597 4569
f 4569 4597 4598 4570
f 4570 4598 4599 4571
f 4571 4599 4600 4572
f 4572 4600 4601 4573
f 4573 4601 4602 4574
f 4574 4602 4603 4575
f 4575 4603 4604 4576
f 4576 4604 4605 4577
f 4577 4605 4606 4578
f 4578 4606 4607 4579
f 4579 4607 4608 4580
f 4580 4608 4609 4581
f 4581 4609 4610 4582
f 4582 4610 4611 4583
f 4583 4611 4612 4584
f 4584 4612 4613 4585
f 4585 4613 4614 4586
f 4586 4614 4615 4587
f 4587 4615 4616 4588
f 4588 4616 4617 4589
f 4589 4617 4618 4590
f 4590 4618 4619 4591
f 4591 4619 4620 4592
f 4592 4620 4593 4565
f 4593 4621 4622 4594
f 4594 4622 4623 4595
f 4595 4623 4624 4596
f 4596 4624 4625 4597
f 4597 4625 4626 4598
f 4598 4626 4627 4599
f 4599 4627 4628 4600
f 4600 4628 4629 4601
f 4601 4629 4630 4602
f 4602 4630 4631 4603
f 4603 4631 4632 4604
f 4604 4632 4633 4605
f 4605 4633 4634 4606
f 4606 4634 4635 4607
f 4607 4635 4636 4608
f 4608 4636 4637 4609
f 4609 4637 4638 4610
f 4610 4638 4639 4611
f 4611 4639 4640 4612
f 4612 4640 4641 4613
f 4613 4641 4642 4614
f 4614 4642 4643 4615
f 4615 4643 4644 4616
f 4616 4644 4645 4617
f 4617 4645 4646 4618
f 4618 4646 4647 4619
f 4619 4647 4648 4620
f 4620 4648 4621 4593
f 4621 4649 4650 4622
f 4622 4650 4651 4623
f 4623 4651 4652 4624
f 4624 4652 4653 4625
f 4625 4653 4654 4626
f 4626 4654 4655 4627
f 4627 4655 4656 4628
f 4628 4656 4657 4629
f 4629 4657 4658 4630
f 4630 4658 4659 4631
f 4631 4659 4660 4632
f 4632 4660 4661 4633
f 4633 4661 4662 4634
f 4634 4662 4663 4635
f 4635 4663 4664 4636
f 4636 4664 4665 4637
f 4637 4665 4666 4638
f 4638 4666 4667 4639
f 4639 4667 4668 4640
f 4640 4668 4669 4641
f 4641 4669 4670 4642
f 4642 4670 4671 4643
f 4643 4671 4672 4644
f 4644 4672 4673 4645
f 4645 4673 4674 4646
f 4646 4674 4675 4647
f 4647 4675 4676 4648
f 4648 4676 4649 4621
f 4649 4677 4678 4650
f 4650 4678 4679 4651
f 4651 4679 4680 4652
f 4652 4680 4681 4653
f 4653 4681 4682 4654
f 4654 4682 4683 4655
f 4655 4683 4684 4656
f 4656 4684 4685 4657
f 4657 4685 4686 4658
f 4658 4686 4687 4659
f 4659 4687 4688 4660
f 4660 4688 4689 4661
f 4661 4689 4690 4662
f 4662 4690 4691 4663
f 4663 4691 4692 4664
f 4664 4692 4693 4665
f 4665 4693 4694 4666
f 4666 4694 4695 4667
f 4667 4695 4696 4668
f 4668 4696 4697 4669
f 4669 4697 4698 4670
f 4670 4698 4699 4671
f 4671 4699 4700 4672
f 4672 4700 4701 4673
f 4673 4701 4702 4674
f 4674 4702 4703 4675
f 4675 4703 4704 4676
f 4676 4704 4677 4649
f 4677 4705 4706 4678
f 4678 4706 4707 4679
f 4679 4707 4708 4680
f 4680 4708 4709 4681
f 4681 4709 4710 4682
f 4682 4710 4711 4683
f 4683 4711 4712 4684
f 4684 4712 4713 4685
f 4685 4713 4714 4686
f 4686 4714 4715 4687
f 4687 4715 4716 4688
f 4688 4716 4717 4689
f 4689 4717 4718 4690
f 4690 4718 4719 4691
f 4691 4719 4720 4692
f 4692 4720 4721 4693
f 4693 4721 4722 4694
f 4694 4722 4723 4695
f 4695 4723 4724 4696
f 4696 4724 4725 4697
f 4697 4725 4726 4698
f 4698 4726 4727 4699
f 4699 4727 4728 4700
f 4700 4728 4729 4701
f 4701 4729 4730 4702
f 4702 4730 4731 4703
f 4703 4731 4732 4704
f 4704 4732 4705 4677
f 4705 4733 4734 4706
f 4706 4734 4735 4707
f 4707 4735 4736 4708
f 4708 4736 4737 4709
f 4709 4737 4738 4710
f 4710 4738 4739 4711
f 4711 4739 4740 4712
f 4712 4740 4741 4713
f 4713 4741 4742 4714
f 4714 4742 4743 4715
f 4715 4743 4744 4716
f 4716 4744 4745 4717
f 4717 4745 4746 4718
f 4718 4746 4747 4719
f 4719 4747 4748 4720
f 4720 4748 4749 4721
f 4721 4749 4750 4722
f 4722 4750 4751 4723
f 4723 4751 4752 4724
f 4724 4752 4753 4725
f 4725 4753 4754 4726
f 4726 4754 4755 4727
f 4727 4755 4756 4728
f 4728 4756 4757 4729
f 4729 4757 4758 4730
f 4730 4758 4759 4731
f 4731 4759 4760 4732
f 4732 4760 4733 4705
f 4733 4761 4762 4734
f 4734 4762 4763 4735
f 4735 4763 4764 4736
f 4736 4764 4765 4737
f 4737 4765 4766 4738
f 4738 4766 4767 4739
f 4739 4767 4768 4740
f 4740 4768 4769 4741
f 4741 4769 4770 4742
f 4742 4770 4771 4743
f 4743 4771 4772 4744
f 4744 4772 4773 4745
f 4745 4773 4774 4746
f 4746 4774 4775 4747
f 4747 4775 4776 4748
f 4748 4776 4777 4749
f 4749 4777 4778 4750
f 4750 4778 4779 4751
f 4751 4779 4780 4752
f 4752 4780 4781 4753
f 4753 4781 4782 4754
f 4754 4782 4783 4755
f 4755 4783 4784 4756
f 4756 4784 4785 4757
f 4757 4785 4786 4758
f 4758 4786 4787 4759
f 4759 4787 4788 4760
f 4760 4788 4761 4733
f 4761 4789 4790 4762
f 4762 4790 4791 4763
f 4763 4791 4792 4764
f 4764 4792 4793 4765
f 4765 4793 4794 4766
f 4766 4794 4795 4767
f 4767 4795 4796 4768
f 4768 4796 4797 4769
f 4769 4797 4798 4770
f 4770 4798 4799 4771
f 4771 4799 4800 4772
f 4772 4800 4801 4773
f 4773 4801 4802 4774
f 4774 4802 4803 4775
f 4775 4803 4804 4776
f 4776 4804 4805 4777
f 4777 4805 4806 4778
f 4778 4806 4807 4779
f 4779 4807 4808 4780
f 4780 4808 4809 4781
f 4781 4809 4810 4782
f 4782 4810 4811 4783
f 4783 4811 4812 4784
f 4784 4812 4813 4785
f 4785 4813 4814 4786
f 4786 4814 4815 4787
f 4787 4815 4816 4788
f 4788 4816 4789 4761
f 4789 4817 4818 4790
f 4790 4818 4819 4791
f 4791 4819 4820 4792
f 4792 4820 4821 4793
f 4793 4821 4822 4794
f 4794 4822 4823 4795
f 4795 4823 4824 4796
f 4796 4824 4825 4797
f 4797 4825 4826 4798
f 4798 4826 4827 4799
f 4799 4827 4828 4800
f 4800 4828 4829 4801
f 4801 4829 4830 4802
f 4802 4830 4831 4803
f 4803 4831 4832 4804
f 4804 4832 4833 4805
f 4805 4833 4834 4806
f 4806 4834 4835 4807
f 4807 4835 4836 4808
f 4808 4836 4837 4809
f 4809 4837 4838 4810
f 4810 4838 4839 4811
f 4811 4839 4840 4812
f 4812 4840 4841 4813
f 4813 4841 4842 4814
f 4814 4842 4843 4815
f 4815 4843 4844 4816
f 4816 4844 4817 4789
f 4817 4845 4846 4818
f 4818 4846 4847 4819
f 4819 4847 4848 4820
f 4820 4848 4849 4821
f 4821 4849 4850 4822
f 4822 4850 4851 4823
f 4823 4851 4852 4824
f 4824 4852 4853 4825
f 4825 4853 4854 4826
f 4826 4854 4855 4827
f 4827 4855 4856 4828
f 4828 4856 4857 4829
f 4829 4857 4858 4830
f 4830 4858 4859 4831
f 4831 4859 4860 4832
f 4832 4860 4861 4833
f 4833 4861 4862 4834
f 4834 4862 4863 4835
f 4835 4863 4864 4836
f 4836 4864 4865 4837
f 4837 4865 4866 4838
f 4838 4866 4867 4839
f 4839 4867 4868 4840
f 4840 4868 4869 4841
f 4841 4869 4870 4842
f 4842 4870 4871 4843
f 4843 4871 4872 4844
f 4844 4872 4845 4817
f 4845 4873 4874 4846
f 4846 4874 4875 4847
f 4847 4875 4876 4848
f 4848 4876 4877 4849
f 4849 4877 4878 4850
f 4850 4878 4879 4851
f 4851 4879 4880 4852
f 4852 4880 4881 4853
f 4853 4881 4882 4854
f 4854 4882 4883 4855
f 4855 4883 4884 4856
f 4856 4884 4885 4857
f 4857 4885 4886 4858
f 4858 4886 4887 4859
f 4859 4887 4888 4860
f 4860 4888 4889 4861
f 4861 4889 4890 4862
f 4862 4890 4891 4863
f 4863 4891 4892 4864
f 4864 4892 4893 4865
f 4865 4893 4894 4866
f 4866 4894 4895 4867
f 4867 4895 4896 4868
f 4868 4896 4897 4869
f 4869 4897 4898 4870
f 4870 4898 4899 4871
f 4871 4899 4900 4872
f 4872 4900 4873 4845
f 4873 4901 4902 4874
f 4874 4902 4903 4875
f 4875 4903 4904 4876
f 4876 4904 4905 4877
f 4877 4905 4906 4878
f 4878 4906 4907 4879
f 4879 4907 4908 4880
f 4880 4908 4909 4881
f 4881 4909 4910 4882
f 4882 4910 4911 4883
f 4883 4911 4912 4884
f 4884 4912 4913 4885
f 4885 4913 4914 4886
f 4886 4914 4915 4887
f 4887 4915 4916 4888
f 4888 4916 4917 4889
f 4889 4917 4918 4890
f 4890 4918 4919 4891
f 4891 4919 4920 4892
f 4892 4920 4921 4893
f 4893 4921 4922 4894
f 4894 4922 4923 4895
f 4895 4923 4924 4896
f 4896 4924 4925 4897
f 4897 4925 4926 4898
f 4898 4926 4927 4899
f 4899 4927 4928 4900
f 4900 4928 4901 4873
f 4901 4929 4930 4902
f 4902 4930 4931 4903
f 4903 4931 4932 4904
f 4904 4932 4933 4905
f 4905 4933 4934 4906
f 4906 4934 4935 4907
f 4907 4935 4936 4908
f 4908 4936 4937 4909
f 4909 4937 4938 4910
f 4910 4938 4939 4911
f 4911 4939 4940 4912
f 4912 4940 4941 4913
f 4913 4941 4942 4914
f 4914 4942 4943 4915
f 4915 4943 4944 4916
f 4916 4944 4945 4917
f 4917 4945 4946 4918
f 4918 4946 4947 4919
f 4919 4947 4948 4920
f 4920 4948 4949 4921
f 4921 4949 4950 4922
f 4922 4950 4951 4923
f 4923 4951 4952 4924
f 4924 4952 4953 4925
f 4925 4953 4954 4926
f 4926 4954 4955 4927
f 4927 4955 4956 4928
f 4928 4956 4929 4901
f 4929 4957 4958 4930
f 4930 4958 4959 4931
f 4931 4959 4960 4932
f 4932 4960 4961 4933
f 4933 4961 4962 4934
f 4934 4962 4963 4935
f 4935 4963 4964 4936
f 4936 4964 4965 4937
f 4937 4965 4966 4938
f 4938 4966 4967 4939
f 4939 4967 4968 4940
f 4940 4968 4969 4941
f 4941 4969 4970 4942
f 4942 4970 4971 4943
f 4943 4971 4972 4944
f 4944 4972 4973 4945
f 4945 4973 4974 4946
f 4946 4974 4975 4947
f 4947 4975 4976 4948
f 4948 4976 4977 4949
f 4949 4977 4978 4950
f 4950 4978 4979 4951
f 4951 4979 4980 4952
f 4952 4980 4981 4953
f 4953 4981 4982 4954
f 4954 4982 4983 4955
f 4955 4983 4984 4956
f 4956 4984 4957 4929
f 4957 4985 4986 4958
f 4958 4986 4987 4959
f 4959 4987 4988 4960
f 4960 4988 4989 4961
f 4961 4989 4990 4962
f 4962 4990 4991 4963
f 4963 4991 4992 4964
f 4964 4992 4993 4965
f 4965 4993 4994 4966
f 4966 4994 4995 4967
f 4967 4995 4996 4968
f 4968 4996 4997 4969
f 4969 4997 4998 4970
f 4970 4998 4999 4971
f 4971 4999 5000 4972
f 4972 5000 5001 4973
f 4973 5001 5002 4974
f 4974 5002 5003 4975
f 4975 5003 5004 4976
f 4976 5004 5005 4977
f 4977 5005 5006 4978
f 4978 5006 5007 4979
f 4979 5007 5008 4980
f 4980 5008 5009 4981
f 4981 5009 5010 4982
f 4982 5010 5011 4983
f 4983 5011 5012 4984
f 4984 5012 4985 4957
f 4985 5013 5014 4986
f 4986 5014 5015 4987
f 4987 5015 5016 4988
f 4988 5016 5017 4989
f 4989 5017 5018 4990
f 4990 5018 5019 4991
f 4991 5019 5020 4992
f 4992 5020 5021 4993
f 4993 5021 5022 4994
f 4994 5022 5023 4995
f 4995 5023 5024 4996
f 4996 5024 5025 4997
f 4997 5025 5026 4998
f 4998 5026 5027 4999
f 4999 5027 5028 5000
f 5000 5028 5029 5001
f 5001 5029 5030 5002
f 5002 5030 5031 5003
f 5003 5031 5032 5004
f 5004 5032 5033 5005
f 5005 5033 5034 5006
f 5006 5034 5035 5007
f 5007 5035 5036 5008
f 5008 5036 5037 5009
f 5009 5037 5038 5010
f 5010 5038 5039 5011
f 5011 5039 5040 5012
f 5012 5040 5013 4985
f 5013 5041 5042 5014
f 5014 5042 5043 5015
f 5015 5043 5044 5016
f 5016 5044 5045 5017
f 5017 5045 5046 5018
f 5018 5046 5047 5019
f 5019 5047 5048 5020
f 5020 5048 5049 5021
f 5021 5049 5050 5022
f 5022 5050 5051 5023
f 5023 5051 5052 5024
f 5024 5052 5053 5025
f 5025 5053 5054 5026
f 5026 5054 5055 5027
f 5027 5055 5056 5028
f 5028 5056 5057 5029
f 5029 5057 5058 5030
f 5030 5058 5059 5031
f 5031 5059 5060 5032
f 5032 5060 5061 5033
f 5033 5061 5062 5034
f 5034 5062 5063 5035
f 5035 5063 5064 5036
f 5036 5064 5065 5037
f 5037 5065 5066 5038
f 5038 5066 5067 5039
f 5039 5067 5068 5040
f 5040 5068 5041 5013
f 5041 5069 5070 5042
f 5042 5070 5071 5043
f 5043 5071 5072 5044
f 5044 5072 5073 5045
f 5045 5073 5074 5046
f 5046 5074 5075 5047
f 5047 5075 5076 5048
f 5048 5076 5077 5049
f 5049 5077 5078 5050
f 5050 5078 5079 5051
f 5051 5079 5080 5052
f 5052 5080 5081 5053
f 5053 5081 5082 5054
f 5054 5082 5083 5055
f 5055 5083 5084 5056
f 5056 5084 5085 5057
f 5057 5085 5086 5058
f 5058 5086 5087 5059
f 5059 5087 5088 5060
f 5060 5088 5089 5061
f 5061 5089 5090 5062
f 5062 5090 5091 5063
f 5063 5091 5092 5064
f 5064 5092 5093 5065
f 5065 5093 5094 5066
f 5066 5094 5095 5067
f 5067 5095 5096 5068
f 5068 5096 5069 5041
f 5069 5097 5098 5070
f 5070 5098 5099 5071
f 5071 5099 5100 5072
f 5072 5100 5101 5073
f 5073 5101 5102 5074
f 5074 5102 5103 5075
f 5075 5103 5104 5076
f 5076 5104 5105 5077
f 5077 5105 5106 5078
f 5078 5106 5107 5079
f 5079 5107 5108 5080
f 5080 5108 5109 5081
f 5081 5109 5110 5082
f 5082 5110 5111 5083
f 5083 5111 5112 5084
f 5084 5112 5113 5085
f 5085 5113 5114 5086
f 5086 5114 5115 5087
f 5087 5115 5116 5088
f 5088 5116 5117 5089
f 5089 5117 5118 5090
f 5090 5118 5119 5091
f 5091 5119 5120 5092
f 5092 5120 5121 5093
f 5093 5121 5122 5094
f 5094 5122 5123 5095
f 5095 5123 5124 5096
f 5096 5124 5097 5069
f 5097 5125 5126 5098
f 5098 5126 5127 5099
f 5099 5127 5128 5100
f 5100 5128 5129 5101
f 5101 5129 5130 5102
f 5102 5130 5131 5103
f 5103 5131 5132 5104
f 5104 5132 5133 5105
f 5105 5133 5134 5106
f 5106 5134 5135 5107
f 5107 5135 5136 5108
f 5108 5136 5137 5109
f 5109 5137 5138 5110
f 5110 5138 5139 5111
f 5111 5139 5140 5112
f 5112 5140 5141 5113
f 5113 5141 5142 5114
f 5114 5142 5143 5115
f 5115 5143 5144 5116
f 5116 5144 5145 5117
f 5117 5145 5146 5118
f 5118 5146 5147 5119
f 5119 5147 5148 5120
f 5120 5148 5149 5121
f 5121 5149 5150 5122
f 5122 5150 5151 5123
f 5123 5151 5152 5124
f 5124 5152 5125 5097
f 5125 5153 5154 5126
f 5126 5154 5155 5127
f 5127 5155 5156 5128
f 5128 5156 5157 5129
f 5129 5157 5158 5130
f 5130 5158 5159 5131
f 5131 5159 5160 5132
f 5132 5160 5161 5133
f 5133 5161 5162 5134
f 5134 5162 5163 5135
f 5135 5163 5164 5136
f 5136 5164 5165 5137
f 5137 5165 5166 5138
f 5138 5166 5167 5139
f 5139 5167 5168 5140
f 5140 5168 5169 5141
f 5141 5169 5170 5142
f 5142 5170 5171 5143
f 5143 5171 5172 5144
f 5144 5172 5173 5145
f 5145 5173 5174 5146
f 5146 5174 5175 5147
f 5147 5175 5176 5148
f 5148 5176 5177 5149
f 5149 5177 5178 5150
f 5150 5178 5179 5151
f 5151 5179 5180 5152
f 5152 5180 5153 5125
f 5153 5181 5182 5154
f 5154 5182 5183 5155
f 5155 5183 5184 5156
f 5156 5184 5185 5157
f 5157 5185 5186 5158
f 5158 5186 5187 5159
f 5159 5187 5188 5160
f 5160 5188 5189 5161
f 5161 5189 5190 5162
f 5162 5190 5191 5163
f 5163 5191 5192 5164
f 5164 5192 5193 5165
f 5165 5193 5194 5166
f 5166 5194 5195 5167
f 5167 5195 5196 5168
f 5168 5196 5197 5169
f 5169 5197 5198 5170
f 5170 5198 5199 5171
f 5171 5199 5200 5172
f 5172 5200 5201 5173
f 5173 5201 5202 5174
f 5174 5202 5203 5175
f 5175 5203 5204 5176
f 5176 5204 5205 5177
f 5177 5205 5206 5178
f 5178 5206 5207 5179
f 5179 5207 5208 5180
f 5180 5208 5181 5153
f 5181 5209 5210 5182
f 5182 5210 5211 5183
f 5183 5211 5212 5184
f 5184 5212 5213 5185
f 5185 5213 5214 5186
f 5186 5214 5215 5187
f 5187 5215 5216 5188
f 5188 5216 5217 5189
f 5189 5217 5218 5190
f 5190 5218 5219 5191
f 5191 5219 5220 5192
f 5192 5220 5221 5193
f 5193 5221 5222 5194
f 5194 5222 5223 5195
f 5195 5223 5224 5196
f 5196 5224 5225 5197
f 5197 5225 5226 5198
f 5198 5226 5227 5199
f 5199 5227 5228 5200
f 5200 5228 5229 5201
f 5201 5229 5230 5202
f 5202 5230 5231 5203
f 5203 5231 5232 5204
f 5204 5232 5233 5205
f 5205 5233 5234 5206
f 5206 5234 5235 5207
f 5207 5235 5236 5208
f 5208 5236 5209 5181
f 5209 5237 5238 5210
f 5210 5238 5239 5211
f 5211 5239 5240 5212
f 5212 5240 5241 5213
f 5213 5241 5242 5214
f 5214 5242 5243 5215
f 5215 5243 5244 5216
f 5216 5244 5245 5217
f 5217 5245 5246 5218
f 5218 5246 5247 5219
f 5219 5247 5248 5220
f 5220 5248 5249 5221
f 5221 5249 5250 5222
f 5222 5250 5251 5223
f 5223 5251 5252 5224
f 5224 5252 5253 5225
f 5225 5253 5254 5226
f 5226 5254 5255 5227
f 5227 5255 5256 5228
f 5228 5256 5257 5229
f 5229 5257 5258 5230
f 5230 5258 5259 5231
f 5231 5259 5260 5232
f 5232 5260 5261 5233
f 5233 5261 5262 5234
f 5234 5262 5263 5235
f 5235 5263 5264 5236
f 5236 5264 5237 5209
f 5237 5265 5266 5238
f 5238 5266 5267 5239
f 5239 5267 5268 5240
f 5240 5268 5269 5241
f 5241 5269 5270 5242
f 5242 5270 5271 5243
f 5243 5271 5272 5244
f 5244 5272 5273 5245
f 5245 5273 5274 5246
f 5246 5274 5275 5247
f 5247 5275 5276 5248
f 5248 5276 5277 5249
f 5249 5277 5278 5250
f 5250 5278 5279 5251
f 5251 5279 5280 5252
f 5252 5280 5281 5253
f 5253 5281 5282 5254
f 5254 5282 5283 5255
f 5255 5283 5284 5256
f 5256 5284 5285 5257
f 5257 5285 5286 5258
f 5258 5286 5287 5259
f 5259 5287 5288 5260
f 5260 5288 5289 5261
f 5261 5289 5290 5262
f 5262 5290 5291 5263
f 5263 5291 5292 5264
f 5264 5292 5265 5237
f 5265 5293 5294 5266
f 5266 5294 5295 5267
f 5267 5295 5296 5268
f 5268 5296 5297 5269
f 5269 5297 5298 5270
f 5270 5298 5299 5271
f 5271 5299 5300 5272
f 5272 5300 5301 5273
f 5273 5301 5302 5274
f 5274 5302 5303 5275
f 5275 5303 5304 5276
f 5276 5304 5305 5277
f 5277 5305 5306 5278
f 5278 5306 5307 5279
f 5279 5307 5308 5280
f 5280 5308 5309 5281
f 5281 5309 5310 5282
f 5282 5310 5311 5283
f 5283 5311 5312 5284
f 5284 5312 5313 5285
f 5285 5313 5314 5286
f 5286 5314 5315 5287
f 5287 5315 5316 5288
f 5288 5316 5317 5289
f 5289 5317 5318 5290
f 5290 5318 5319 5291
f 5291 5319 5320 5292
f 5292 5320 5293 5265
f 5293 5321 5322 5294
f 5294 5322 5323 5295
f 5295 5323 5324 5296
f 5296 5324 5325 5297
f 5297 5325 5326 5298
f 5298 5326 5327 5299
f 5299 5327 5328 5300
f 5300 5328 5329 5301
f 5301 5329 5330 5302
f 5302 5330 5331 5303
f 5303 5331 5332 5304
f 5304 5332 5333 5305
f 5305 5333 5334 5306
f 5306 5334 5335 5307
f 5307 5335 5336 5308
f 5308 5336 5337 5309
f 5309 5337 5338 5310
f 5310 5338 5339 5311
f 5311 5339 5340 5312
f 5312 5340 5341 5313
f 5313 5341 5342 5314
f 5314 5342 5343 5315
f 5315 5343 5344 5316
f 5316 5344 5345 5317
f 5317 5345 5346 5318
f 5318 5346 5347 5319
f 5319 5347 5348 5320
f 5320 5348 5321 5293
f 5321 5349 5350 5322
f 5322 5350 5351 5323
f 5323 5351 5352 5324
f 5324 5352 5353 5325
f 5325 5353 5354 5326
f 5326 5354 5355 5327
f 5327 5355 5356 5328
f 5328 5356 5357 5329
f 5329 5357 5358 5330
f 5330 5358 5359 5331
f 5331 5359 5360 5332
f 5332 5360 5361 5333
f 5333 5361 5362 5334
f 5334 5362 5363 5335
f 5335 5363 5364 5336
f 5336 5364 5365 5337
f 5337 5365 5366 5338
f 5338 5366 5367 5339
f 5339 5367 5368 5340
f 5340 5368 5369 5341
f 5341 5369 5370 5342
f 5342 5370 5371 5343
f 5343 5371 5372 5344
f 5344 5372 5373 5345
f 5345 5373 5374 5346
f 5346 5374 5375 5347
f 5347 5375 5376 5348
f 5348 5376 5349 5321
f 5349 5377 5378 5350
f 5350 5378 5379 5351
f 5351 5379 5380 5352
f 5352 5380 5381 5353
f 5353 5381 5382 5354
f 5354 5382 5383 5355
f 5355 5383 5384 5356
f 5356 5384 5385 5357
f 5357 5385 5386 5358
f 5358 5386 5387 5359
f 5359 5387 5388 5360
f 5360 5388 5389 5361
f 5361 5389 5390 5362
f 5362 5390 5391 5363
f 5363 5391 5392 5364
f 5364 5392 5393 5365
f 5365 5393 5394 5366
f 5366 5394 5395 5367
f 5367 5395 5396 5368
f 5368 5396 5397 5369
f 5369 5397 5398 5370
f 5370 5398 5399 5371
f 5371 5399 5400 5372
f 5372 5400 5401 5373
f 5373 5401 5402 5374
f 5374 5402 5403 5375
f 5375 5403 5404 5376
f 5376 5404 5377 5349
f 5377 5405 5406 5378
f 5378 5406 5407 5379
f 5379 5407 5408 5380
f 5380 5408 5409 5381
f 5381 5409 5410 5382
f 5382 5410 5411 5383
f 5383 5411 5412 5384
f 5384 5412 5413 5385
f 5385 5413 5414 5386
f 5386 5414 5415 5387
f 5387 5415 5416 5388
f 5388 5416 5417 5389
f 5389 5417 5418 5390
f 5390 5418 5419 5391
f 5391 5419 5420 5392
f 5392 5420 5421 5393
f 5393 5421 5422 5394
f 5394 5422 5423 5395
f 5395 5423 5424 5396
f 5396 5424 5425 5397
f 5397 5425 5426 5398
f 5398 5426 5427 5399
f 5399 5427 5428 5400
f 5400 5428 5429 5401
f 5401 5429 5430 5402
f 5402 5430 5431 5403
f 5403 5431 5432 5404
f 5404 5432 5405 5377
f 5405 5433 5434 5406
f 5406 5434 5435 5407
f 5407 5435 5436 5408
f 5408 5436 5437 5409
f 5409 5437 5438 5410
f 5410 5438 5439 5411
f 5411 5439 5440 5412
f 5412 5440 5441 5413
f 5413 5441 5442 5414
f 5414 5442 5443 5415
f 5415 5443 5444 5416
f 5416 5444 5445 5417
f 5417 5445 5446 5418
f 5418 5446 5447 5419
f 5419 5447 5448 5420
f 5420 5448 5449 5421
f 5421 5449 5450 5422
f 5422 5450 5451 5423
f 5423 5451 5452 5424
f 5424 5452 5453 5425
f 5425 5453 5454 5426
f 5426 5454 5455 5427
f 5427 5455 5456 5428
f 5428 5456 5457 5429
f 5429 5457 5458 5430
f 5430 5458 5459 5431
f 5431 5459 5460 5432
f 5432 5460 5433 5405
f 5433 5461 5462 5434
f 5434 5462 5463 5435
f 5435 5463 5464 5436
f 5436 5464 5465 5437
f 5437 5465 5466 5438
f 5438 5466 5467 5439
f 5439 5467 5468 5440
f 5440 5468 5469 5441
f 5441 5469 5470 5442
f 5442 5470 5471 5443
f 5443 5471 5472 5444
f 5444 5472 5473 5445
f 5445 5473 5474 5446
f 5446 5474 5475 5447
f 5447 5475 5476 5448
f 5448 5476 5477 5449
f 5449 5477 5478 5450
f 5450 5478 5479 5451
f 5451 5479 5480 5452
f 5452 5480 5481 5453
f 5453 5481 5482 5454
f 5454 5482 5483 5455
f 5455 5483 5484 5456
f 5456 5484 5485 5457
f 5457 5485 5486 5458
f 5458 5486 5487 5459
f 5459 5487 5488 5460
f 5460 5488 5461 5433
f 5461 5489 5490 5462
f 5462 5490 5491 5463
f 5463 5491 5492 5464
f 5464 5492 5493 5465
f 5465 5493 5494 5466
f 5466 5494 5495 5467
f 5467 5495 5496 5468
f 5468 5496 5497 5469
f 5469 5497 5498 5470
f 5470 5498 5499 5471
f 5471 5499 5500 5472
f 5472 5500 5501 5473
f 5473 5501 5502 5474
f 5474 5502 5503 5475
f 5475 5503 5504 5476
f 5476 5504 5505 5477
f 5477 5505 5506 5478
f 5478 5506 5507 5479
f 5479 5507 5508 5480
f 5480 5508 5509 5481
f 5481 5509 5510 5482
f 5482 5510 5511 5483
f 5483 5511 5512 5484
f 5484 5512 5513 5485
f 5485 5513 5514 5486
f 5486 5514 5515 5487
f 5487 5515 5516 5488
f 5488 5516 5489 5461
f 5489 5517 5518 5490
f 5490 5518 5519 5491
f 5491 5519 5520 5492
f 5492 5520 5521 5493
f 5493 5521 5522 5494
f 5494 5522 5523 5495
f 5495 5523 5524 5496
f 5496 5524 5525 5497
f 5497 5525 5526 5498
f 5498 5526 5527 5499
f 5499 5527 5528 5500
f 5500 5528 5529 5501
f 5501 5529 5530 5502
f 5502 5530 5531 5503
f 5503 5531 5532 5504
f 5504 5532 5533 5505
f 5505 5533 5534 5506
f 5506 5534 5535 5507
f 5507 5535 5536 5508
f 5508 5536 5537 5509
f 5509 5537 5538 5510
f 5510 5538 5539 5511
f 5511 5539 5540 5512
f 5512 5540 5541 5513
f 5513 5541 5542 5514
f 5514 5542 5543 5515
f 5515 5543 5544 5516
f 5516 5544 5517 5489
f 5517 5545 5546 5518
f 5518 5546 5547 5519
f 5519 5547 5548 5520
f 5520 5548 5549 5521
f 5521 5549 5550 5522
f 5522 5550 5551 5523
f 5523 5551 5552 5524
f 5524 5552 5553 5525
f 5525 5553 5554 5526
f 5526 5554 5555 5527
f 5527 5555 5556 5528
f 5528 5556 5557 5529
f 5529 5557 5558 5530
f 5530 5558 5559 5531
f 5531 5559 5560 5532
f 5532 5560 5561 5533
f 5533 5561 5562 5534
f 5534 5562 5563 5535
f 5535 5563 5564 5536
f 5536 5564 5565 5537
f 5537 5565 5566 5538
f 5538 5566 5567 5539
f 5539 5567 5568 5540
f 5540 5568 5569 5541
f 5541 5569 5570 5542
f 5542 5570 5571 5543
f 5543 5571 5572 5544
f 5544 5572 5545 5517
f 5545 5573 5574 5546
f 5546 5574 5575 5547
f 5547 5575 5576 5548
f 5548 5576 5577 5549
f 5549 5577 5578 5550
f 5550 5578 5579 5551
f 5551 5579 5580 5552
f 5552 5580 5581 5553
f 5553 5581 5582 5554
f 5554 5582 5583 5555
f 5555 5583 5584 5556
f 5556 5584 5585 5557
f 5557 5585 5586 5558
f 5558 5586 5587 5559
f 5559 5587 5588 5560
f 5560 5588 5589 5561
f 5561 5589 5590 5562
f 5562 5590 5591 5563
f 5563 5591 5592 5564
f 5564 5592 5593 5565
f 5565 5593 5594 5566
f 5566 5594 5595 5567
f 5567 5595 5596 5568
f 5568 5596 5597 5569
f 5569 5597 5598 5570
f 5570 5598 5599 5571
f 5571 5599 5600 5572
f 5572 5600 5573 5545
f 5573 1 2 5574
f 5574 2 3 5575
f 5575 3 4 5576
f 5576 4 5 5577
f 5577 5 6 5578
f 5578 6 7 5579
f 5579 7 8 5580
f 5580 8 9 5581
f 5581 9 10 5582
f 5582 10 11 5583
f 5583 11 12 5584
f 5584 12 13 5585
f 5585 13 14 5586
f 5586 14 15 5587
f 5587 15 16 5588
f 5588 16 17 5589
f 5589 17 18 5590
f 5590 18 19 5591
f 5591 19 20 5592
f 5592 20 21 5593
f 5593 21 22 5594
f 5594 22 23 5595
f 5595 23 24 5596
f 5596 24 25 5597
f 5597 25 26 5598
f 5598 26 27 5599
f 5599 27 28 5600
f 5600 28 1 5573
f 5601 5629 5630 5602
f 5602 5630 5631 5603
f 5603 5631 5632 5604
f 5604 5632 5633 5605
f 5605 5633 5634 5606
f 5606 5634 5635 5607
f 5607 5635 5636 5608
f 5608 5636 5637 5609
f 5609 5637 5638 5610
f 5610 5638 5639 5611
f 5611 5639 5640 5612
f 5612 5640 5641 5613
f 5613 5641 5642 5614
f 5614 5642 5643 5615
f 5615 5643 5644 5616
f 5616 5644 5645 5617
f 5617 5645 5646 5618
f 5618 5646 5647 5619
f 5619 5647 5648 5620
f 5620 5648 5649 5621
f 5621 5649 5650 5622
f 5622 5650 5651 5623
f 5623 5651 5652 5624
f 5624 5652 5653 5625
f 5625 5653 5654 5626
f 5626 5654 5655 5627
f 5627 5655 5656 5628
f 5628 5656 5629 5601
f 5629 5657 5658 5630
f 5630 5658 5659 5631
f 5631 5659 5660 5632
f 5632 5660 5661 5633
f 5633 5661 5662 5634
f 5634 5662 5663 5635
f 5635 5663 5664 5636
f 5636 5664 5665 5637
f 5637 5665 5666 5638
f 5638 5666 5667 5639
f 5639 5667 5668 5640
f 5640 5668 5669 5641
f 5641 5669 5670 5642
f 5642 5670 5671 5643
f 5643 5671 5672 5644
f 5644 5672 5673 5645
f 5645 5673 5674 5646
f 5646 5674 5675 5647
f 5647 5675 5676 5648
f 5648 5676 5677 5649
f 5649 5677 5678 5650
f 5650 5678 5679 5651
f 5651 5679 5680 5652
f 5652 5680 5681 5653
f 5653 5681 5682 5654
f 5654 5682 5683 5655
f 5655 5683 5684 5656
f 5656 5684 5657 5629
f 5657 5685 5686 5658
f 5658 5686 5687 5659
f 5659 5687 5688 5660
f 5660 5688 5689 5661
f 5661 5689 5690 5662
f 5662 5690 5691 5663
f 5663 5691 5692 5664
f 5664 5692 5693 5665
f 5665 5693 5694 5666
f 5666 5694 5695 5667
f 5667 5695 5696 5668
f 5668 5696 5697 5669
f 5669 5697 5698 5670
f 5670 5698 5699 5671
f 5671 5699 5700 5672
f 5672 5700 5701 5673
f 5673 5701 5702 5674
f 5674 5702 5703 5675
f 5675 5703 5704 5676
f 5676 5704 5705 5677
f 5677 5705 5706 5678
f 5678 5706 5707 5679
f 5679 5707 5708 5680
f 5680 5708 5709 5681
f 5681 5709 5710 5682
f 5682 5710 5711 5683
f 5683 5711 5712 5684
f 5684 5712 5685 5657
f 5685 5713 5714 5686
f 5686 5714 5715 5687
f 5687 5715 5716 5688
f 5688 5716 5717 5689
f 5689 5717 5718 5690
f 5690 5718 5719 5691
f 5691 5719 5720 5692
f 5692 5720 5721 5693
f 5693 5721 5722 5694
f 5694 5722 5723 5695
f 5695 5723 5724 5696
f 5696 5724 5725 5697
f 5697 5725 5726 5698
f 5698 5726 5727 5699
f 5699 5727 5728 5700
f 5700 5728 5729 5701
f 5701 5729 5730 5702
f 5702 5730 5731 5703
f 5703 5731 5732 5704
f 5704 5732 5733 5705
f 5705 5733 5734 5706
f 5706 5734 5735 5707
f 5707 5735 5736 5708
f 5708 5736 5737 5709
f 5709 5737 5738 5710
f 5710 5738 5739 5711
f 5711 5739 5740 5712
f 5712 5740 5713 5685
f 5713 5741 5742 5714
f 5714 5742 5743 5715
f 5715 5743 5744 5716
f 5716 5744 5745 5717
f 5717 5745 5746 5718
f 5718 5746 5747 5719
f 5719 5747 5748 5720
f 5720 5748 5749 5721
f 5721 5749 5750 5722
f 5722 5750 5751 5723
f 5723 5751 5752 5724
f 5724 5752 5753 5725
f 5725 5753 5754 5726
f 5726 5754 5755 5727
f 5727 5755 5756 5728
f 5728 5756 5757 5729
f 5729 5757 5758 5730
f 5730 5758 5759 5731
f 5731 5759 5760 5732
f 5732 5760 5761 5733
f 5733 5761 5762 5734
f 5734 5762 5763 5735
f 5735 5763 5764 5736
f 5736 5764 5765 5737
f 5737 5765 5766 5738
f 5738 5766 5767 5739
f 5739 5767 5768 5740
f 5740 5768 5741 5713
f 5741 5769 5770 5742
f 5742 5770 5771 5743
f 5743 5771 5772 5744
f 5744 5772 5773 5745
f 5745 5773 5774 5746
f 5746 5774 5775 5747
f 5747 5775 5776 5748
f 5748 5776 5777 5749
f 5749 5777 5778 5750
f 5750 5778 5779 5751
f 5751 5779 5780 5752
f 5752 5780 5781 5753
f 5753 5781 5782 5754
f 5754 5782 5783 5755
f 5755 5783 5784 5756
f 5756 5784 5785 5757
f 5757 5785 5786 5758
f 5758 5786 5787 5759
f 5759 5787 5788 5760
f 5760 5788 5789 5761
f 5761 5789 5790 5762
f 5762 5790 5791 5763
f 5763 5791 5792 5764
f 5764 5792 5793 5765
f 5765 5793 5794 5766
f 5766 5794 5795 5767
f 5767 5795 5796 5768
f 5768 5796 5769 5741
f 5769 5797 5798 5770
f 5770 5798 5799 5771
f 5771 5799 5800 5772
f 5772 5800 5801 5773
f 5773 5801 5802 5774
f 5774 5802 5803 5775
f 5775 5803 5804 5776
f 5776 5804 5805 5777
f 5777 5805 5806 5778
f 5778 5806 5807 5779
f 5779 5807 5808 5780
f 5780 5808 5809 5781
f 5781 5809 5810 5782
f 5782 5810 5811 5783
f 5783 5811 5812 5784
f 5784 5812 5813 5785
f 5785 5813 5814 5786
f 5786 5814 5815 5787
f 5787 5815 5816 5788
f 5788 5816 5817 5789
f 5789 5817 5818 5790
f 5790 5818 5819 5791
f 5791 5819 5820 5792
f 5792 5820 5821 5793
f 5793 5821 5822 5794
f 5794 5822 5823 5795
f 5795 5823 5824 5796
f 5796 5824 5797 5769
f 5797 5825 5826 5798
f 5798 5826 5827 5799
f 5799 5827 5828 5800
f 5800 5828 5829 5801
f 5801 5829 5830 5802
f 5802 5830 5831 5803
f 5803 5831 5832 5804
f 5804 5832 5833 5805
f 5805 5833 5834 5806
f 5806 5834 5835 5807
f 5807 5835 5836 5808
f 5808 5836 5837 5809
f 5809 5837 5838 5810
f 5810 5838 5839 5811
f 5811 5839 5840 5812
f 5812 5840 5841 5813
f 5813 5841 5842 5814
f 5814 5842 5843 5815
f 5815 5843 5844 5816
f 5816 5844 5845 5817
f 5817 5845 5846 5818
f 5818 5846 5847 5819
f 5819 5847 5848 5820
f 5820 5848 5849 5821
f 5821 5849 5850 5822
f 5822 5850 5851 5823
f 5823 5851 5852 5824
f 5824 5852 5825 5797
f 5825 5853 5854 5826
f 5826 5854 5855 5827
f 5827 5855 5856 5828
f 5828 5856 5857 5829
f 5829 5857 5858 5830
f 5830 5858 5859 5831
f 5831 5859 5860 5832
f 5832 5860 5861 5833
f 5833 5861 5862 5834
f 5834 5862 5863 5835
f 5835 5863 5864 5836
f 5836 5864 5865 5837
f 5837 5865 5866 5838
f 5838 5866 5867 5839
f 5839 5867 5868 5840
f 5840 5868 5869 5841
f 5841 5869 5870 5842
f 5842 5870 5871 5843
f 5843 5871 5872 5844
f 5844 5872 5873 5845
f 5845 5873 5874 5846
f 5846 5874 5875 5847
f 5847 5875 5876 5848
f 5848 5876 5877 5849
f 5849 5877 5878 5850
f 5850 5878 5879 5851
f 5851 5879 5880 5852
f 5852 5880 5853 5825
f 5853 5881 5882 5854
f 5854 5882 5883 5855
f 5855 5883 5884 5856
f 5856 5884 5885 5857
f 5857 5885 5886 5858
f 5858 5886 5887 5859
f 5859 5887 5888 5860
f 5860 5888 5889 5861
f 5861 5889 5890 5862
f 5862 5890 5891 5863
f 5863 5891 5892 5864
f 5864 5892 5893 5865
f 5865 5893 5894 5866
f 5866 5894 5895 5867
f 5867 5895 5896 5868
f 5868 5896 5897 5869
f 5869 5897 5898 5870
f 5870 5898 5899 5871
f 5871 5899 5900 5872
f 5872 5900 5901 5873
f 5873 5901 5902 5874
f 5874 5902 5903 5875
f 5875 5903 5904 5876
f 5876 5904 5905 5877
f 5877 5905 5906 5878
f 5878 5906 5907 5879
f 5879 5907 5908 5880
f 5880 5908 5881 5853
f 5881 5909 5910 5882
f 5882 5910 5911 5883
f 5883 5911 5912 5884
f 5884 5912 5913 5885
f 5885 5913 5914 5886
f 5886 5914 5915 5887
f 5887 5915 5916 5888
f 5888 5916 5917 5889
f 5889 5917 5918 5890
f 5890 5918 5919 5891
f 5891 5919 5920 5892
f 5892 5920 5921 5893
f 5893 5921 5922 5894
f 5894 5922 5923 5895
f 5895 5923 5924 5896
f 5896 5924 5925 5897
f 5897 5925 5926 5898
f 5898 5926 5927 5899
f 5899 5927 5928 5900
f 5900 5928 5929 5901
f 5901 5929 5930 5902
f 5902 5930 5931 5903
f 5903 5931 5932 5904
f 5904 5932 5933 5905
f 5905 5933 5934 5906
f 5906 5934 5935 5907
f 5907 5935 5936 5908
f 5908 5936 5909 5881
f 5909 5937 5938 5910
f 5910 5938 5939 5911
f 5911 5939 5940 5912
f 5912 5940 5941 5913
f 5913 5941 5942 5914
f 5914 5942 5943 5915
f 5915 5943 5944 5916
f 5916 5944 5945 5917
f 5917 5945 5946 5918
f 5918 5946 5947 5919
f 5919 5947 5948 5920
f 5920 5948 5949 5921
f 5921 5949 5950 5922
f 5922 5950 5951 5923
f 5923 5951 5952 5924
f 5924 5952 5953 5925
f 5925 5953 5954 5926
f 5926 5954 5955 5927
f 5927 5955 5956 5928
f 5928 5956 5957 5929
f 5929 5957 5958 5930
f 5930 5958 5959 5931
f 5931 5959 5960 5932
f 5932 5960 5961 5933
f 5933 5961 5962 5934
f 5934 5962 5963 5935
f 5935 5963 5964 5936
f 5936 5964 5937 5909
f 5937 5965 5966 5938
f 5938 5966 5967 5939
f 5939 5967 5968 5940
f 5940 5968 5969 5941
f 5941 5969 5970 5942
f 5942 5970 5971 5943
f 5943 5971 5972 5944
f 5944 5972 5973 5945
f 5945 5973 5974 5946
f 5946 5974 5975 5947
f 5947 5975 5976 5948
f 5948 5976 5977 5949
f 5949 5977 5978 5950
f 5950 5978 5979 5951
f 5951 5979 5980 5952
f 5952 5980 5981 5953
f 5953 5981 5982 5954
f 5954 5982 5983 5955
f 5955 5983 5984 5956
f 5956 5984 5985 5957
f 5957 5985 5986 5958
f 5958 5986 5987 5959
f 5959 5987 5988 5960
f 5960 5988 5989 5961
f 5961 5989 5990 5962
f 5962 5990 5991 5963
f 5963 5991 5992 5964
f 5964 5992 5965 5937
f 5965 5993 5994 5966
f 5966 5994 5995 5967
f 5967 5995 5996 5968
f 5968 5996 5997 5969
f 5969 5997 5998 5970
f 5970 5998 5999 5971
f 5971 5999 6000 5972
f 5972 6000 6001 5973
f 5973 6001 6002 5974
f 5974 6002 6003 5975
f 5975 6003 6004 5976
f 5976 6004 6005 5977
f 5977 6005 6006 5978
f 5978 6006 6007 5979
f 5979 6007 6008 5980
f 5980 6008 6009 5981
f 5981 6009 6010 5982
f 5982 6010 6011 5983
f 5983 6011 6012 5984
f 5984 6012 6013 5985
f 5985 6013 6014 5986
f 5986 6014 6015 5987
f 5987 6015 6016 5988
f 5988 6016 6017 5989
f 5989 6017 6018 5990
f 5990 6018 6019 5991
f 5991 6019 6020 5992
f 5992 6020 5993 5965
f 5993 6021 6022 5994
f 5994 6022 6023 5995
f 5995 6023 6024 5996
f 5996 6024 6025 5997
f 5997 6025 6026 5998
f 5998 6026 6027 5999
f 5999 6027 6028 6000
f 6000 6028 6029 6001
f 6001 6029 6030 6002
f 6002 6030 6031 6003
f 6003 6031 6032 6004
f 6004 6032 6033 6005
f 6005 6033 6034 6006
f 6006 6034 6035 6007
f 6007 6035 6036 6008
f 6008 6036 6037 6009
f 6009 6037 6038 6010
f 6010 6038 6039 6011
f 6011 6039 6040 6012
f 6012 6040 6041 6013
f 6013 6041 6042 6014
f 6014 6042 6043 6015
f 6015 6043 6044 6016
f 6016 6044 6045 6017
f 6017 6045 6046 6018
f 6018 6046 6047 6019
f 6019 6047 6048 6020
f 6020 6048 6021 5993
f 6021 6049 6050 6022
f 6022 6050 6051 6023
f 6023 6051 6052 6024
f 6024 6052 6053 6025
f 6025 6053 6054 6026
f 6026 6054 6055 6027
f 6027 6055 6056 6028
f 6028 6056 6057 6029
f 6029 6057 6058 6030
f 6030 6058 6059 6031
f 6031 6059 6060 6032
f 6032 6060 6061 6033
f 6033 6061 6062 6034
f 6034 6062 6063 6035
f 6035 6063 6064 6036
f 6036 6064 6065 6037
f 6037 6065 6066 6038
f 6038 6066 6067 6039
f 6039 6067 6068 6040
f 6040 6068 6069 6041
f 6041 6069 6070 6042
f 6042 6070 6071 6043
f 6043 6071 6072 6044
f 6044 6072 6073 6045
f 6045 6073 6074 6046
f 6046 6074 6075 6047
f 6047 6075 6076 6048
f 6048 6076 6049 6021
f 6049 6077 6078 6050
f 6050 6078 6079 6051
f 6051 6079 6080 6052
f 6052 6080 6081 6053
f 6053 6081 6082 6054
f 6054 6082 6083 6055
f 6055 6083 6084 6056
f 6056 6084 6085 6057
f 6057 6085 6086 6058
f 6058 6086 6087 6059
f 6059 6087 6088 6060
f 6060 6088 6089 6061
f 6061 6089 6090 6062
f 6062 6090 6091 6063
f 6063 6091 6092 6064
f 6064 6092 6093 6065
f 6065 6093 6094 6066
f 6066 6094 6095 6067
f 6067 6095 6096 6068
f 6068 6096 6097 6069
f 6069 6097 6098 6070
f 6070 6098 6099 6071
f 6071 6099 6100 6072
f 6072 6100 6101 6073
f 6073 6101 6102 6074
f 6074 6102 6103 6075
f 6075 6103 6104 6076
f 6076 6104 6077 6049
f 6077 6105 6106 6078
f 6078 6106 6107 6079
f 6079 6107 6108 6080
f 6080 6108 6109 6081
f 6081 6109 6110 6082
f 6082 6110 6111 6083
f 6083 6111 6112 6084
f 6084 6112 6113 6085
f 6085 6113 6114 6086
f 6086 6114 6115 6087
f 6087 6115 6116 6088
f 6088 6116 6117 6089
f 6089 6117 6118 6090
f 6090 6118 6119 6091
f 6091 6119 6120 6092
f 6092 6120 6121 6093
f 6093 6121 6122 6094
f 6094 6122 6123 6095
f 6095 6123 6124 6096
f 6096 6124 6125 6097
f 6097 6125 6126 6098
f 6098 6126 6127 6099
f 6099 6127 6128 6100
f 6100 6128 6129 6101
f 6101 6129 6130 6102
f 6102 6130 6131 6103
f 6103 6131 6132 6104
f 6104 6132 6105 6077
f 6105 6133 6134 6106
f 6106 6134 6135 6107
f 6107 6135 6136 6108
f 6108 6136 6137 6109
f 6109 6137 6138 6110
f 6110 6138 6139 6111
f 6111 6139 6140 6112
f 6112 6140 6141 6113
f 6113 6141 6142 6114
f 6114 6142 6143 6115
f 6115 6143 6144 6116
f 6116 6144 6145 6117
f 6117 6145 6146 6118
f 6118 6146 6147 6119
f 6119 6147 6148 6120
f 6120 6148 6149 6121
f 6121 6149 6150 6122
f 6122 6150 6151 6123
f 6123 6151 6152 6124
f 6124 6152 6153 6125
f 6125 6153 6154 6126
f 6126 6154 6155 6127
f 6127 6155 6156 6128
f 6128 6156 6157 6129
f 6129 6157 6158 6130
f 6130 6158 6159 6131
f 6131 6159 6160 6132
f 6132 6160 6133 6105
f 6133 6161 6162 6134
f 6134 6162 6163 6135
f 6135 6163 6164 6136
f 6136 6164 6165 6137
f 6137 6165 6166 6138
f 6138 6166 6167 6139
f 6139 6167 6168 6140
f 6140 6168 6169 6141
f 6141 6169 6170 6142
f 6142 6170 6171 6143
f 6143 6171 6172 6144
f 6144 6172 6173 6145
f 6145 6173 6174 6146
f 6146 6174 6175 6147
f 6147 6175 6176 6148
f 6148 6176 6177 6149
f 6149 6177 6178 6150
f 6150 6178 6179 6151
f 6151 6179 6180 6152
f 6152 6180 6181 6153
f 6153 6181 6182 6154
f 6154 6182 6183 6155
f 6155 6183 6184 6156
f 6156 6184 6185 6157
f 6157 6185 6186 6158
f 6158 6186 6187 6159
f 6159 6187 6188 6160
f 6160 6188 6161 6133
f 6161 6189 6190 6162
f 6162 6190 6191 6163
f 6163 6191 6192 6164
f 6164 6192 6193 6165
f 6165 6193 6194 6166
f 6166 6194 6195 6167
f 6167 6195 6196 6168
f 6168 6196 6197 6169
f 6169 6197 6198 6170
f 6170 6198 6199 6171
f 6171 6199 6200 6172
f 6172 6200 6201 6173
f 6173 6201 6202 6174
f 6174 6202 6203 6175
f 6175 6203 6204 6176
f 6176 6204 6205 6177
f 6177 6205 6206 6178
f 6178 6206 6207 6179
f 6179 6207 6208 6180
f 6180 6208 6209 6181
f 6181 6209 6210 6182
f 6182 6210 6211 6183
f 6183 6211 6212 6184
f 6184 6212 6213 6185
f 6185 6213 6214 6186
f 6186 6214 6215 6187
f 6187 6215 6216 6188
f 6188 6216 6189 6161
f 6189 6217 6218 6190
f 6190 6218 6219 6191
f 6191 6219 6220 6192
f 6192 6220 6221 6193
f 6193 6221 6222 6194
f 6194 6222 6223 6195
f 6195 6223 6224 6196
f 6196 6224 6225 6197
f 6197 6225 6226 6198
f 6198 6226 6227 6199
f 6199 6227 6228 6200
f 6200 6228 6229 6201
f 6201 6229 6230 6202
f 6202 6230 6231 6203
f 6203 6231 6232 6204
f 6204 6232 6233 6205
f 6205 6233 6234 6206
f 6206 6234 6235 6207
f 6207 6235 6236 6208
f 6208 6236 6237 6209
f 6209 6237 6238 6210
f 6210 6238 6239 6211
f 6211 6239 6240 6212
f 6212 6240 6241 6213
f 6213 6241 6242 6214
f 6214 6242 6243 6215
f 6215 6243 6244 6216
f 6216 6244 6217 6189
f 6217 6245 6246 6218
f 6218 6246 6247 6219
f 6219 6247 6248 6220
f 6220 6248 6249 6221
f 6221 6249 6250 6222
f 6222 6250 6251 6223
f 6223 6251 6252 6224
f 6224 6252 6253 6225
f 6225 6253 6254 6226
f 6226 6254 6255 6227
f 6227 6255 6256 6228
f 6228 6256 6257 6229
f 6229 6257 6258 6230
f 6230 6258 6259 6231
f 6231 6259 6260 6232
f 6232 6260 6261 6233
f 6233 6261 6262 6234
f 6234 6262 6263 6235
f 6235 6263 6264 6236
f 6236 6264 6265 6237
f 6237 6265 6266 6238
f 6238 6266 6267 6239
f 6239 6267 6268 6240
f 6240 6268 6269 6241
f 6241 6269 6270 6242
f 6242 6270 6271 6243
f 6243 6271 6272 6244
f 6244 6272 6245 6217
f 6245 6273 6274 6246
f 6246 6274 6275 6247
f 6247 6275 6276 6248
f 6248 6276 6277 6249
f 6249 6277 6278 6250
f 6250 6278 6279 6251
f 6251 6279 6280 6252
f 6252 6280 6281 6253
f 6253 6281 6282 6254
f 6254 6282 6283 6255
f 6255 6283 6284 6256
f 6256 6284 6285 6257
f 6257 6285 6286 6258
f 6258 6286 6287 6259
f 6259 6287 6288 6260
f 6260 6288 6289 6261
f 6261 6289 6290 6262
f 6262 6290 6291 6263
f 6263 6291 6292 6264
f 6264 6292 6293 6265
f 6265 6293 6294 6266
f 6266 6294 6295 6267
f 6267 6295 6296 6268
f 6268 6296 6297 6269
f 6269 6297 6298 6270
f 6270 6298 6299 6271
f 6271 6299 6300 6272
f 6272 6300 6273 6245
f 6273 6301 6302 6274
f 6274 6302 6303 6275
f 6275 6303 6304 6276
f 6276 6304 6305 6277
f 6277 6305 6306 6278
f 6278 6306 6307 6279
f 6279 6307 6308 6280
f 6280 6308 6309 6281
f 6281 6309 6310 6282
f 6282 6310 6311 6283
f 6283 6311 6312 6284
f 6284 6312 6313 6285
f 6285 6313 6314 6286
f 6286 6314 6315 6287
f 6287 6315 6316 6288
f 6288 6316 6317 6289
f 6289 6317 6318 6290
f 6290 6318 6319 6291
f 6291 6319 6320 6292
f 6292 6320 6321 6293
f 6293 6321 6322 6294
f 6294 6322 6323 6295
f 6295 6323 6324 6296
f 6296 6324 6325 6297
f 6297 6325 6326 6298
f 6298 6326 6327 6299
f 6299 6327 6328 6300
f 6300 6328 6301 6273
f 6301 6329 6330 6302
f 6302 6330 6331 6303
f 6303 6331 6332 6304
f 6304 6332 6333 6305
f 6305 6333 6334 6306
f 6306 6334 6335 6307
f 6307 6335 6336 6308
f 6308 6336 6337 6309
f 6309 6337 6338 6310
f 6310 6338 6339 6311
f 6311 6339 6340 6312
f 6312 6340 6341 6313
f 6313 6341 6342 6314
f 6314 6342 6343 6315
f 6315 6343 6344 6316
f 6316 6344 6345 6317
f 6317 6345 6346 6318
f 6318 6346 6347 6319
f 6319 6347 6348 6320
f 6320 6348 6349 6321
f 6321 6349 6350 6322
f 6322 6350 6351 6323
f 6323 6351 6352 6324
f 6324 6352 6353 6325
f 6325 6353 6354 6326
f 6326 6354 6355 6327
f 6327 6355 6356 6328
f 6328 6356 6329 6301
f 6329 6357 6358 6330
f 6330 6358 6359 6331
f 6331 6359 6360 6332
f 6332 6360 6361 6333
f 6333 6361 6362 6334
f 6334 6362 6363 6335
f 6335 6363 6364 6336
f 6336 6364 6365 6337
f 6337 6365 6366 6338
f 6338 6366 6367 6339
f 6339 6367 6368 6340
f 6340 6368 6369 6341
f 6341 6369 6370 6342
f 6342 6370 6371 6343
f 6343 6371 6372 6344
f 6344 6372 6373 6345
f 6345 6373 6374 6346
f 6346 6374 6375 6347
f 6347 6375 6376 6348
f 6348 6376 6377 6349
f 6349 6377 6378 6350
f 6350 6378 6379 6351
f 6351 6379 6380 6352
f 6352 6380 6381 6353
f 6353 6381 6382 6354
f 6354 6382 6383 6355
f 6355 6383 6384 6356
f 6356 6384 6357 6329
f 6357 6385 6386 6358
f 6358 6386 6387 6359
f 6359 6387 6388 6360
f 6360 6388 6389 6361
f 6361 6389 6390 6362
f 6362 6390 6391 6363
f 6363 6391 6392 6364
f 6364 6392 6393 6365
f 6365 6393 6394 6366
f 6366 6394 6395 6367
f 6367 6395 6396 6368
f 6368 6396 6397 6369
f 6369 6397 6398 6370
f 6370 6398 6399 6371
f 6371 6399 6400 6372
f 6372 6400 6401 6373
f 6373 6401 6402 6374
f 6374 6402 6403 6375
f 6375 6403 6404 6376
f 6376 6404 6405 6377
f 6377 6405 6406 6378
f 6378 6406 6407 6379
f 6379 6407 6408 6380
f 6380 6408 6409 6381
f 6381 6409 6410 6382
f 6382 6410 6411 6383
f 6383 6411 6412 6384
f 6384 6412 6385 6357
f 6385 6413 6414 6386
f 6386 6414 6415 6387
f 6387 6415 6416 6388
f 6388 6416 6417 6389
f 6389 6417 6418 6390
f 6390 6418 6419 6391
f 6391 6419 6420 6392
f 6392 6420 6421 6393
f 6393 6421 6422 6394
f 6394 6422 6423 6395
f 6395 6423 6424 6396
f 6396 6424 6425 6397
f 6397 6425 6426 6398
f 6398 6426 6427 6399
f 6399 6427 6428 6400
f 6400 6428 6429 6401
f 6401 6429 6430 6402
f 6402 6430 6431 6403
f 6403 6431 6432 6404
f 6404 6432 6433 6405
f 6405 6433 6434 6406
f 6406 6434 6435 6407
f 6407 6435 6436 6408
f 6408 6436 6437 6409
f 6409 6437 6438 6410
f 6410 6438 6439 6411
f 6411 6439 6440 6412
f 6412 6440 6413 6385
f 6413 6441 6442 6414
f 6414 6442 6443 6415
f 6415 6443 6444 6416
f 6416 6444 6445 6417
f 6417 6445 6446 6418
f 6418 6446 6447 6419
f 6419 6447 6448 6420
f 6420 6448 6449 6421
f 6421 6449 6450 6422
f 6422 6450 6451 6423
f 6423 6451 6452 6424
f 6424 6452 6453 6425
f 6425 6453 6454 6426
f 6426 6454 6455 6427
f 6427 6455 6456 6428
f 6428 6456 6457 6429
f 6429 6457 6458 6430
f 6430 6458 6459 6431
f 6431 6459 6460 6432
f 6432 6460 6461 6433
f 6433 6461 6462 6434
f 6434 6462 6463 6435
f 6435 6463 6464 6436
f 6436 6464 6465 6437
f 6437 6465 6466 6438
f 6438 6466 6467 6439
f 6439 6467 6468 6440
f 6440 6468 6441 6413
f 6441 6469 6470 6442
f 6442 6470 6471 6443
f 6443 6471 6472 6444
f 6444 6472 6473 6445
f 6445 6473 6474 6446
f 6446 6474 6475 6447
f 6447 6475 6476 6448
f 6448 6476 6477 6449
f 6449 6477 6478 6450
f 6450 6478 6479 6451
f 6451 6479 6480 6452
f 6452 6480 6481 6453
f 6453 6481 6482 6454
f 6454 6482 6483 6455
f 6455 6483 6484 6456
f 6456 6484 6485 6457
f 6457 6485 6486 6458
f 6458 6486 6487 6459
f 6459 6487 6488 6460
f 6460 6488 6489 6461
f 6461 6489 6490 6462
f 6462 6490 6491 6463
f 6463 6491 6492 6464
f 6464 6492 6493 6465
f 6465 6493 6494 6466
f 6466 6494 6495 6467
f 6467 6495 6496 6468
f 6468 6496 6469 6441
f 6469 6497 6498 6470
f 6470 6498 6499 6471
f 6471 6499 6500 6472
f 6472 6500 6501 6473
f 6473 6501 6502 6474
f 6474 6502 6503 6475
f 6475 6503 6504 6476
f 6476 6504 6505 6477
f 6477 6505 6506 6478
f 6478 6506 6507 6479
f 6479 6507 6508 6480
f 6480 6508 6509 6481
f 6481 6509 6510 6482
f 6482 6510 6511 6483
f 6483 6511 6512 6484
f 6484 6512 6513 6485
f 6485 6513 6514 6486
f 6486 6514 6515 6487
f 6487 6515 6516 6488
f 6488 6516 6517 6489
f 6489 6517 6518 6490
f 6490 6518 6519 6491
f 6491 6519 6520 6492
f 6492 6520 6521 6493
f 6493 6521 6522 6494
f 6494 6522 6523 6495
f 6495 6523 6524 6496
f 6496 6524 6497 6469
f 6497 6525 6526 6498
f 6498 6526 6527 6499
f 6499 6527 6528 6500
f 6500 6528 6529 6501
f 6501 6529 6530 6502
f 6502 6530 6531 6503
f 6503 6531 6532 6504
f 6504 6532 6533 6505
f 6505 6533 6534 6506
f 6506 6534 6535 6507
f 6507 6535 6536 6508
f 6508 6536 6537 6509
f 6509 6537 6538 6510
f 6510 6538 6539 6511
f 6511 6539 6540 6512
f 6512 6540 6541 6513
f 6513 6541 6542 6514
f 6514 6542 6543 6515
f 6515 6543 6544 6516
f 6516 6544 6545 6517
f 6517 6545 6546 6518
f 6518 6546 6547 6519
f 6519 6547 6548 6520
f 6520 6548 6549 6521
f 6521 6549 6550 6522
f 6522 6550 6551 6523
f 6523 6551 6552 6524
f 6524 6552 6525 6497
f 6525 6553 6554 6526
f 6526 6554 6555 6527
f 6527 6555 6556 6528
f 6528 6556 6557 6529
f 6529 6557 6558 6530
f 6530 6558 6559 6531
f 6531 6559 6560 6532
f 6532 6560 6561 6533
f 6533 6561 6562 6534
f 6534 6562 6563 6535
f 6535 6563 6564 6536
f 6536 6564 6565 6537
f 6537 6565 6566 6538
f 6538 6566 6567 6539
f 6539 6567 6568 6540
f 6540 6568 6569 6541
f 6541 6569 6570 6542
f 6542 6570 6571 6543
f 6543 6571 6572 6544
f 6544 6572 6573 6545
f 6545 6573 6574 6546
f 6546 6574 6575 6547
f 6547 6575 6576 6548
f 6548 6576 6577 6549
f 6549 6577 6578 6550
f 6550 6578 6579 6551
f 6551 6579 6580 6552
f 6552 6580 6553 6525
f 6553 6581 6582 6554
f 6554 6582 6583 6555
f 6555 6583 6584 6556
f 6556 6584 6585 6557
f 6557 6585 6586 6558
f 6558 6586 6587 6559
f 6559 6587 6588 6560
f 6560 6588 6589 6561
f 6561 6589 6590 6562
f 6562 6590 6591 6563
f 6563 6591 6592 6564
f 6564 6592 6593 6565
f 6565 6593 6594 6566
f 6566 6594 6595 6567
f 6567 6595 6596 6568
f 6568 6596 6597 6569
f 6569 6597 6598 6570
f 6570 6598 6599 6571
f 6571 6599 6600 6572
f 6572 6600 6601 6573
f 6573 6601 6602 6574
f 6574 6602 6603 6575
f 6575 6603 6604 6576
f 6576 6604 6605 6577
f 6577 6605 6606 6578
f 6578 6606 6607 6579
f 6579 6607 6608 6580
f 6580 6608 6581 6553
f 6581 6609 6610 6582
f 6582 6610 6611 6583
f 6583 6611 6612 6584
f 6584 6612 6613 6585
f 6585 6613 6614 6586
f 6586 6614 6615 6587
f 6587 6615 6616 6588
f 6588 6616 6617 6589
f 6589 6617 6618 6590
f 6590 6618 6619 6591
f 6591 6619 6620 6592
f 6592 6620 6621 6593
f 6593 6621 6622 6594
f 6594 6622 6623 6595
f 6595 6623 6624 6596
f 6596 6624 6625 6597
f 6597 6625 6626 6598
f 6598 6626 6627 6599
f 6599 6627 6628 6600
f 6600 6628 6629 6601
f 6601 6629 6630 6602
f 6602 6630 6631 6603
f 6603 6631 6632 6604
f 6604 6632 6633 6605
f 6605 6633 6634 6606
f 6606 6634 6635 6607
f 6607 6635 6636 6608
f 6608 6636 6609 6581
f 6609 6637 6638 6610
f 6610 6638 6639 6611
f 6611 6639 6640 6612
f 6612 6640 6641 6613
f 6613 6641 6642 6614
f 6614 6642 6643 6615
f 6615 6643 6644 6616
f 6616 6644 6645 6617
f 6617 6645 6646 6618
f 6618 6646 6647 6619
f 6619 6647 6648 6620
f 6620 6648 6649 6621
f 6621 6649 6650 6622
f 6622 6650 6651 6623
f 6623 6651 6652 6624
f 6624 6652 6653 6625
f 6625 6653 6654 6626
f 6626 6654 6655 6627
f 6627 6655 6656 6628
f 6628 6656 6657 6629
f 6629 6657 6658 6630
f 6630 6658 6659 6631
f 6631 6659 6660 6632
f 6632 6660 6661 6633
f 6633 6661 6662 6634
f 6634 6662 6663 6635
f 6635 6663 6664 6636
f 6636 6664 6637 6609
f 6637 6665 6666 6638
f 6638 6666 6667 6639
f 6639 6667 6668 6640
f 6640 6668 6669 6641
f 6641 6669 6670 6642
f 6642 6670 6671 6643
f 6643 6671 6672 6644
f 6644 6672 6673 6645
f 6645 6673 6674 6646
f 6646 6674 6675 6647
f 6647 6675 6676 6648
f 6648 6676 6677 6649
f 6649 6677 6678 6650
f 6650 6678 6679 6651
f 6651 6679 6680 6652
f 6652 6680 6681 6653
f 6653 6681 6682 6654
f 6654 6682 6683 6655
f 6655 6683 6684 6656
f 6656 6684 6685 6657
f 6657 6685 6686 6658
f 6658 6686 6687 6659
f 6659 6687 6688 6660
f 6660 6688 6689 6661
f 6661 6689 6690 6662
f 6662 6690 6691 6663
f 6663 6691 6692 6664
f 6664 6692 6665 6637
f 6665 6693 6694 6666
f 6666 6694 6695 6667
f 6667 6695 6696 6668
f 6668 6696 6697 6669
f 6669 6697 6698 6670
f 6670 6698 6699 6671
f 6671 6699 6700 6672
f 6672 6700 6701 6673
f 6673 6701 6702 6674
f 6674 6702 6703 6675
f 6675 6703 6704 6676
f 6676 6704 6705 6677
f 6677 6705 6706 6678
f 6678 6706 6707 6679
f 6679 6707 6708 6680
f 6680 6708 6709 6681
f 6681 6709 6710 6682
f 6682 6710 6711 6683
f 6683 6711 6712 6684
f 6684 6712 6713 6685
f 6685 6713 6714 6686
f 6686 6714 6715 6687
f 6687 6715 6716 6688
f 6688 6716 6717 6689
f 6689 6717 6718 6690
f 6690 6718 6719 6691
f 6691 6719 6720 6692
f 6692 6720 6693 6665
f 6693 6721 6722 6694
f 6694 6722 6723 6695
f 6695 6723 6724 6696
f 6696 6724 6725 6697
f 6697 6725 6726 6698
f 6698 6726 6727 6699
f 6699 6727 6728 6700
f 6700 6728 6729 6701
f 6701 6729 6730 6702
f 6702 6730 6731 6703
f 6703 6731 6732 6704
f 6704 6732 6733 6705
f 6705 6733 6734 6706
f 6706 6734 6735 6707
f 6707 6735 6736 6708
f 6708 6736 6737 6709
f 6709 6737 6738 6710
f 6710 6738 6739 6711
f 6711 6739 6740 6712
f 6712 6740 6741 6713
f 6713 6741 6742 6714
f 6714 6742 6743 6715
f 6715 6743 6744 6716
f 6716 6744 6745 6717
f 6717 6745 6746 6718
f 6718 6746 6747 6719
f 6719 6747 6748 6720
f 6720 6748 6721 6693
f 6721 6749 6750 6722
f 6722 6750 6751 6723
f 6723 6751 6752 6724
f 6724 6752 6753 6725
f 6725 6753 6754 6726
f 6726 6754 6755 6727
f 6727 6755 6756 6728
f 6728 6756 6757 6729
f 6729 6757 6758 6730
f 6730 6758 6759 6731
f 6731 6759 6760 6732
f 6732 6760 6761 6733
f 6733 6761 6762 6734
f 6734 6762 6763 6735
f 6735 6763 6764 6736
f 6736 6764 6765 6737
f 6737 6765 6766 6738
f 6738 6766 6767 6739
f 6739 6767 6768 6740
f 6740 6768 6769 6741
f 6741 6769 6770 6742
f 6742 6770 6771 6743
f 6743 6771 6772 6744
f 6744 6772 6773 6745
f 6745 6773 6774 6746
f 6746 6774 6775 6747
f 6747 6775 6776 6748
f 6748 6776 6749 6721
f 6749 6777 6778 6750
f 6750 6778 6779 6751
f 6751 6779 6780 6752
f 6752 6780 6781 6753
f 6753 6781 6782 6754
f 6754 6782 6783 6755
f 6755 6783 6784 6756
f 6756 6784 6785 6757
f 6757 6785 6786 6758
f 6758 6786 6787 6759
f 6759 6787 6788 6760
f 6760 6788 6789 6761
f 6761 6789 6790 6762
f 6762 6790 6791 6763
f 6763 6791 6792 6764
f 6764 6792 6793 6765
f 6765 6793 6794 6766
f 6766 6794 6795 6767
f 6767 6795 6796 6768
f 6768 6796 6797 6769
f 6769 6797 6798 6770
f 6770 6798 6799 6771
f 6771 6799 6800 6772
f 6772 6800 6801 6773
f 6773 6801 6802 6774
f 6774 6802 6803 6775
f 6775 6803 6804 6776
f 6776 6804 6777 6749
f 6777 6805 6806 6778
f 6778 6806 6807 6779
f 6779 6807 6808 6780
f 6780 6808 6809 6781
f 6781 6809 6810 6782
f 6782 6810 6811 6783
f 6783 6811 6812 6784
f 6784 6812 6813 6785
f 6785 6813 6814 6786
f 6786 6814 6815 6787
f 6787 6815 6816 6788
f 6788 6816 6817 6789
f 6789 6817 6818 6790
f 6790 6818 6819 6791
f 6791 6819 6820 6792
f 6792 6820 6821 6793
f 6793 6821 6822 6794
f 6794 6822 6823 6795
f 6795 6823 6824 6796
f 6796 6824 6825 6797
f 6797 6825 6826 6798
f 6798 6826 6827 6799
f 6799 6827 6828 6800
f 6800 6828 6829 6801
f 6801 6829 6830 6802
f 6802 6830 6831 6803
f 6803 6831 6832 6804
f 6804 6832 6805 6777
f 6805 6833 6834 6806
f 6806 6834 6835 6807
f 6807 6835 6836 6808
f 6808 6836 6837 6809
f 6809 6837 6838 6810
f 6810 6838 6839 6811
f 6811 6839 6840 6812
f 6812 6840 6841 6813
f 6813 6841 6842 6814
f 6814 6842 6843 6815
f 6815 6843 6844 6816
f 6816 6844 6845 6817
f 6817 6845 6846 6818
f 6818 6846 6847 6819
f 6819 6847 6848 6820
f 6820 6848 6849 6821
f 6821 6849 6850 6822
f 6822 6850 6851 6823
f 6823 6851 6852 6824
f 6824 6852 6853 6825
f 6825 6853 6854 6826
f 6826 6854 6855 6827
f 6827 6855 6856 6828
f 6828 6856 6857 6829
f 6829 6857 6858 6830
f 6830 6858 6859 6831
f 6831 6859 6860 6832
f 6832 6860 6833 6805
f 6833 6861 6862 6834
f 6834 6862 6863 6835
f 6835 6863 6864 6836
f 6836 6864 6865 6837
f 6837 6865 6866 6838
f 6838 6866 6867 6839
f 6839 6867 6868 6840
f 6840 6868 6869 6841
f 6841 6869 6870 6842
f 6842 6870 6871 6843
f 6843 6871 6872 6844
f 6844 6872 6873 6845
f 6845 6873 6874 6846
f 6846 6874 6875 6847
f 6847 6875 6876 6848
f 6848 6876 6877 6849
f 6849 6877 6878 6850
f 6850 6878 6879 6851
f 6851 6879 6880 6852
f 6852 6880 6881 6853
f 6853 6881 6882 6854
f 6854 6882 6883 6855
f 6855 6883 6884 6856
f 6856 6884 6885 6857
f 6857 6885 6886 6858
f 6858 6886 6887 6859
f 6859 6887 6888 6860
f 6860 6888 6861 6833
f 6861 6889 6890 6862
f 6862 6890 6891 6863
f 6863 6891 6892 6864
f 6864 6892 6893 6865
f 6865 6893 6894 6866
f 6866 6894 6895 6867
f 6867 6895 6896 6868
f 6868 6896 6897 6869
f 6869 6897 6898 6870
f 6870 6898 6899 6871
f 6871 6899 6900 6872
f 6872 6900 6901 6873
f 6873 6901 6902 6874
f 6874 6902 6903 6875
f 6875 6903 6904 6876
f 6876 6904 6905 6877
f 6877 6905 6906 6878
f 6878 6906 6907 6879
f 6879 6907 6908 6880
f 6880 6908 6909 6881
f 6881 6909 6910 6882
f 6882 6910 6911 6883
f 6883 6911 6912 6884
f 6884 6912 6913 6885
f 6885 6913 6914 6886
f 6886 6914 6915 6887
f 6887 6915 6916 6888
f 6888 6916 6889 6861
f 6889 6917 6918 6890
f 6890 6918 6919 6891
f 6891 6919 6920 6892
f 6892 6920 6921 6893
f 6893 6921 6922 6894
f 6894 6922 6923 6895
f 6895 6923 6924 6896
f 6896 6924 6925 6897
f 6897 6925 6926 6898
f 6898 6926 6927 6899
f 6899 6927 6928 6900
f 6900 6928 6929 6901
f 6901 6929 6930 6902
f 6902 6930 6931 6903
f 6903 6931 6932 6904
f 6904 6932 6933 6905
f 6905 6933 6934 6906
f 6906 6934 6935 6907
f 6907 6935 6936 6908
f 6908 6936 6937 6909
f 6909 6937 6938 6910
f 6910 6938 6939 6911
f 6911 6939 6940 6912
f 6912 6940 6941 6913
f 6913 6941 6942 6914
f 6914 6942 6943 6915
f 6915 6943 6944 6916
f 6916 6944 6917 6889
f 6917 6945 6946 6918
f 6918 6946 6947 6919
f 6919 6947 6948 6920
f 6920 6948 6949 6921
f 6921 6949 6950 6922
f 6922 6950 6951 6923
f 6923 6951 6952 6924
f 6924 6952 6953 6925
f 6925 6953 6954 6926
f 6926 6954 6955 6927
f 6927 6955 6956 6928
f 6928 6956 6957 6929
f 6929 6957 6958 6930
f 6930 6958 6959 6931
f 6931 6959 6960 6932
f 6932 6960 6961 6933
f 6933 6961 6962 6934
f 6934 6962 6963 6935
f 6935 6963 6964 6936
f 6936 6964 6965 6937
f 6937 6965 6966 6938
f 6938 6966 6967 6939
f 6939 6967 6968 6940
f 6940 6968 6969 6941
f 6941 6969 6970 6942
f 6942 6970 6971 6943
f 6943 6971 6972 6944
f 6944 6972 6945 6917
f 6945 6973 6974 6946
f 6946 6974 6975 6947
f 6947 6975 6976 6948
f 6948 6976 6977 6949
f 6949 6977 6978 6950
f 6950 6978 6979 6951
f 6951 6979 6980 6952
f 6952 6980 6981 6953
f 6953 6981 6982 6954
f 6954 6982 6983 6955
f 6955 6983 6984 6956
f 6956 6984 6985 6957
f 6957 6985 6986 6958
f 6958 6986 6987 6959
f 6959 6987 6988 6960
f 6960 6988 6989 6961
f 6961 6989 6990 6962
f 6962 6990 6991 6963
f 6963 6991 6992 6964
f 6964 6992 6993 6965
f 6965 6993 6994 6966
f 6966 6994 6995 6967
f 6967 6995 6996 6968
f 6968 6996 6997 6969
f 6969 6997 6998 6970
f 6970 6998 6999 6971
f 6971 6999 7000 6972
f 6972 7000 6973 6945
f 6973 7001 7002 6974
f 6974 7002 7003 6975
f 6975 7003 7004 6976
f 6976 7004 7005 6977
f 6977 7005 7006 6978
f 6978 7006 7007 6979
f 6979 7007 7008 6980
f 6980 7008 7009 6981
f 6981 7009 7010 6982
f 6982 7010 7011 6983
f 6983 7011 7012 6984
f 6984 7012 7013 6985
f 6985 7013 7014 6986
f 6986 7014 7015 6987
f 6987 7015 7016 6988
f 6988 7016 7017 6989
f 6989 7017 7018 6990
f 6990 7018 7019 6991
f 6991 7019 7020 6992
f 6992 7020 7021 6993
f 6993 7021 7022 6994
f 6994 7022 7023 6995
f 6995 7023 7024 6996
f 6996 7024 7025 6997
f 6997 7025 7026 6998
f 6998 7026 7027 6999
f 6999 7027 7028 7000
f 7000 7028 7001 6973
f 7001 7029 7030 7002
f 7002 7030 7031 7003
f 7003 7031 7032 7004
f 7004 7032 7033 7005
f 7005 7033 7034 7006
f 7006 7034 7035 7007
f 7007 7035 7036 7008
f 7008 7036 7037 7009
f 7009 7037 7038 7010
f 7010 7038 7039 7011
f 7011 7039 7040 7012
f 7012 7040 7041 7013
f 7013 7041 7042 7014
f 7014 7042 7043 7015
f 7015 7043 7044 7016
f 7016 7044 7045 7017
f 7017 7045 7046 7018
f 7018 7046 7047 7019
f 7019 7047 7048 7020
f 7020 7048 7049 7021
f 7021 7049 7050 7022
f 7022 7050 7051 7023
f 7023 7051 7052 7024
f 7024 7052 7053 7025
f 7025 7053 7054 7026
f 7026 7054 7055 7027
f 7027 7055 7056 7028
f 7028 7056 7029 7001
f 7029 7057 7058 7030
f 7030 7058 7059 7031
f 7031 7059 7060 7032
f 7032 7060 7061 7033
f 7033 7061 7062 7034
f 7034 7062 7063 7035
f 7035 7063 7064 7036
f 7036 7064 7065 7037
f 7037 7065 7066 7038
f 7038 7066 7067 7039
f 7039 7067 7068 7040
f 7040 7068 7069 7041
f 7041 7069 7070 7042
f 7042 7070 7071 7043
f 7043 7071 7072 7044
f 7044 7072 7073 7045
f 7045 7073 7074 7046
f 7046 7074 7075 7047
f 7047 7075 7076 7048
f 7048 7076 7077 7049
f 7049 7077 7078 7050
f 7050 7078 7079 7051
f 7051 7079 7080 7052
f 7052 7080 7081 7053
f 7053 7081 7082 7054
f 7054 7082 7083 7055
f 7055 7083 7084 7056
f 7056 7084 7057 7029
f 7057 7085 7086 7058
f 7058 7086 7087 7059
f 7059 7087 7088 7060
f 7060 7088 7089 7061
f 7061 7089 7090 7062
f 7062 7090 7091 7063
f 7063 7091 7092 7064
f 7064 7092 7093 7065
f 7065 7093 7094 7066
f 7066 7094 7095 7067
f 7067 7095 7096 7068
f 7068 7096 7097 7069
f 7069 7097 7098 7070
f 7070 7098 7099 7071
f 7071 7099 7100 7072
f 7072 7100 7101 7073
f 7073 7101 7102 7074
f 7074 7102 7103 7075
f 7075 7103 7104 7076
f 7076 7104 7105 7077
f 7077 7105 7106 7078
f 7078 7106 7107 7079
f 7079 7107 7108 7080
f 7080 7108 7109 7081
f 7081 7109 7110 7082
f 7082 7110 7111 7083
f 7083 7111 7112 7084
f 7084 7112 7085 7057
f 7085 7113 7114 7086
f 7086 7114 7115 7087
f 7087 7115 7116 7088
f 7088 7116 7117 7089
f 7089 7117 7118 7090
f 7090 7118 7119 7091
f 7091 7119 7120 7092
f 7092 7120 7121 7093
f 7093 7121 7122 7094
f 7094 7122 7123 7095
f 7095 7123 7124 7096
f 7096 7124 7125 7097
f 7097 7125 7126 7098
f 7098 7126 7127 7099
f 7099 7127 7128 7100
f 7100 7128 7129 7101
f 7101 7129 7130 7102
f 7102 7130 7131 7103
f 7103 7131 7132 7104
f 7104 7132 7133 7105
f 7105 7133 7134 7106
f 7106 7134 7135 7107
f 7107 7135 7136 7108
f 7108 7136 7137 7109
f 7109 7137 7138 7110
f 7110 7138 7139 7111
f 7111 7139 7140 7112
f 7112 7140 7113 7085
f 7113 7141 7142 7114
f 7114 7142 7143 7115
f 7115 7143 7144 7116
f 7116 7144 7145 7117
f 7117 7145 7146 7118
f 7118 7146 7147 7119
f 7119 7147 7148 7120
f 7120 7148 7149 7121
f 7121 7149 7150 7122
f 7122 7150 7151 7123
f 7123 7151 7152 7124
f 7124 7152 7153 7125
f 7125 7153 7154 7126
f 7126 7154 7155 7127
f 7127 7155 7156 7128
f 7128 7156 7157 7129
f 7129 7157 7158 7130
f 7130 7158 7159 7131
f 7131 7159 7160 7132
f 7132 7160 7161 7133
f 7133 7161 7162 7134
f 7134 7162 7163 7135
f 7135 7163 7164 7136
f 7136 7164 7165 7137
f 7137 7165 7166 7138
f 7138 7166 7167 7139
f 7139 7167 7168 7140
f 7140 7168 7141 7113
f 7141 7169 7170 7142
f 7142 7170 7171 7143
f 7143 7171 7172 7144
f 7144 7172 7173 7145
f 7145 7173 7174 7146
f 7146 7174 7175 7147
f 7147 7175 7176 7148
f 7148 7176 7177 7149
f 7149 7177 7178 7150
f 7150 7178 7179 7151
f 7151 7179 7180 7152
f 7152 7180 7181 7153
f 7153 7181 7182 7154
f 7154 7182 7183 7155
f 7155 7183 7184 7156
f 7156 7184 7185 7157
f 7157 7185 7186 7158
f 7158 7186 7187 7159
f 7159 7187 7188 7160
f 7160 7188 7189 7161
f 7161 7189 7190 7162
f 7162 7190 7191 7163
f 7163 7191 7192 7164
f 7164 7192 7193 7165
f 7165 7193 7194 7166
f 7166 7194 7195 7167
f 7167 7195 7196 7168
f 7168 7196 7169 7141
f 7169 7197 7198 7170
f 7170 7198 7199 7171
f 7171 7199 7200 7172
f 7172 7200 7201 7173
f 7173 7201 7202 7174
f 7174 7202 7203 7175
f 7175 7203 7204 7176
f 7176 7204 7205 7177
f 7177 7205 7206 7178
f 7178 7206 7207 7179
f 7179 7207 7208 7180
f 7180 7208 7209 7181
f 7181 7209 7210 7182
f 7182 7210 7211 7183
f 7183 7211 7212 7184
f 7184 7212 7213 7185
f 7185 7213 7214 7186
f 7186 7214 7215 7187
f 7187 7215 7216 7188
f 7188 7216 7217 7189
f 7189 7217 7218 7190
f 7190 7218 7219 7191
f 7191 7219 7220 7192
f 7192 7220 7221 7193
f 7193 7221 7222 7194
f 7194 7222 7223 7195
f 7195 7223 7224 7196
f 7196 7224 7197 7169
f 7197 7225 7226 7198
f 7198 7226 7227 7199
f 7199 7227 7228 7200
f 7200 7228 7229 7201
f 7201 7229 7230 7202
f 7202 7230 7231 7203
f 7203 7231 7232 7204
f 7204 7232 7233 7205
f 7205 7233 7234 7206
f 7206 7234 7235 7207
f 7207 7235 7236 7208
f 7208 7236 7237 7209
f 7209 7237 7238 7210
f 7210 7238 7239 7211
f 7211 7239 7240 7212
f 7212 7240 7241 7213
f 7213 7241 7242 7214
f 7214 7242 7243 7215
f 7215 7243 7244 7216
f 7216 7244 7245 7217
f 7217 7245 7246 7218
f 7218 7246 7247 7219
f 7219 7247 7248 7220
f 7220 7248 7249 7221
f 7221 7249 7250 7222
f 7222 7250 7251 7223
f 7223 7251 7252 7224
f 7224 7252 7225 7197
f 7225 7253 7254 7226
f 7226 7254 7255 7227
f 7227 7255 7256 7228
f 7228 7256 7257 7229
f 7229 7257 7258 7230
f 7230 7258 7259 7231
f 7231 7259 7260 7232
f 7232 7260 7261 7233
f 7233 7261 7262 7234
f 7234 7262 7263 7235
f 7235 7263 7264 7236
f 7236 7264 7265 7237
f 7237 7265 7266 7238
f 7238 7266 7267 7239
f 7239 7267 7268 7240
f 7240 7268 7269 7241
f 7241 7269 7270 7242
f 7242 7270 7271 7243
f 7243 7271 7272 7244
f 7244 7272 7273 7245
f 7245 7273 7274 7246
f 7246 7274 7275 7247
f 7247 7275 7276 7248
f 7248 7276 7277 7249
f 7249 7277 7278 7250
f 7250 7278 7279 7251
f 7251 7279 7280 7252
f 7252 7280 7253 7225
f 7253 7281 7282 7254
f 7254 7282 7283 7255
f 7255 7283 7284 7256
f 7256 7284 7285 7257
f 7257 7285 7286 7258
f 7258 7286 7287 7259
f 7259 7287 7288 7260
f 7260 7288 7289 7261
f 7261 7289 7290 7262
f 7262 7290 7291 7263
f 7263 7291 7292 7264
f 7264 7292 7293 7265
f 7265 7293 7294 7266
f 7266 7294 7295 7267
f 7267 7295 7296 7268
f 7268 7296 7297 7269
f 7269 7297 7298 7270
f 7270 7298 7299 7271
f 7271 7299 7300 7272
f 7272 7300 7301 7273
f 7273 7301 7302 7274
f 7274 7302 7303 7275
f 7275 7303 7304 7276
f 7276 7304 7305 7277
f 7277 7305 7306 7278
f 7278 7306 7307 7279
f 7279 7307 7308 7280
f 7280 7308 7281 7253
f 7281 7309 7310 7282
f 7282 7310 7311 7283
f 7283 7311 7312 7284
f 7284 7312 7313 7285
f 7285 7313 7314 7286
f 7286 7314 7315 7287
f 7287 7315 7316 7288
f 7288 7316 7317 7289
f 7289 7317 7318 7290
f 7290 7318 7319 7291
f 7291 7319 7320 7292
f 7292 7320 7321 7293
f 7293 7321 7322 7294
f 7294 7322 7323 7295
f 7295 7323 7324 7296
f 7296 7324 7325 7297
f 7297 7325 7326 7298
f 7298 7326 7327 7299
f 7299 7327 7328 7300
f 7300 7328 7329 7301
f 7301 7329 7330 7302
f 7302 7330 7331 7303
f 7303 7331 7332 7304
f 7304 7332 7333 7305
f 7305 7333 7334 7306
f 7306 7334 7335 7307
f 7307 7335 7336 7308
f 7308 7336 7309 7281
f 7309 7337 7338 7310
f 7310 7338 7339 7311
f 7311 7339 7340 7312
f 7312 7340 7341 7313
f 7313 7341 7342 7314
f 7314 7342 7343 7315
f 7315 7343 7344 7316
f 7316 7344 7345 7317
f 7317 7345 7346 7318
f 7318 7346 7347 7319
f 7319 7347 7348 7320
f 7320 7348 7349 7321
f 7321 7349 7350 7322
f 7322 7350 7351 7323
f 7323 7351 7352 7324
f 7324 7352 7353 7325
f 7325 7353 7354 7326
f 7326 7354 7355 7327
f 7327 7355 7356 7328
f 7328 7356 7357 7329
f 7329 7357 7358 7330
f 7330 7358 7359 7331
f 7331 7359 7360 7332
f 7332 7360 7361 7333
f 7333 7361 7362 7334
f 7334 7362 7363 7335
f 7335 7363 7364 7336
f 7336 7364 7337 7309
f 7337 7365 7366 7338
f 7338 7366 7367 7339
f 7339 7367 7368 7340
f 7340 7368 7369 7341
f 7341 7369 7370 7342
f 7342 7370 7371 7343
f 7343 7371 7372 7344
f 7344 7372 7373 7345
f 7345 7373 7374 7346
f 7346 7374 7375 7347
f 7347 7375 7376 7348
f 7348 7376 7377 7349
f 7349 7377 7378 7350
f 7350 7378 7379 7351
f 7351 7379 7380 7352
f 7352 7380 7381 7353
f 7353 7381 7382 7354
f 7354 7382 7383 7355
f 7355 7383 7384 7356
f 7356 7384 7385 7357
f 7357 7385 7386 7358
f 7358 7386 7387 7359
f 7359 7387 7388 7360
f 7360 7388 7389 7361
f 7361 7389 7390 7362
f 7362 7390 7391 7363
f 7363 7391 7392 7364
f 7364 7392 7365 7337
f 7365 7393 7394 7366
f 7366 7394 7395 7367
f 7367 7395 7396 7368
f 7368 7396 7397 7369
f 7369 7397 7398 7370
f 7370 7398 7399 7371
f 7371 7399 7400 7372
f 7372 7400 7401 7373
f 7373 7401 7402 7374
f 7374 7402 7403 7375
f 7375 7403 7404 7376
f 7376 7404 7405 7377
f 7377 7405 7406 7378
f 7378 7406 7407 7379
f 7379 7407 7408 7380
f 7380 7408 7409 7381
f 7381 7409 7410 7382
f 7382 7410 7411 7383
f 7383 7411 7412 7384
f 7384 7412 7413 7385
f 7385 7413 7414 7386
f 7386 7414 7415 7387
f 7387 7415 7416 7388
f 7388 7416 7417 7389
f 7389 7417 7418 7390
f 7390 7418 7419 7391
f 7391 7419 7420 7392
f 7392 7420 7393 7365
f 7393 7421 7422 7394
f 7394 7422 7423 7395
f 7395 7423 7424 7396
f 7396 7424 7425 7397
f 7397 7425 7426 7398
f 7398 7426 7427 7399
f 7399 7427 7428 7400
f 7400 7428 7429 7401
f 7401 7429 7430 7402
f 7402 7430 7431 7403
f 7403 7431 7432 7404
f 7404 7432 7433 7405
f 7405 7433 7434 7406
f 7406 7434 7435 7407
f 7407 7435 7436 7408
f 7408 7436 7437 7409
f 7409 7437 7438 7410
f 7410 7438 7439 7411
f 7411 7439 7440 7412
f 7412 7440 7441 7413
f 7413 7441 7442 7414
f 7414 7442 7443 7415
f 7415 7443 7444 7416
f 7416 7444 7445 7417
f 7417 7445 7446 7418
f 7418 7446 7447 7419
f 7419 7447 7448 7420
f 7420 7448 7421 7393
f 7421 7449 7450 7422
f 7422 7450 7451 7423
f 7423 7451 7452 7424
f 7424 7452 7453 7425
f 7425 7453 7454 7426
f 7426 7454 7455 7427
f 7427 7455 7456 7428
f 7428 7456 7457 7429
f 7429 7457 7458 7430
f 7430 7458 7459 7431
f 7431 7459 7460 7432
f 7432 7460 7461 7433
f 7433 7461 7462 7434
f 7434 7462 7463 7435
f 7435 7463 7464 7436
f 7436 7464 7465 7437
f 7437 7465 7466 7438
f 7438 7466 7467 7439
f 7439 7467 7468 7440
f 7440 7468 7469 7441
f 7441 7469 7470 7442
f 7442 7470 7471 7443
f 7443 7471 7472 7444
f 7444 7472 7473 7445
f 7445 7473 7474 7446
f 7446 7474 7475 7447
f 7447 7475 7476 7448
f 7448 7476 7449 7421
f 7449 7477 7478 7450
f 7450 7478 7479 7451
f 7451 7479 7480 7452
f 7452 7480 7481 7453
f 7453 7481 7482 7454
f 7454 7482 7483 7455
f 7455 7483 7484 7456
f 7456 7484 7485 7457
f 7457 7485 7486 7458
f 7458 7486 7487 7459
f 7459 7487 7488 7460
f 7460 7488 7489 7461
f 7461 7489 7490 7462
f 7462 7490 7491 7463
f 7463 7491 7492 7464
f 7464 7492 7493 7465
f 7465 7493 7494 7466
f 7466 7494 7495 7467
f 7467 7495 7496 7468
f 7468 7496 7497 7469
f 7469 7497 7498 7470
f 7470 7498 7499 7471
f 7471 7499 7500 7472
f 7472 7500 7501 7473
f 7473 7501 7502 7474
f 7474 7502 7503 7475
f 7475 7503 7504 7476
f 7476 7504 7477 7449
f 7477 7505 7506 7478
f 7478 7506 7507 7479
f 7479 7507 7508 7480
f 7480 7508 7509 7481
f 7481 7509 7510 7482
f 7482 7510 7511 7483
f 7483 7511 7512 7484
f 7484 7512 7513 7485
f 7485 7513 7514 7486
f 7486 7514 7515 7487
f 7487 7515 7516 7488
f 7488 7516 7517 7489
f 7489 7517 7518 7490
f 7490 7518 7519 7491
f 7491 7519 7520 7492
f 7492 7520 7521 7493
f 7493 7521 7522 7494
f 7494 7522 7523 7495
f 7495 7523 7524 7496
f 7496 7524 7525 7497
f 7497 7525 7526 7498
f 7498 7526 7527 7499
f 7499 7527 7528 7500
f 7500 7528 7529 7501
f 7501 7529 7530 7502
f 7502 7530 7531 7503
f 7503 7531 7532 7504
f 7504 7532 7505 7477
f 7505 7533 7534 7506
f 7506 7534 7535 7507
f 7507 7535 7536 7508
f 7508 7536 7537 7509
f 7509 7537 7538 7510
f 7510 7538 7539 7511
f 7511 7539 7540 7512
f 7512 7540 7541 7513
f 7513 7541 7542 7514
f 7514 7542 7543 7515
f 7515 7543 7544 7516
f 7516 7544 7545 7517
f 7517 7545 7546 7518
f 7518 7546 7547 7519
f 7519 7547 7548 7520
f 7520 7548 7549 7521
f 7521 7549 7550 7522
f 7522 7550 7551 7523
f 7523 7551 7552 7524
f 7524 7552 7553 7525
f 7525 7553 7554 7526
f 7526 7554 7555 7527
f 7527 7555 7556 7528
f 7528 7556 7557 7529
f 7529 7557 7558 7530
f 7530 7558 7559 7531
f 7531 7559 7560 7532
f 7532 7560 7533 7505
f 7533 7561 7562 7534
f 7534 7562 7563 7535
f 7535 7563 7564 7536
f 7536 7564 7565 7537
f 7537 7565 7566 7538
f 7538 7566 7567 7539
f 7539 7567 7568 7540
f 7540 7568 7569 7541
f 7541 7569 7570 7542
f 7542 7570 7571 7543
f 7543 7571 7572 7544
f 7544 7572 7573 7545
f 7545 7573 7574 7546
f 7546 7574 7575 7547
f 7547 7575 7576 7548
f 7548 7576 7577 7549
f 7549 7577 7578 7550
f 7550 7578 7579 7551
f 7551 7579 7580 7552
f 7552 7580 7581 7553
f 7553 7581 7582 7554
f 7554 7582 7583 7555
f 7555 7583 7584 7556
f 7556 7584 7585 7557
f 7557 7585 7586 7558
f 7558 7586 7587 7559
f 7559 7587 7588 7560
f 7560 7588 7561 7533
f 7561 7589 7590 7562
f 7562 7590 7591 7563
f 7563 7591 7592 7564
f 7564 7592 7593 7565
f 7565 7593 7594 7566
f 7566 7594 7595 7567
f 7567 7595 7596 7568
f 7568 7596 7597 7569
f 7569 7597 7598 7570
f 7570 7598 7599 7571
f 7571 7599 7600 7572
f 7572 7600 7601 7573
f 7573 7601 7602 7574
f 7574 7602 7603 7575
f 7575 7603 7604 7576
f 7576 7604 7605 7577
f 7577 7605 7606 7578
f 7578 7606 7607 7579
f 7579 7607 7608 7580
f 7580 7608 7609 7581
f 7581 7609 7610 7582
f 7582 7610 7611 7583
f 7583 7611 7612 7584
f 7584 7612 7613 7585
f 7585 7613 7614 7586
f 7586 7614 7615 7587
f 7587 7615 7616 7588
f 7588 7616 7589 7561
f 7589 7617 7618 7590
f 7590 7618 7619 7591
f 7591 7619 7620 7592
f 7592 7620 7621 7593
f 7593 7621 7622 7594
f 7594 7622 7623 7595
f 7595 7623 7624 7596
f 7596 7624 7625 7597
f 7597 7625 7626 7598
f 7598 7626 7627 7599
f 7599 7627 7628 7600
f 7600 7628 7629 7601
f 7601 7629 7630 7602
f 7602 7630 7631 7603
f 7603 7631 7632 7604
f 7604 7632 7633 7605
f 7605 7633 7634 7606
f 7606 7634 7635 7607
f 7607 7635 7636 7608
f 7608 7636 7637 7609
f 7609 7637 7638 7610
f 7610 7638 7639 7611
f 7611 7639 7640 7612
f 7612 7640 7641 7613
f 7613 7641 7642 7614
f 7614 7642 7643 7615
f 7615 7643 7644 7616
f 7616 7644 7617 7589
f 7617 7645 7646 7618
f 7618 7646 7647 7619
f 7619 7647 7648 7620
f 7620 7648 7649 7621
f 7621 7649 7650 7622
f 7622 7650 7651 7623
f 7623 7651 7652 7624
f 7624 7652 7653 7625
f 7625 7653 7654 7626
f 7626 7654 7655 7627
f 7627 7655 7656 7628
f 7628 7656 7657 7629
f 7629 7657 7658 7630
f 7630 7658 7659 7631
f 7631 7659 7660 7632
f 7632 7660 7661 7633
f 7633 7661 7662 7634
f 7634 7662 7663 7635
f 7635 7663 7664 7636
f 7636 7664 7665 7637
f 7637 7665 7666 7638
f 7638 7666 7667 7639
f 7639 7667 7668 7640
f 7640 7668 7669 7641
f 7641 7669 7670 7642
f 7642 7670 7671 7643
f 7643 7671 7672 7644
f 7644 7672 7645 7617
f 7645 7673 7674 7646
f 7646 7674 7675 7647
f 7647 7675 7676 7648
f 7648 7676 7677 7649
f 7649 7677 7678 7650
f 7650 7678 7679 7651
f 7651 7679 7680 7652
f 7652 7680 7681 7653
f 7653 7681 7682 7654
f 7654 7682 7683 7655
f 7655 7683 7684 7656
f 7656 7684 7685 7657
f 7657 7685 7686 7658
f 7658 7686 7687 7659
f 7659 7687 7688 7660
f 7660 7688 7689 7661
f 7661 7689 7690 7662
f 7662 7690 7691 7663
f 7663 7691 7692 7664
f 7664 7692 7693 7665
f 7665 7693 7694 7666
f 7666 7694 7695 7667
f 7667 7695 7696 7668
f 7668 7696 7697 7669
f 7669 7697 7698 7670
f 7670 7698 7699 7671
f 7671 7699 7700 7672
f 7672 7700 7673 7645
f 7673 7701 7702 7674
f 7674 7702 7703 7675
f 7675 7703 7704 7676
f 7676 7704 7705 7677
f 7677 7705 7706 7678
f 7678 7706 7707 7679
f 7679 7707 7708 7680
f 7680 7708 7709 7681
f 7681 7709 7710 7682
f 7682 7710 7711 7683
f 7683 7711 7712 7684
f 7684 7712 7713 7685
f 7685 7713 7714 7686
f 7686 7714 7715 7687
f 7687 7715 7716 7688
f 7688 7716 7717 7689
f 7689 7717 7718 7690
f 7690 7718 7719 7691
f 7691 7719 7720 7692
f 7692 7720 7721 7693
f 7693 7721 7722 7694
f 7694 7722 7723 7695
f 7695 7723 7724 7696
f 7696 7724 7725 7697
f 7697 7725 7726 7698
f 7698 7726 7727 7699
f 7699 7727 7728 7700
f 7700 7728 7701 7673
f 7701 7729 7730 7702
f 7702 7730 7731 7703
f 7703 7731 7732 7704
f 7704 7732 7733 7705
f 7705 7733 7734 7706
f 7706 7734 7735 7707
f 7707 7735 7736 7708
f 7708 7736 7737 7709
f 7709 7737 7738 7710
f 7710 7738 7739 7711
f 7711 7739 7740 7712
f 7712 7740 7741 7713
f 7713 7741 7742 7714
f 7714 7742 7743 7715
f 7715 7743 7744 7716
f 7716 7744 7745 7717
f 7717 7745 7746 7718
f 7718 7746 7747 7719
f 7719 7747 7748 7720
f 7720 7748 7749 7721
f 7721 7749 7750 7722
f 7722 7750 7751 7723
f 7723 7751 7752 7724
f 7724 7752 7753 7725
f 7725 7753 7754 7726
f 7726 7754 7755 7727
f 7727 7755 7756 7728
f 7728 7756 7729 7701
f 7729 7757 7758 7730
f 7730 7758 7759 7731
f 7731 7759 7760 7732
f 7732 7760 7761 7733
f 7733 7761 7762 7734
f 7734 7762 7763 7735
f 7735 7763 7764 7736
f 7736 7764 7765 7737
f 7737 7765 7766 7738
f 7738 7766 7767 7739
f 7739 7767 7768 7740
f 7740 7768 7769 7741
f 7741 7769 7770 7742
f 7742 7770 7771 7743
f 7743 7771 7772 7744
f 7744 7772 7773 7745
f 7745 7773 7774 7746
f 7746 7774 7775 7747
f 7747 7775 7776 7748
f 7748 7776 7777 7749
f 7749 7777 7778 7750
f 7750 7778 7779 7751
f 7751 7779 7780 7752
f 7752 7780 7781 7753
f 7753 7781 7782 7754
f 7754 7782 7783 7755
f 7755 7783 7784 7756
f 7756 7784 7757 7729
f 7757 7785 7786 7758
f 7758 7786 7787 7759
f 7759 7787 7788 7760
f 7760 7788 7789 7761
f 7761 7789 7790 7762
f 7762 7790 7791 7763
f 7763 7791 7792 7764
f 7764 7792 7793 7765
f 7765 7793 7794 7766
f 7766 7794 7795 7767
f 7767 7795 7796 7768
f 7768 7796 7797 7769
f 7769 7797 7798 7770
f 7770 7798 7799 7771
f 7771 7799 7800 7772
f 7772 7800 7801 7773
f 7773 7801 7802 7774
f 7774 7802 7803 7775
f 7775 7803 7804 7776
f 7776 7804 7805 7777
f 7777 7805 7806 7778
f 7778 7806 7807 7779
f 7779 7807 7808 7780
f 7780 7808 7809 7781
f 7781 7809 7810 7782
f 7782 7810 7811 7783
f 7783 7811 7812 7784
f 7784 7812 7785 7757
f 7785 7813 7814 7786
f 7786 7814 7815 7787
f 7787 7815 7816 7788
f 7788 7816 7817 7789
f 7789 7817 7818 7790
f 7790 7818 7819 7791
f 7791 7819 7820 7792
f 7792 7820 7821 7793
f 7793 7821 7822 7794
f 7794 7822 7823 7795
f 7795 7823 7824 7796
f 7796 7824 7825 7797
f 7797 7825 7826 7798
f 7798 7826 7827 7799
f 7799 7827 7828 7800
f 7800 7828 7829 7801
f 7801 7829 7830 7802
f 7802 7830 7831 7803
f 7803 7831 7832 7804
f 7804 7832 7833 7805
f 7805 7833 7834 7806
f 7806 7834 7835 7807
f 7807 7835 7836 7808
f 7808 7836 7837 7809
f 7809 7837 7838 7810
f 7810 7838 7839 7811
f 7811 7839 7840 7812
f 7812 7840 7813 7785
f 7813 7841 7842 7814
f 7814 7842 7843 7815
f 7815 7843 7844 7816
f 7816 7844 7845 7817
f 7817 7845 7846 7818
f 7818 7846 7847 7819
f 7819 7847 7848 7820
f 7820 7848 7849 7821
f 7821 7849 7850 7822
f 7822 7850 7851 7823
f 7823 7851 7852 7824
f 7824 7852 7853 7825
f 7825 7853 7854 7826
f 7826 7854 7855 7827
f 7827 7855 7856 7828
f 7828 7856 7857 7829
f 7829 7857 7858 7830
f 7830 7858 7859 7831
f 7831 7859 7860 7832
f 7832 7860 7861 7833
f 7833 7861 7862 7834
f 7834 7862 7863 7835
f 7835 7863 7864 7836
f 7836 7864 7865 7837
f 7837 7865 7866 7838
f 7838 7866 7867 7839
f 7839 7867 7868 7840
f 7840 7868 7841 7813
f 7841 7869 7870 7842
f 7842 7870 7871 7843
f 7843 7871 7872 7844
f 7844 7872 7873 7845
f 7845 7873 7874 7846
f 7846 7874 7875 7847
f 7847 7875 7876 7848
f 7848 7876 7877 7849
f 7849 7877 7878 7850
f 7850 7878 7879 7851
f 7851 7879 7880 7852
f 7852 7880 7881 7853
f 7853 7881 7882 7854
f 7854 7882 7883 7855
f 7855 7883 7884 7856
f 7856 7884 7885 7857
f 7857 7885 7886 7858
f 7858 7886 7887 7859
f 7859 7887 7888 7860
f 7860 7888 7889 7861
f 7861 7889 7890 7862
f 7862 7890 7891 7863
f 7863 7891 7892 7864
f 7864 7892 7893 7865
f 7865 7893 7894 7866
f 7866 7894 7895 7867
f 7867 7895 7896 7868
f 7868 7896 7869 7841
f 7869 7897 7898 7870
f 7870 7898 7899 7871
f 7871 7899 7900 7872
f 7872 7900 7901 7873
f 7873 7901 7902 7874
f 7874 7902 7903 7875
f 7875 7903 7904 7876
f 7876 7904 7905 7877
f 7877 7905 7906 7878
f 7878 7906 7907 7879
f 7879 7907 7908 7880
f 7880 7908 7909 7881
f 7881 7909 7910 7882
f 7882 7910 7911 7883
f 7883 7911 7912 7884
f 7884 7912 7913 7885
f 7885 7913 7914 7886
f 7886 7914 7915 7887
f 7887 7915 7916 7888
f 7888 7916 7917 7889
f 7889 7917 7918 7890
f 7890 7918 7919 7891
f 7891 7919 7920 7892
f 7892 7920 7921 7893
f 7893 7921 7922 7894
f 7894 7922 7923 7895
f 7895 7923 7924 7896
f 7896 7924 7897 7869
f 7897 7925 7926 7898
f 7898 7926 7927 7899
f 7899 7927 7928 7900
f 7900 7928 7929 7901
f 7901 7929 7930 7902
f 7902 7930 7931 7903
f 7903 7931 7932 7904
f 7904 7932 7933 7905
f 7905 7933 7934 7906
f 7906 7934 7935 7907
f 7907 7935 7936 7908
f 7908 7936 7937 7909
f 7909 7937 7938 7910
f 7910 7938 7939 7911
f 7911 7939 7940 7912
f 7912 7940 7941 7913
f 7913 7941 7942 7914
f 7914 7942 7943 7915
f 7915 7943 7944 7916
f 7916 7944 7945 7917
f 7917 7945 7946 7918
f 7918 7946 7947 7919
f 7919 7947 7948 7920
f 7920 7948 7949 7921
f 7921 7949 7950 7922
f 7922 7950 7951 7923
f 7923 7951 7952 7924
f 7924 7952 7925 7897
f 7925 7953 7954 7926
f 7926 7954 7955 7927
f 7927 7955 7956 7928
f 7928 7956 7957 7929
f 7929 7957 7958 7930
f 7930 7958 7959 7931
f 7931 7959 7960 7932
f 7932 7960 7961 7933
f 7933 7961 7962 7934
f 7934 7962 7963 7935
f 7935 7963 7964 7936
f 7936 7964 7965 7937
f 7937 7965 7966 7938
f 7938 7966 7967 7939
f 7939 7967 7968 7940
f 7940 7968 7969 7941
f 7941 7969 7970 7942
f 7942 7970 7971 7943
f 7943 7971 7972 7944
f 7944 7972 7973 7945
f 7945 7973 7974 7946
f 7946 7974 7975 7947
f 7947 7975 7976 7948
f 7948 7976 7977 7949
f 7949 7977 7978 7950
f 7950 7978 7979 7951
f 7951 7979 7980 7952
f 7952 7980 7953 7925
f 7953 7981 7982 7954
f 7954 7982 7983 7955
f 7955 7983 7984 7956
f 7956 7984 7985 7957
f 7957 7985 7986 7958
f 7958 7986 7987 7959
f 7959 7987 7988 7960
f 7960 7988 7989 7961
f 7961 7989 7990 7962
f 7962 7990 7991 7963
f 7963 7991 7992 7964
f 7964 7992 7993 7965
f 7965 7993 7994 7966
f 7966 7994 7995 7967
f 7967 7995 7996 7968
f 7968 7996 7997 7969
f 7969 7997 7998 7970
f 7970 7998 7999 7971
f 7971 7999 8000 7972
f 7972 8000 8001 7973
f 7973 8001 8002 7974
f 7974 8002 8003 7975
f 7975 8003 8004 7976
f 7976 8004 8005 7977
f 7977 8005 8006 7978
f 7978 8006 8007 7979
f 7979 8007 8008 7980
f 7980 8008 7981 7953
f 7981 8009 8010 7982
f 7982 8010 8011 7983
f 7983 8011 8012 7984
f 7984 8012 8013 7985
f 7985 8013 8014 7986
f 7986 8014 8015 7987
f 7987 8015 8016 7988
f 7988 8016 8017 7989
f 7989 8017 8018 7990
f 7990 8018 8019 7991
f 7991 8019 8020 7992
f 7992 8020 8021 7993
f 7993 8021 8022 7994
f 7994 8022 8023 7995
f 7995 8023 8024 7996
f 7996 8024 8025 7997
f 7997 8025 8026 7998
f 7998 8026 8027 7999
f 7999 8027 8028 8000
f 8000 8028 8029 8001
f 8001 8029 8030 8002
f 8002 8030 8031 8003
f 8003 8031 8032 8004
f 8004 8032 8033 8005
f 8005 8033 8034 8006
f 8006 8034 8035 8007
f 8007 8035 8036 8008
f 8008 8036 8009 7981
f 8009 8037 8038 8010
f 8010 8038 8039 8011
f 8011 8039 8040 8012
f 8012 8040 8041 8013
f 8013 8041 8042 8014
f 8014 8042 8043 8015
f 8015 8043 8044 8016
f 8016 8044 8045 8017
f 8017 8045 8046 8018
f 8018 8046 8047 8019
f 8019 8047 8048 8020
f 8020 8048 8049 8021
f 8021 8049 8050 8022
f 8022 8050 8051 8023
f 8023 8051 8052 8024
f 8024 8052 8053 8025
f 8025 8053 8054 8026
f 8026 8054 8055 8027
f 8027 8055 8056 8028
f 8028 8056 8057 8029
f 8029 8057 8058 8030
f 8030 8058 8059 8031
f 8031 8059 8060 8032
f 8032 8060 8061 8033
f 8033 8061 8062 8034
f 8034 8062 8063 8035
f 8035 8063 8064 8036
f 8036 8064 8037 8009
f 8037 8065 8066 8038
f 8038 8066 8067 8039
f 8039 8067 8068 8040
f 8040 8068 8069 8041
f 8041 8069 8070 8042
f 8042 8070 8071 8043
f 8043 8071 8072 8044
f 8044 8072 8073 8045
f 8045 8073 8074 8046
f 8046 8074 8075 8047
f 8047 8075 8076 8048
f 8048 8076 8077 8049
f 8049 8077 8078 8050
f 8050 8078 8079 8051
f 8051 8079 8080 8052
f 8052 8080 8081 8053
f 8053 8081 8082 8054
f 8054 8082 8083 8055
f 8055 8083 8084 8056
f 8056 8084 8085 8057
f 8057 8085 8086 8058
f 8058 8086 8087 8059
f 8059 8087 8088 8060
f 8060 8088 8089 8061
f 8061 8089 8090 8062
f 8062 8090 8091 8063
f 8063 8091 8092 8064
f 8064 8092 8065 8037
f 8065 8093 8094 8066
f 8066 8094 8095 8067
f 8067 8095 8096 8068
f 8068 8096 8097 8069
f 8069 8097 8098 8070
f 8070 8098 8099 8071
f 8071 8099 8100 8072
f 8072 8100 8101 8073
f 8073 8101 8102 8074
f 8074 8102 8103 8075
f 8075 8103 8104 8076
f 8076 8104 8105 8077
f 8077 8105 8106 8078
f 8078 8106 8107 8079
f 8079 8107 8108 8080
f 8080 8108 8109 8081
f 8081 8109 8110 8082
f 8082 8110 8111 8083
f 8083 8111 8112 8084
f 8084 8112 8113 8085
f 8085 8113 8114 8086
f 8086 8114 8115 8087
f 8087 8115 8116 8088
f 8088 8116 8117 8089
f 8089 8117 8118 8090
f 8090 8118 8119 8091
f 8091 8119 8120 8092
f 8092 8120 8093 8065
f 8093 8121 8122 8094
f 8094 8122 8123 8095
f 8095 8123 8124 8096
f 8096 8124 8125 8097
f 8097 8125 8126 8098
f 8098 8126 8127 8099
f 8099 8127 8128 8100
f 8100 8128 8129 8101
f 8101 8129 8130 8102
f 8102 8130 8131 8103
f 8103 8131 8132 8104
f 8104 8132 8133 8105
f 8105 8133 8134 8106
f 8106 8134 8135 8107
f 8107 8135 8136 8108
f 8108 8136 8137 8109
f 8109 8137 8138 8110
f 8110 8138 8139 8111
f 8111 8139 8140 8112
f 8112 8140 8141 8113
f 8113 8141 8142 8114
f 8114 8142 8143 8115
f 8115 8143 8144 8116
f 8116 8144 8145 8117
f 8117 8145 8146 8118
f 8118 8146 8147 8119
f 8119 8147 8148 8120
f 8120 8148 8121 8093
f 8121 8149 8150 8122
f 8122 8150 8151 8123
f 8123 8151 8152 8124
f 8124 8152 8153 8125
f 8125 8153 8154 8126
f 8126 8154 8155 8127
f 8127 8155 8156 8128
f 8128 8156 8157 8129
f 8129 8157 8158 8130
f 8130 8158 8159 8131
f 8131 8159 8160 8132
f 8132 8160 8161 8133
f 8133 8161 8162 8134
f 8134 8162 8163 8135
f 8135 8163 8164 8136
f 8136 8164 8165 8137
f 8137 8165 8166 8138
f 8138 8166 8167 8139
f 8139 8167 8168 8140
f 8140 8168 8169 8141
f 8141 8169 8170 8142
f 8142 8170 8171 8143
f 8143 8171 8172 8144
f 8144 8172 8173 8145
f 8145 8173 8174 8146
f 8146 8174 8175 8147
f 8147 8175 8176 8148
f 8148 8176 8149 8121
f 8149 8177 8178 8150
f 8150 8178 8179 8151
f 8151 8179 8180 8152
f 8152 8180 8181 8153
f 8153 8181 8182 8154
f 8154 8182 8183 8155
f 8155 8183 8184 8156
f 8156 8184 8185 8157
f 8157 8185 8186 8158
f 8158 8186 8187 8159
f 8159 8187 8188 8160
f 8160 8188 8189 8161
f 8161 8189 8190 8162
f 8162 8190 8191 8163
f 8163 8191 8192 8164
f 8164 8192 8193 8165
f 8165 8193 8194 8166
f 8166 8194 8195 8167
f 8167 8195 8196 8168
f 8168 8196 8197 8169
f 8169 8197 8198 8170
f 8170 8198 8199 8171
f 8171 8199 8200 8172
f 8172 8200 8201 8173
f 8173 8201 8202 8174
f 8174 8202 8203 8175
f 8175 8203 8204 8176
f 8176 8204 8177 8149
f 8177 8205 8206 8178
f 8178 8206 8207 8179
f 8179 8207 8208 8180
f 8180 8208 8209 8181
f 8181 8209 8210 8182
f 8182 8210 8211 8183
f 8183 8211 8212 8184
f 8184 8212 8213 8185
f 8185 8213 8214 8186
f 8186 8214 8215 8187
f 8187 8215 8216 8188
f 8188 8216 8217 8189
f 8189 8217 8218 8190
f 8190 8218 8219 8191
f 8191 8219 8220 8192
f 8192 8220 8221 8193
f 8193 8221 8222 8194
f 8194 8222 8223 8195
f 8195 8223 8224 8196
f 8196 8224 8225 8197
f 8197 8225 8226 8198
f 8198 8226 8227 8199
f 8199 8227 8228 8200
f 8200 8228 8229 8201
f 8201 8229 8230 8202
f 8202 8230 8231 8203
f 8203 8231 8232 8204
f 8204 8232 8205 8177
f 8205 8233 8234 8206
f 8206 8234 8235 8207
f 8207 8235 8236 8208
f 8208 8236 8237 8209
f 8209 8237 8238 8210
f 8210 8238 8239 8211
f 8211 8239 8240 8212
f 8212 8240 8241 8213
f 8213 8241 8242 8214
f 8214 8242 8243 8215
f 8215 8243 8244 8216
f 8216 8244 8245 8217
f 8217 8245 8246 8218
f 8218 8246 8247 8219
f 8219 8247 8248 8220
f 8220 8248 8249 8221
f 8221 8249 8250 8222
f 8222 8250 8251 8223
f 8223 8251 8252 8224
f 8224 8252 8253 8225
f 8225 8253 8254 8226
f 8226 8254 8255 8227
f 8227 8255 8256 8228
f 8228 8256 8257 8229
f 8229 8257 8258 8230
f 8230 8258 8259 8231
f 8231 8259 8260 8232
f 8232 8260 8233 8205
f 8233 8261 8262 8234
f 8234 8262 8263 8235
f 8235 8263 8264 8236
f 8236 8264 8265 8237
f 8237 8265 8266 8238
f 8238 8266 8267 8239
f 8239 8267 8268 8240
f 8240 8268 8269 8241
f 8241 8269 8270 8242
f 8242 8270 8271 8243
f 8243 8271 8272 8244
f 8244 8272 8273 8245
f 8245 8273 8274 8246
f 8246 8274 8275 8247
f 8247 8275 8276 8248
f 8248 8276 8277 8249
f 8249 8277 8278 8250
f 8250 8278 8279 8251
f 8251 8279 8280 8252
f 8252 8280 8281 8253
f 8253 8281 8282 8254
f 8254 8282 8283 8255
f 8255 8283 8284 8256
f 8256 8284 8285 8257
f 8257 8285 8286 8258
f 8258 8286 8287 8259
f 8259 8287 8288 8260
f 8260 8288 8261 8233
f 8261 8289 8290 8262
f 8262 8290 8291 8263
f 8263 8291 8292 8264
f 8264 8292 8293 8265
f 8265 8293 8294 8266
f 8266 8294 8295 8267
f 8267 8295 8296 8268
f 8268 8296 8297 8269
f 8269 8297 8298 8270
f 8270 8298 8299 8271
f 8271 8299 8300 8272
f 8272 8300 8301 8273
f 8273 8301 8302 8274
f 8274 8302 8303 8275
f 8275 8303 8304 8276
f 8276 8304 8305 8277
f 8277 8305 8306 8278
f 8278 8306 8307 8279
f 8279 8307 8308 8280
f 8280 8308 8309 8281
f 8281 8309 8310 8282
f 8282 8310 8311 8283
f 8283 8311 8312 8284
f 8284 8312 8313 8285
f 8285 8313 8314 8286
f 8286 8314 8315 8287
f 8287 8315 8316 8288
f 8288 8316 8289 8261
f 8289 8317 8318 8290
f 8290 8318 8319 8291
f 8291 8319 8320 8292
f 8292 8320 8321 8293
f 8293 8321 8322 8294
f 8294 8322 8323 8295
f 8295 8323 8324 8296
f 8296 8324 8325 8297
f 8297 8325 8326 8298
f 8298 8326 8327 8299
f 8299 8327 8328 8300
f 8300 8328 8329 8301
f 8301 8329 8330 8302
f 8302 8330 8331 8303
f 8303 8331 8332 8304
f 8304 8332 8333 8305
f 8305 8333 8334 8306
f 8306 8334 8335 8307
f 8307 8335 8336 8308
f 8308 8336 8337 8309
f 8309 8337 8338 8310
f 8310 8338 8339 8311
f 8311 8339 8340 8312
f 8312 8340 8341 8313
f 8313 8341 8342 8314
f 8314 8342 8343 8315
f 8315 8343 8344 8316
f 8316 8344 8317 8289
f 8317 8345 8346 8318
f 8318 8346 8347 8319
f 8319 8347 8348 8320
f 8320 8348 8349 8321
f 8321 8349 8350 8322
f 8322 8350 8351 8323
f 8323 8351 8352 8324
f 8324 8352 8353 8325
f 8325 8353 8354 8326
f 8326 8354 8355 8327
f 8327 8355 8356 8328
f 8328 8356 8357 8329
f 8329 8357 8358 8330
f 8330 8358 8359 8331
f 8331 8359 8360 8332
f 8332 8360 8361 8333
f 8333 8361 8362 8334
f 8334 8362 8363 8335
f 8335 8363 8364 8336
f 8336 8364 8365 8337
f 8337 8365 8366 8338
f 8338 8366 8367 8339
f 8339 8367 8368 8340
f 8340 8368 8369 8341
f 8341 8369 8370 8342
f 8342 8370 8371 8343
f 8343 8371 8372 8344
f 8344 8372 8345 8317
f 8345 8373 8374 8346
f 8346 8374 8375 8347
f 8347 8375 8376 8348
f 8348 8376 8377 8349
f 8349 8377 8378 8350
f 8350 8378 8379 8351
f 8351 8379 8380 8352
f 8352 8380 8381 8353
f 8353 8381 8382 8354
f 8354 8382 8383 8355
f 8355 8383 8384 8356
f 8356 8384 8385 8357
f 8357 8385 8386 8358
f 8358 8386 8387 8359
f 8359 8387 8388 8360
f 8360 8388 8389 8361
f 8361 8389 8390 8362
f 8362 8390 8391 8363
f 8363 8391 8392 8364
f 8364 8392 8393 8365
f 8365 8393 8394 8366
f 8366 8394 8395 8367
f 8367 8395 8396 8368
f 8368 8396 8397 8369
f 8369 8397 8398 8370
f 8370 8398 8399 8371
f 8371 8399 8400 8372
f 8372 8400 8373 8345
f 8373 8401 8402 8374
f 8374 8402 8403 8375
f 8375 8403 8404 8376
f 8376 8404 8405 8377
f 8377 8405 8406 8378
f 8378 8406 8407 8379
f 8379 8407 8408 8380
f 8380 8408 8409 8381
f 8381 8409 8410 8382
f 8382 8410 8411 8383
f 8383 8411 8412 8384
f 8384 8412 8413 8385
f 8385 8413 8414 8386
f 8386 8414 8415 8387
f 8387 8415 8416 8388
f 8388 8416 8417 8389
f 8389 8417 8418 8390
f 8390 8418 8419 8391
f 8391 8419 8420 8392
f 8392 8420 8421 8393
f 8393 8421 8422 8394
f 8394 8422 8423 8395
f 8395 8423 8424 8396
f 8396 8424 8425 8397
f 8397 8425 8426 8398
f 8398 8426 8427 8399
f 8399 8427 8428 8400
f 8400 8428 8401 8373
f 8401 8429 8430 8402
f 8402 8430 8431 8403
f 8403 8431 8432 8404
f 8404 8432 8433 8405
f 8405 8433 8434 8406
f 8406 8434 8435 8407
f 8407 8435 8436 8408
f 8408 8436 8437 8409
f 8409 8437 8438 8410
f 8410 8438 8439 8411
f 8411 8439 8440 8412
f 8412 8440 8441 8413
f 8413 8441 8442 8414
f 8414 8442 8443 8415
f 8415 8443 8444 8416
f 8416 8444 8445 8417
f 8417 8445 8446 8418
f 8418 8446 8447 8419
f 8419 8447 8448 8420
f 8420 8448 8449 8421
f 8421 8449 8450 8422
f 8422 8450 8451 8423
f 8423 8451 8452 8424
f 8424 8452 8453 8425
f 8425 8453 8454 8426
f 8426 8454 8455 8427
f 8427 8455 8456 8428
f 8428 8456 8429 8401
f 8429 8457 8458 8430
f 8430 8458 8459 8431
f 8431 8459 8460 8432
f 8432 8460 8461 8433
f 8433 8461 8462 8434
f 8434 8462 8463 8435
f 8435 8463 8464 8436
f 8436 8464 8465 8437
f 8437 8465 8466 8438
f 8438 8466 8467 8439
f 8439 8467 8468 8440
f 8440 8468 8469 8441
f 8441 8469 8470 8442
f 8442 8470 8471 8443
f 8443 8471 8472 8444
f 8444 8472 8473 8445
f 8445 8473 8474 8446
f 8446 8474 8475 8447
f 8447 8475 8476 8448
f 8448 8476 8477 8449
f 8449 8477 8478 8450
f 8450 8478 8479 8451
f 8451 8479 8480 8452
f 8452 8480 8481 8453
f 8453 8481 8482 8454
f 8454 8482 8483 8455
f 8455 8483 8484 8456
f 8456 8484 8457 8429
f 8457 8485 8486 8458
f 8458 8486 8487 8459
f 8459 8487 8488 8460
f 8460 8488 8489 8461
f 8461 8489 8490 8462
f 8462 8490 8491 8463
f 8463 8491 8492 8464
f 8464 8492 8493 8465
f 8465 8493 8494 8466
f 8466 8494 8495 8467
f 8467 8495 8496 8468
f 8468 8496 8497 8469
f 8469 8497 8498 8470
f 8470 8498 8499 8471
f 8471 8499 8500 8472
f 8472 8500 8501 8473
f 8473 8501 8502 8474
f 8474 8502 8503 8475
f 8475 8503 8504 8476
f 8476 8504 8505 8477
f 8477 8505 8506 8478
f 8478 8506 8507 8479
f 8479 8507 8508 8480
f 8480 8508 8509 8481
f 8481 8509 8510 8482
f 8482 8510 8511 8483
f 8483 8511 8512 8484
f 8484 8512 8485 8457
f 8485 8513 8514 8486
f 8486 8514 8515 8487
f 8487 8515 8516 8488
f 8488 8516 8517 8489
f 8489 8517 8518 8490
f 8490 8518 8519 8491
f 8491 8519 8520 8492
f 8492 8520 8521 8493
f 8493 8521 8522 8494
f 8494 8522 8523 8495
f 8495 8523 8524 8496
f 8496 8524 8525 8497
f 8497 8525 8526 8498
f 8498 8526 8527 8499
f 8499 8527 8528 8500
f 8500 8528 8529 8501
f 8501 8529 8530 8502
f 8502 8530 8531 8503
f 8503 8531 8532 8504
f 8504 8532 8533 8505
f 8505 8533 8534 8506
f 8506 8534 8535 8507
f 8507 8535 8536 8508
f 8508 8536 8537 8509
f 8509 8537 8538 8510
f 8510 8538 8539 8511
f 8511 8539 8540 8512
f 8512 8540 8513 8485
f 8513 8541 8542 8514
f 8514 8542 8543 8515
f 8515 8543 8544 8516
f 8516 8544 8545 8517
f 8517 8545 8546 8518
f 8518 8546 8547 8519
f 8519 8547 8548 8520
f 8520 8548 8549 8521
f 8521 8549 8550 8522
f 8522 8550 8551 8523
f 8523 8551 8552 8524
f 8524 8552 8553 8525
f 8525 8553 8554 8526
f 8526 8554 8555 8527
f 8527 8555 8556 8528
f 8528 8556 8557 8529
f 8529 8557 8558 8530
f 8530 8558 8559 8531
f 8531 8559 8560 8532
f 8532 8560 8561 8533
f 8533 8561 8562 8534
f 8534 8562 8563 8535
f 8535 8563 8564 8536
f 8536 8564 8565 8537
f 8537 8565 8566 8538
f 8538 8566 8567 8539
f 8539 8567 8568 8540
f 8540 8568 8541 8513
f 8541 8569 8570 8542
f 8542 8570 8571 8543
f 8543 8571 8572 8544
f 8544 8572 8573 8545
f 8545 8573 8574 8546
f 8546 8574 8575 8547
f 8547 8575 8576 8548
f 8548 8576 8577 8549
f 8549 8577 8578 8550
f 8550 8578 8579 8551
f 8551 8579 8580 8552
f 8552 8580 8581 8553
f 8553 8581 8582 8554
f 8554 8582 8583 8555
f 8555 8583 8584 8556
f 8556 8584 8585 8557
f 8557 8585 8586 8558
f 8558 8586 8587 8559
f 8559 8587 8588 8560
f 8560 8588 8589 8561
f 8561 8589 8590 8562
f 8562 8590 8591 8563
f 8563 8591 8592 8564
f 8564 8592 8593 8565
f 8565 8593 8594 8566
f 8566 8594 8595 8567
f 8567 8595 8596 8568
f 8568 8596 8569 8541
f 8569 8597 8598 8570
f 8570 8598 8599 8571
f 8571 8599 8600 8572
f 8572 8600 8601 8573
f 8573 8601 8602 8574
f 8574 8602 8603 8575
f 8575 8603 8604 8576
f 8576 8604 8605 8577
f 8577 8605 8606 8578
f 8578 8606 8607 8579
f 8579 8607 8608 8580
f 8580 8608 8609 8581
f 8581 8609 8610 8582
f 8582 8610 8611 8583
f 8583 8611 8612 8584
f 8584 8612 8613 8585
f 8585 8613 8614 8586
f 8586 8614 8615 8587
f 8587 8615 8616 8588
f 8588 8616 8617 8589
f 8589 8617 8618 8590
f 8590 8618 8619 8591
f 8591 8619 8620 8592
f 8592 8620 8621 8593
f 8593 8621 8622 8594
f 8594 8622 8623 8595
f 8595 8623 8624 8596
f 8596 8624 8597 8569
f 8597 8625 8626 8598
f 8598 8626 8627 8599
f 8599 8627 8628 8600
f 8600 8628 8629 8601
f 8601 8629 8630 8602
f 8602 8630 8631 8603
f 8603 8631 8632 8604
f 8604 8632 8633 8605
f 8605 8633 8634 8606
f 8606 8634 8635 8607
f 8607 8635 8636 8608
f 8608 8636 8637 8609
f 8609 8637 8638 8610
f 8610 8638 8639 8611
f 8611 8639 8640 8612
f 8612 8640 8641 8613
f 8613 8641 8642 8614
f 8614 8642 8643 8615
f 8615 8643 8644 8616
f 8616 8644 8645 8617
f 8617 8645 8646 8618
f 8618 8646 8647 8619
f 8619 8647 8648 8620
f 8620 8648 8649 8621
f 8621 8649 8650 8622
f 8622 8650 8651 8623
f 8623 8651 8652 8624
f 8624 8652 8625 8597
f 8625 8653 8654 8626
f 8626 8654 8655 8627
f 8627 8655 8656 8628
f 8628 8656 8657 8629
f 8629 8657 8658 8630
f 8630 8658 8659 8631
f 8631 8659 8660 8632
f 8632 8660 8661 8633
f 8633 8661 8662 8634
f 8634 8662 8663 8635
f 8635 8663 8664 8636
f 8636 8664 8665 8637
f 8637 8665 8666 8638
f 8638 8666 8667 8639
f 8639 8667 8668 8640
f 8640 8668 8669 8641
f 8641 8669 8670 8642
f 8642 8670 8671 8643
f 8643 8671 8672 8644
f 8644 8672 8673 8645
f 8645 8673 8674 8646
f 8646 8674 8675 8647
f 8647 8675 8676 8648
f 8648 8676 8677 8649
f 8649 8677 8678 8650
f 8650 8678 8679 8651
f 8651 8679 8680 8652
f 8652 8680 8653 8625
f 8653 8681 8682 8654
f 8654 8682 8683 8655
f 8655 8683 8684 8656
f 8656 8684 8685 8657
f 8657 8685 8686 8658
f 8658 8686 8687 8659
f 8659 8687 8688 8660
f 8660 8688 8689 8661
f 8661 8689 8690 8662
f 8662 8690 8691 8663
f 8663 8691 8692 8664
f 8664 8692 8693 8665
f 8665 8693 8694 8666
f 8666 8694 8695 8667
f 8667 8695 8696 8668
f 8668 8696 8697 8669
f 8669 8697 8698 8670
f 8670 8698 8699 8671
f 8671 8699 8700 8672
f 8672 8700 8701 8673
f 8673 8701 8702 8674
f 8674 8702 8703 8675
f 8675 8703 8704 8676
f 8676 8704 8705 8677
f 8677 8705 8706 8678
f 8678 8706 8707 8679
f 8679 8707 8708 8680
f 8680 8708 8681 8653
f 8681 8709 8710 8682
f 8682 8710 8711 8683
f 8683 8711 8712 8684
f 8684 8712 8713 8685
f 8685 8713 8714 8686
f 8686 8714 8715 8687
f 8687 8715 8716 8688
f 8688 8716 8717 8689
f 8689 8717 8718 8690
f 8690 8718 8719 8691
f 8691 8719 8720 8692
f 8692 8720 8721 8693
f 8693 8721 8722 8694
f 8694 8722 8723 8695
f 8695 8723 8724 8696
f 8696 8724 8725 8697
f 8697 8725 8726 8698
f 8698 8726 8727 8699
f 8699 8727 8728 8700
f 8700 8728 8729 8701
f 8701 8729 8730 8702
f 8702 8730 8731 8703
f 8703 8731 8732 8704
f 8704 8732 8733 8705
f 8705 8733 8734 8706
f 8706 8734 8735 8707
f 8707 8735 8736 8708
f 8708 8736 8709 8681
f 8709 8737 8738 8710
f 8710 8738 8739 8711
f 8711 8739 8740 8712
f 8712 8740 8741 8713
f 8713 8741 8742 8714
f 8714 8742 8743 8715
f 8715 8743 8744 8716
f 8716 8744 8745 8717
f 8717 8745 8746 8718
f 8718 8746 8747 8719
f 8719 8747 8748 8720
f 8720 8748 8749 8721
f 8721 8749 8750 8722
f 8722 8750 8751 8723
f 8723 8751 8752 8724
f 8724 8752 8753 8725
f 8725 8753 8754 8726
f 8726 8754 8755 8727
f 8727 8755 8756 8728
f 8728 8756 8757 8729
f 8729 8757 8758 8730
f 8730 8758 8759 8731
f 8731 8759 8760 8732
f 8732 8760 8761 8733
f 8733 8761 8762 8734
f 8734 8762 8763 8735
f 8735 8763 8764 8736
f 8736 8764 8737 8709
f 8737 8765 8766 8738
f 8738 8766 8767 8739
f 8739 8767 8768 8740
f 8740 8768 8769 8741
f 8741 8769 8770 8742
f 8742 8770 8771 8743
f 8743 8771 8772 8744
f 8744 8772 8773 8745
f 8745 8773 8774 8746
f 8746 8774 8775 8747
f 8747 8775 8776 8748
f 8748 8776 8777 8749
f 8749 8777 8778 8750
f 8750 8778 8779 8751
f 8751 8779 8780 8752
f 8752 8780 8781 8753
f 8753 8781 8782 8754
f 8754 8782 8783 8755
f 8755 8783 8784 8756
f 8756 8784 8785 8757
f 8757 8785 8786 8758
f 8758 8786 8787 8759
f 8759 8787 8788 8760
f 8760 8788 8789 8761
f 8761 8789 8790 8762
f 8762 8790 8791 8763
f 8763 8791 8792 8764
f 8764 8792 8765 8737
f 8765 8793 8794 8766
f 8766 8794 8795 8767
f 8767 8795 8796 8768
f 8768 8796 8797 8769
f 8769 8797 8798 8770
f 8770 8798 8799 8771
f 8771 8799 8800 8772
f 8772 8800 8801 8773
f 8773 8801 8802 8774
f 8774 8802 8803 8775
f 8775 8803 8804 8776
f 8776 8804 8805 8777
f 8777 8805 8806 8778
f 8778 8806 8807 8779
f 8779 8807 8808 8780
f 8780 8808 8809 8781
f 8781 8809 8810 8782
f 8782 8810 8811 8783
f 8783 8811 8812 8784
f 8784 8812 8813 8785
f 8785 8813 8814 8786
f 8786 8814 8815 8787
f 8787 8815 8816 8788
f 8788 8816 8817 8789
f 8789 8817 8818 8790
f 8790 8818 8819 8791
f 8791 8819 8820 8792
f 8792 8820 8793 8765
f 8793 8821 8822 8794
f 8794 8822 8823 8795
f 8795 8823 8824 8796
f 8796 8824 8825 8797
f 8797 8825 8826 8798
f 8798 8826 8827 8799
f 8799 8827 8828 8800
f 8800 8828 8829 8801
f 8801 8829 8830 8802
f 8802 8830 8831 8803
f 8803 8831 8832 8804
f 8804 8832 8833 8805
f 8805 8833 8834 8806
f 8806 8834 8835 8807
f 8807 8835 8836 8808
f 8808 8836 8837 8809
f 8809 8837 8838 8810
f 8810 8838 8839 8811
f 8811 8839 8840 8812
f 8812 8840 8841 8813
f 8813 8841 8842 8814
f 8814 8842 8843 8815
f 8815 8843 8844 8816
f 8816 8844 8845 8817
f 8817 8845 8846 8818
f 8818 8846 8847 8819
f 8819 8847 8848 8820
f 8820 8848 8821 8793
f 8821 8849 8850 8822
f 8822 8850 8851 8823
f 8823 8851 8852 8824
f 8824 8852 8853 8825
f 8825 8853 8854 8826
f 8826 8854 8855 8827
f 8827 8855 8856 8828
f 8828 8856 8857 8829
f 8829 8857 8858 8830
f 8830 8858 8859 8831
f 8831 8859 8860 8832
f 8832 8860 8861 8833
f 8833 8861 8862 8834
f 8834 8862 8863 8835
f 8835 8863 8864 8836
f 8836 8864 8865 8837
f 8837 8865 8866 8838
f 8838 8866 8867 8839
f 8839 8867 8868 8840
f 8840 8868 8869 8841
f 8841 8869 8870 8842
f 8842 8870 8871 8843
f 8843 8871 8872 8844
f 8844 8872 8873 8845
f 8845 8873 8874 8846
f 8846 8874 8875 8847
f 8847 8875 8876 8848
f 8848 8876 8849 8821
f 8849 8877 8878 8850
f 8850 8878 8879 8851
f 8851 8879 8880 8852
f 8852 8880 8881 8853
f 8853 8881 8882 8854
f 8854 8882 8883 8855
f 8855 8883 8884 8856
f 8856 8884 8885 8857
f 8857 8885 8886 8858
f 8858 8886 8887 8859
f 8859 8887 8888 8860
f 8860 8888 8889 8861
f 8861 8889 8890 8862
f 8862 8890 8891 8863
f 8863 8891 8892 8864
f 8864 8892 8893 8865
f 8865 8893 8894 8866
f 8866 8894 8895 8867
f 8867 8895 8896 8868
f 8868 8896 8897 8869
f 8869 8897 8898 8870
f 8870 8898 8899 8871
f 8871 8899 8900 8872
f 8872 8900 8901 8873
f 8873 8901 8902 8874
f 8874 8902 8903 8875
f 8875 8903 8904 8876
f 8876 8904 8877 8849
f 8877 8905 8906 8878
f 8878 8906 8907 8879
f 8879 8907 8908 8880
f 8880 8908 8909 8881
f 8881 8909 8910 8882
f 8882 8910 8911 8883
f 8883 8911 8912 8884
f 8884 8912 8913 8885
f 8885 8913 8914 8886
f 8886 8914 8915 8887
f 8887 8915 8916 8888
f 8888 8916 8917 8889
f 8889 8917 8918 8890
f 8890 8918 8919 8891
f 8891 8919 8920 8892
f 8892 8920 8921 8893
f 8893 8921 8922 8894
f 8894 8922 8923 8895
f 8895 8923 8924 8896
f 8896 8924 8925 8897
f 8897 8925 8926 8898
f 8898 8926 8927 8899
f 8899 8927 8928 8900
f 8900 8928 8929 8901
f 8901 8929 8930 8902
f 8902 8930 8931 8903
f 8903 8931 8932 8904
f 8904 8932 8905 8877
f 8905 8933 8934 8906
f 8906 8934 8935 8907
f 8907 8935 8936 8908
f 8908 8936 8937 8909
f 8909 8937 8938 8910
f 8910 8938 8939 8911
f 8911 8939 8940 8912
f 8912 8940 8941 8913
f 8913 8941 8942 8914
f 8914 8942 8943 8915
f 8915 8943 8944 8916
f 8916 8944 8945 8917
f 8917 8945 8946 8918
f 8918 8946 8947 8919
f 8919 8947 8948 8920
f 8920 8948 8949 8921
f 8921 8949 8950 8922
f 8922 8950 8951 8923
f 8923 8951 8952 8924
f 8924 8952 8953 8925
f 8925 8953 8954 8926
f 8926 8954 8955 8927
f 8927 8955 8956 8928
f 8928 8956 8957 8929
f 8929 8957 8958 8930
f 8930 8958 8959 8931
f 8931 8959 8960 8932
f 8932 8960 8933 8905
f 8933 8961 8962 8934
f 8934 8962 8963 8935
f 8935 8963 8964 8936
f 8936 8964 8965 8937
f 8937 8965 8966 8938
f 8938 8966 8967 8939
f 8939 8967 8968 8940
f 8940 8968 8969 8941
f 8941 8969 8970 8942
f 8942 8970 8971 8943
f 8943 8971 8972 8944
f 8944 8972 8973 8945
f 8945 8973 8974 8946
f 8946 8974 8975 8947
f 8947 8975 8976 8948
f 8948 8976 8977 8949
f 8949 8977 8978 8950
f 8950 8978 8979 8951
f 8951 8979 8980 8952
f 8952 8980 8981 8953
f 8953 8981 8982 8954
f 8954 8982 8983 8955
f 8955 8983 8984 8956
f 8956 8984 8985 8957
f 8957 8985 8986 8958
f 8958 8986 8987 8959
f 8959 8987 8988 8960
f 8960 8988 8961 8933
f 8961 8989 8990 8962
f 8962 8990 8991 8963
f 8963 8991 8992 8964
f 8964 8992 8993 8965
f 8965 8993 8994 8966
f 8966 8994 8995 8967
f 8967 8995 8996 8968
f 8968 8996 8997 8969
f 8969 8997 8998 8970
f 8970 8998 8999 8971
f 8971 8999 9000 8972
f 8972 9000 9001 8973
f 8973 9001 9002 8974
f 8974 9002 9003 8975
f 8975 9003 9004 8976
f 8976 9004 9005 8977
f 8977 9005 9006 8978
f 8978 9006 9007 8979
f 8979 9007 9008 8980
f 8980 9008 9009 8981
f 8981 9009 9010 8982
f 8982 9010 9011 8983
f 8983 9011 9012 8984
f 8984 9012 9013 8985
f 8985 9013 9014 8986
f 8986 9014 9015 8987
f 8987 9015 9016 8988
f 8988 9016 8989 8961
f 8989 9017 9018 8990
f 8990 9018 9019 8991
f 8991 9019 9020 8992
f 8992 9020 9021 8993
f 8993 9021 9022 8994
f 8994 9022 9023 8995
f 8995 9023 9024 8996
f 8996 9024 9025 8997
f 8997 9025 9026 8998
f 8998 9026 9027 8999
f 8999 9027 9028 9000
f 9000 9028 9029 9001
f 9001 9029 9030 9002
f 9002 9030 9031 9003
f 9003 9031 9032 9004
f 9004 9032 9033 9005
f 9005 9033 9034 9006
f 9006 9034 9035 9007
f 9007 9035 9036 9008
f 9008 9036 9037 9009
f 9009 9037 9038 9010
f 9010 9038 9039 9011
f 9011 9039 9040 9012
f 9012 9040 9041 9013
f 9013 9041 9042 9014
f 9014 9042 9043 9015
f 9015 9043 9044 9016
f 9016 9044 9017 8989
f 9017 9045 9046 9018
f 9018 9046 9047 9019
f 9019 9047 9048 9020
f 9020 9048 9049 9021
f 9021 9049 9050 9022
f 9022 9050 9051 9023
f 9023 9051 9052 9024
f 9024 9052 9053 9025
f 9025 9053 9054 9026
f 9026 9054 9055 9027
f 9027 9055 9056 9028
f 9028 9056 9057 9029
f 9029 9057 9058 9030
f 9030 9058 9059 9031
f 9031 9059 9060 9032
f 9032 9060 9061 9033
f 9033 9061 9062 9034
f 9034 9062 9063 9035
f 9035 9063 9064 9036
f 9036 9064 9065 9037
f 9037 9065 9066 9038
f 9038 9066 9067 9039
f 9039 9067 9068 9040
f 9040 9068 9069 9041
f 9041 9069 9070 9042
f 9042 9070 9071 9043
f 9043 9071 9072 9044
f 9044 9072 9045 9017
f 9045 9073 9074 9046
f 9046 9074 9075 9047
f 9047 9075 9076 9048
f 9048 9076 9077 9049
f 9049 9077 9078 9050
f 9050 9078 9079 9051
f 9051 9079 9080 9052
f 9052 9080 9081 9053
f 9053 9081 9082 9054
f 9054 9082 9083 9055
f 9055 9083 9084 9056
f 9056 9084 9085 9057
f 9057 9085 9086 9058
f 9058 9086 9087 9059
f 9059 9087 9088 9060
f 9060 9088 9089 9061
f 9061 9089 9090 9062
f 9062 9090 9091 9063
f 9063 9091 9092 9064
f 9064 9092 9093 9065
f 9065 9093 9094 9066
f 9066 9094 9095 9067
f 9067 9095 9096 9068
f 9068 9096 9097 9069
f 9069 9097 9098 9070
f 9070 9098 9099 9071
f 9071 9099 9100 9072
f 9072 9100 9073 9045
f 9073 9101 9102 9074
f 9074 9102 9103 9075
f 9075 9103 9104 9076
f 9076 9104 9105 9077
f 9077 9105 9106 9078
f 9078 9106 9107 9079
f 9079 9107 9108 9080
f 9080 9108 9109 9081
f 9081 9109 9110 9082
f 9082 9110 9111 9083
f 9083 9111 9112 9084
f 9084 9112 9113 9085
f 9085 9113 9114 9086
f 9086 9114 9115 9087
f 9087 9115 9116 9088
f 9088 9116 9117 9089
f 9089 9117 9118 9090
f 9090 9118 9119 9091
f 9091 9119 9120 9092
f 9092 9120 9121 9093
f 9093 9121 9122 9094
f 9094 9122 9123 9095
f 9095 9123 9124 9096
f 9096 9124 9125 9097
f 9097 9125 9126 9098
f 9098 9126 9127 9099
f 9099 9127 9128 9100
f 9100 9128 9101 9073
f 9101 9129 9130 9102
f 9102 9130 9131 9103
f 9103 9131 9132 9104
f 9104 9132 9133 9105
f 9105 9133 9134 9106
f 9106 9134 9135 9107
f 9107 9135 9136 9108
f 9108 9136 9137 9109
f 9109 9137 9138 9110
f 9110 9138 9139 9111
f 9111 9139 9140 9112
f 9112 9140 9141 9113
f 9113 9141 9142 9114
f 9114 9142 9143 9115
f 9115 9143 9144 9116
f 9116 9144 9145 9117
f 9117 9145 9146 9118
f 9118 9146 9147 9119
f 9119 9147 9148 9120
f 9120 9148 9149 9121
f 9121 9149 9150 9122
f 9122 9150 9151 9123
f 9123 9151 9152 9124
f 9124 9152 9153 9125
f 9125 9153 9154 9126
f 9126 9154 9155 9127
f 9127 9155 9156 9128
f 9128 9156 9129 9101
f 9129 9157 9158 9130
f 9130 9158 9159 9131
f 9131 9159 9160 9132
f 9132 9160 9161 9133
f 9133 9161 9162 9134
f 9134 9162 9163 9135
f 9135 9163 9164 9136
f 9136 9164 9165 9137
f 9137 9165 9166 9138
f 9138 9166 9167 9139
f 9139 9167 9168 9140
f 9140 9168 9169 9141
f 9141 9169 9170 9142
f 9142 9170 9171 9143
f 9143 9171 9172 9144
f 9144 9172 9173 9145
f 9145 9173 9174 9146
f 9146 9174 9175 9147
f 9147 9175 9176 9148
f 9148 9176 9177 9149
f 9149 9177 9178 9150
f 9150 9178 9179 9151
f 9151 9179 9180 9152
f 9152 9180 9181 9153
f 9153 9181 9182 9154
f 9154 9182 9183 9155
f 9155 9183 9184 9156
f 9156 9184 9157 9129
f 9157 9185 9186 9158
f 9158 9186 9187 9159
f 9159 9187 9188 9160
f 9160 9188 9189 9161
f 9161 9189 9190 9162
f 9162 9190 9191 9163
f 9163 9191 9192 9164
f 9164 9192 9193 9165
f 9165 9193 9194 9166
f 9166 9194 9195 9167
f 9167 9195 9196 9168
f 9168 9196 9197 9169
f 9169 9197 9198 9170
f 9170 9198 9199 9171
f 9171 9199 9200 9172
f 9172 9200 9201 9173
f 9173 9201 9202 9174
f 9174 9202 9203 9175
f 9175 9203 9204 9176
f 9176 9204 9205 9177
f 9177 9205 9206 9178
f 9178 9206 9207 9179
f 9179 9207 9208 9180
f 9180 9208 9209 9181
f 9181 9209 9210 9182
f 9182 9210 9211 9183
f 9183 9211 9212 9184
f 9184 9212 9185 9157
f 9185 9213 9214 9186
f 9186 9214 9215 9187
f 9187 9215 9216 9188
f 9188 9216 9217 9189
f 9189 9217 9218 9190
f 9190 9218 9219 9191
f 9191 9219 9220 9192
f 9192 9220 9221 9193
f 9193 9221 9222 9194
f 9194 9222 9223 9195
f 9195 9223 9224 9196
f 9196 9224 9225 9197
f 9197 9225 9226 9198
f 9198 9226 9227 9199
f 9199 9227 9228 9200
f 9200 9228 9229 9201
f 9201 9229 9230 9202
f 9202 9230 9231 9203
f 9203 9231 9232 9204
f 9204 9232 9233 9205
f 9205 9233 9234 9206
f 9206 9234 9235 9207
f 9207 9235 9236 9208
f 9208 9236 9237 9209
f 9209 9237 9238 9210
f 9210 9238 9239 9211
f 9211 9239 9240 9212
f 9212 9240 9213 9185
f 9213 9241 9242 9214
f 9214 9242 9243 9215
f 9215 9243 9244 9216
f 9216 9244 9245 9217
f 9217 9245 9246 9218
f 9218 9246 9247 9219
f 9219 9247 9248 9220
f 9220 9248 9249 9221
f 9221 9249 9250 9222
f 9222 9250 9251 9223
f 9223 9251 9252 9224
f 9224 9252 9253 9225
f 9225 9253 9254 9226
f 9226 9254 9255 9227
f 9227 9255 9256 9228
f 9228 9256 9257 9229
f 9229 9257 9258 9230
f 9230 9258 9259 9231
f 9231 9259 9260 9232
f 9232 9260 9261 9233
f 9233 9261 9262 9234
f 9234 9262 9263 9235
f 9235 9263 9264 9236
f 9236 9264 9265 9237
f 9237 9265 9266 9238
f 9238 9266 9267 9239
f 9239 9267 9268 9240
f 9240 9268 9241 9213
f 9241 9269 9270 9242
f 9242 9270 9271 9243
f 9243 9271 9272 9244
f 9244 9272 9273 9245
f 9245 9273 9274 9246
f 9246 9274 9275 9247
f 9247 9275 9276 9248
f 9248 9276 9277 9249
f 9249 9277 9278 9250
f 9250 9278 9279 9251
f 9251 9279 9280 9252
f 9252 9280 9281 9253
f 9253 9281 9282 9254
f 9254 9282 9283 9255
f 9255 9283 9284 9256
f 9256 9284 9285 9257
f 9257 9285 9286 9258
f 9258 9286 9287 9259
f 9259 9287 9288 9260
f 9260 9288 9289 9261
f 9261 9289 9290 9262
f 9262 9290 9291 9263
f 9263 9291 9292 9264
f 9264 9292 9293 9265
f 9265 9293 9294 9266
f 9266 9294 9295 9267
f 9267 9295 9296 9268
f 9268 9296 9269 9241
f 9269 9297 9298 9270
f 9270 9298 9299 9271
f 9271 9299 9300 9272
f 9272 9300 9301 9273
f 9273 9301 9302 9274
f 9274 9302 9303 9275
f 9275 9303 9304 9276
f 9276 9304 9305 9277
f 9277 9305 9306 9278
f 9278 9306 9307 9279
f 9279 9307 9308 9280
f 9280 9308 9309 9281
f 9281 9309 9310 9282
f 9282 9310 9311 9283
f 9283 9311 9312 9284
f 9284 9312 9313 9285
f 9285 9313 9314 9286
f 9286 9314 9315 9287
f 9287 9315 9316 9288
f 9288 9316 9317 9289
f 9289 9317 9318 9290
f 9290 9318 9319 9291
f 9291 9319 9320 9292
f 9292 9320 9321 9293
f 9293 9321 9322 9294
f 9294 9322 9323 9295
f 9295 9323 9324 9296
f 9296 9324 9297 9269
f 9297 9325 9326 9298
f 9298 9326 9327 9299
f 9299 9327 9328 9300
f 9300 9328 9329 9301
f 9301 9329 9330 9302
f 9302 9330 9331 9303
f 9303 9331 9332 9304
f 9304 9332 9333 9305
f 9305 9333 9334 9306
f 9306 9334 9335 9307
f 9307 9335 9336 9308
f 9308 9336 9337 9309
f 9309 9337 9338 9310
f 9310 9338 9339 9311
f 9311 9339 9340 9312
f 9312 9340 9341 9313
f 9313 9341 9342 9314
f 9314 9342 9343 9315
f 9315 9343 9344 9316
f 9316 9344 9345 9317
f 9317 9345 9346 9318
f 9318 9346 9347 9319
f 9319 9347 9348 9320
f 9320 9348 9349 9321
f 9321 9349 9350 9322
f 9322 9350 9351 9323
f 9323 9351 9352 9324
f 9324 9352 9325 9297
f 9325 9353 9354 9326
f 9326 9354 9355 9327
f 9327 9355 9356 9328
f 9328 9356 9357 9329
f 9329 9357 9358 9330
f 9330 9358 9359 9331
f 9331 9359 9360 9332
f 9332 9360 9361 9333
f 9333 9361 9362 9334
f 9334 9362 9363 9335
f 9335 9363 9364 9336
f 9336 9364 9365 9337
f 9337 9365 9366 9338
f 9338 9366 9367 9339
f 9339 9367 9368 9340
f 9340 9368 9369 9341
f 9341 9369 9370 9342
f 9342 9370 9371 9343
f 9343 9371 9372 9344
f 9344 9372 9373 9345
f 9345 9373 9374 9346
f 9346 9374 9375 9347
f 9347 9375 9376 9348
f 9348 9376 9377 9349
f 9349 9377 9378 9350
f 9350 9378 9379 9351
f 9351 9379 9380 9352
f 9352 9380 9353 9325
f 9353 9381 9382 9354
f 9354 9382 9383 9355
f 9355 9383 9384 9356
f 9356 9384 9385 9357
f 9357 9385 9386 9358
f 9358 9386 9387 9359
f 9359 9387 9388 9360
f 9360 9388 9389 9361
f 9361 9389 9390 9362
f 9362 9390 9391 9363
f 9363 9391 9392 9364
f 9364 9392 9393 9365
f 9365 9393 9394 9366
f 9366 9394 9395 9367
f 9367 9395 9396 9368
f 9368 9396 9397 9369
f 9369 9397 9398 9370
f 9370 9398 9399 9371
f 9371 9399 9400 9372
f 9372 9400 9401 9373
f 9373 9401 9402 9374
f 9374 9402 9403 9375
f 9375 9403 9404 9376
f 9376 9404 9405 9377
f 9377 9405 9406 9378
f 9378 9406 9407 9379
f 9379 9407 9408 9380
f 9380 9408 9381 9353
f 9381 9409 9410 9382
f 9382 9410 9411 9383
f 9383 9411 9412 9384
f 9384 9412 9413 9385
f 9385 9413 9414 9386
f 9386 9414 9415 9387
f 9387 9415 9416 9388
f 9388 9416 9417 9389
f 9389 9417 9418 9390
f 9390 9418 9419 9391
f 9391 9419 9420 9392
f 9392 9420 9421 9393
f 9393 9421 9422 9394
f 9394 9422 9423 9395
f 9395 9423 9424 9396
f 9396 9424 9425 9397
f 9397 9425 9426 9398
f 9398 9426 9427 9399
f 9399 9427 9428 9400
f 9400 9428 9429 9401
f 9401 9429 9430 9402
f 9402 9430 9431 9403
f 9403 9431 9432 9404
f 9404 9432 9433 9405
f 9405 9433 9434 9406
f 9406 9434 9435 9407
f 9407 9435 9436 9408
f 9408 9436 9409 9381
f 9409 9437 9438 9410
f 9410 9438 9439 9411
f 9411 9439 9440 9412
f 9412 9440 9441 9413
f 9413 9441 9442 9414
f 9414 9442 9443 9415
f 9415 9443 9444 9416
f 9416 9444 9445 9417
f 9417 9445 9446 9418
f 9418 9446 9447 9419
f 9419 9447 9448 9420
f 9420 9448 9449 9421
f 9421 9449 9450 9422
f 9422 9450 9451 9423
f 9423 9451 9452 9424
f 9424 9452 9453 9425
f 9425 9453 9454 9426
f 9426 9454 9455 9427
f 9427 9455 9456 9428
f 9428 9456 9457 9429
f 9429 9457 9458 9430
f 9430 9458 9459 9431
f 9431 9459 9460 9432
f 9432 9460 9461 9433
f 9433 9461 9462 9434
f 9434 9462 9463 9435
f 9435 9463 9464 9436
f 9436 9464 9437 9409
f 9437 9465 9466 9438
f 9438 9466 9467 9439
f 9439 9467 9468 9440
f 9440 9468 9469 9441
f 9441 9469 9470 9442
f 9442 9470 9471 9443
f 9443 9471 9472 9444
f 9444 9472 9473 9445
f 9445 9473 9474 9446
f 9446 9474 9475 9447
f 9447 9475 9476 9448
f 9448 9476 9477 9449
f 9449 9477 9478 9450
f 9450 9478 9479 9451
f 9451 9479 9480 9452
f 9452 9480 9481 9453
f 9453 9481 9482 9454
f 9454 9482 9483 9455
f 9455 9483 9484 9456
f 9456 9484 9485 9457
f 9457 9485 9486 9458
f 9458 9486 9487 9459
f 9459 9487 9488 9460
f 9460 9488 9489 9461
f 9461 9489 9490 9462
f 9462 9490 9491 9463
f 9463 9491 9492 9464
f 9464 9492 9465 9437
f 9465 9493 9494 9466
f 9466 9494 9495 9467
f 9467 9495 9496 9468
f 9468 9496 9497 9469
f 9469 9497 9498 9470
f 9470 9498 9499 9471
f 9471 9499 9500 9472
f 9472 9500 9501 9473
f 9473 9501 9502 9474
f 9474 9502 9503 9475
f 9475 9503 9504 9476
f 9476 9504 9505 9477
f 9477 9505 9506 9478
f 9478 9506 9507 9479
f 9479 9507 9508 9480
f 9480 9508 9509 9481
f 9481 9509 9510 9482
f 9482 9510 9511 9483
f 9483 9511 9512 9484
f 9484 9512 9513 9485
f 9485 9513 9514 9486
f 9486 9514 9515 9487
f 9487 9515 9516 9488
f 9488 9516 9517 9489
f 9489 9517 9518 9490
f 9490 9518 9519 9491
f 9491 9519 9520 9492
f 9492 9520 9493 9465
f 9493 9521 9522 9494
f 9494 9522 9523 9495
f 9495 9523 9524 9496
f 9496 9524 9525 9497
f 9497 9525 9526 9498
f 9498 9526 9527 9499
f 9499 9527 9528 9500
f 9500 9528 9529 9501
f 9501 9529 9530 9502
f 9502 9530 9531 9503
f 9503 9531 9532 9504
f 9504 9532 9533 9505
f 9505 9533 9534 9506
f 9506 9534 9535 9507
f 9507 9535 9536 9508
f 9508 9536 9537 9509
f 9509 9537 9538 9510
f 9510 9538 9539 9511
f 9511 9539 9540 9512
f 9512 9540 9541 9513
f 9513 9541 9542 9514
f 9514 9542 9543 9515
f 9515 9543 9544 9516
f 9516 9544 9545 9517
f 9517 9545 9546 9518
f 9518 9546 9547 9519
f 9519 9547 9548 9520
f 9520 9548 9521 9493
f 9521 9549 9550 9522
f 9522 9550 9551 9523
f 9523 9551 9552 9524
f 9524 9552 9553 9525
f 9525 9553 9554 9526
f 9526 9554 9555 9527
f 9527 9555 9556 9528
f 9528 9556 9557 9529
f 9529 9557 9558 9530
f 9530 9558 9559 9531
f 9531 9559 9560 9532
f 9532 9560 9561 9533
f 9533 9561 9562 9534
f 9534 9562 9563 9535
f 9535 9563 9564 9536
f 9536 9564 9565 9537
f 9537 9565 9566 9538
f 9538 9566 9567 9539
f 9539 9567 9568 9540
f 9540 9568 9569 9541
f 9541 9569 9570 9542
f 9542 9570 9571 9543
f 9543 9571 9572 9544
f 9544 9572 9573 9545
f 9545 9573 9574 9546
f 9546 9574 9575 9547
f 9547 9575 9576 9548
f 9548 9576 9549 9521
f 9549 9577 9578 9550
f 9550 9578 9579 9551
f 9551 9579 9580 9552
f 9552 9580 9581 9553
f 9553 9581 9582 9554
f 9554 9582 9583 9555
f 9555 9583 9584 9556
f 9556 9584 9585 9557
f 9557 9585 9586 9558
f 9558 9586 9587 9559
f 9559 9587 9588 9560
f 9560 9588 9589 9561
f 9561 9589 9590 9562
f 9562 9590 9591 9563
f 9563 9591 9592 9564
f 9564 9592 9593 9565
f 9565 9593 9594 9566
f 9566 9594 9595 9567
f 9567 9595 9596 9568
f 9568 9596 9597 9569
f 9569 9597 9598 9570
f 9570 9598 9599 9571
f 9571 9599 9600 9572
f 9572 9600 9601 9573
f 9573 9601 9602 9574
f 9574 9602 9603 9575
f 9575 9603 9604 9576
f 9576 9604 9577 9549
f 9577 9605 9606 9578
f 9578 9606 9607 9579
f 9579 9607 9608 9580
f 9580 9608 9609 9581
f 9581 9609 9610 9582
f 9582 9610 9611 9583
f 9583 9611 9612 9584
f 9584 9612 9613 9585
f 9585 9613 9614 9586
f 9586 9614 9615 9587
f 9587 9615 9616 9588
f 9588 9616 9617 9589
f 9589 9617 9618 9590
f 9590 9618 9619 9591
f 9591 9619 9620 9592
f 9592 9620 9621 9593
f 9593 9621 9622 9594
f 9594 9622 9623 9595
f 9595 9623 9624 9596
f 9596 9624 9625 9597
f 9597 9625 9626 9598
f 9598 9626 9627 9599
f 9599 9627 9628 9600
f 9600 9628 9629 9601
f 9601 9629 9630 9602
f 9602 9630 9631 9603
f 9603 9631 9632 9604
f 9604 9632 9605 9577
f 9605 9633 9634 9606
f 9606 9634 9635 9607
f 9607 9635 9636 9608
f 9608 9636 9637 9609
f 9609 9637 9638 9610
f 9610 9638 9639 9611
f 9611 9639 9640 9612
f 9612 9640 9641 9613
f 9613 9641 9642 9614
f 9614 9642 9643 9615
f 9615 9643 9644 9616
f 9616 9644 9645 9617
f 9617 9645 9646 9618
f 9618 9646 9647 9619
f 9619 9647 9648 9620
f 9620 9648 9649 9621
f 9621 9649 9650 9622
f 9622 9650 9651 9623
f 9623 9651 9652 9624
f 9624 9652 9653 9625
f 9625 9653 9654 9626
f 9626 9654 9655 9627
f 9627 9655 9656 9628
f 9628 9656 9657 9629
f 9629 9657 9658 9630
f 9630 9658 9659 9631
f 9631 9659 9660 9632
f 9632 9660 9633 9605
f 9633 9661 9662 9634
f 9634 9662 9663 9635
f 9635 9663 9664 9636
f 9636 9664 9665 9637
f 9637 9665 9666 9638
f 9638 9666 9667 9639
f 9639 9667 9668 9640
f 9640 9668 9669 9641
f 9641 9669 9670 9642
f 9642 9670 9671 9643
f 9643 9671 9672 9644
f 9644 9672 9673 9645
f 9645 9673 9674 9646
f 9646 9674 9675 9647
f 9647 9675 9676 9648
f 9648 9676 9677 9649
f 9649 9677 9678 9650
f 9650 9678 9679 9651
f 9651 9679 9680 9652
f 9652 9680 9681 9653
f 9653 9681 9682 9654
f 9654 9682 9683 9655
f 9655 9683 9684 9656
f 9656 9684 9685 9657
f 9657 9685 9686 9658
f 9658 9686 9687 9659
f 9659 9687 9688 9660
f 9660 9688 9661 9633
f 9661 9689 9690 9662
f 9662 9690 9691 9663
f 9663 9691 9692 9664
f 9664 9692 9693 9665
f 9665 9693 9694 9666
f 9666 9694 9695 9667
f 9667 9695 9696 9668
f 9668 9696 9697 9669
f 9669 9697 9698 9670
f 9670 9698 9699 9671
f 9671 9699 9700 9672
f 9672 9700 9701 9673
f 9673 9701 9702 9674
f 9674 9702 9703 9675
f 9675 9703 9704 9676
f 9676 9704 9705 9677
f 9677 9705 9706 9678
f 9678 9706 9707 9679
f 9679 9707 9708 9680
f 9680 9708 9709 9681
f 9681 9709 9710 9682
f 9682 9710 9711 9683
f 9683 9711 9712 9684
f 9684 9712 9713 9685
f 9685 9713 9714 9686
f 9686 9714 9715 9687
f 9687 9715 9716 9688
f 9688 9716 9689 9661
f 9689 9717 9718 9690
f 9690 9718 9719 9691
f 9691 9719 9720 9692
f 9692 9720 9721 9693
f 9693 9721 9722 9694
f 9694 9722 9723 9695
f 9695 9723 9724 9696
f 9696 9724 9725 9697
f 9697 9725 9726 9698
f 9698 9726 9727 9699
f 9699 9727 9728 9700
f 9700 9728 9729 9701
f 9701 9729 9730 9702
f 9702 9730 9731 9703
f 9703 9731 9732 9704
f 9704 9732 9733 9705
f 9705 9733 9734 9706
f 9706 9734 9735 9707
f 9707 9735 9736 9708
f 9708 9736 9737 9709
f 9709 9737 9738 9710
f 9710 9738 9739 9711
f 9711 9739 9740 9712
f 9712 9740 9741 9713
f 9713 9741 9742 9714
f 9714 9742 9743 9715
f 9715 9743 9744 9716
f 9716 9744 9717 9689
f 9717 9745 9746 9718
f 9718 9746 9747 9719
f 9719 9747 9748 9720
f 9720 9748 9749 9721
f 9721 9749 9750 9722
f 9722 9750 9751 9723
f 9723 9751 9752 9724
f 9724 9752 9753 9725
f 9725 9753 9754 9726
f 9726 9754 9755 9727
f 9727 9755 9756 9728
f 9728 9756 9757 9729
f 9729 9757 9758 9730
f 9730 9758 9759 9731
f 9731 9759 9760 9732
f 9732 9760 9761 9733
f 9733 9761 9762 9734
f 9734 9762 9763 9735
f 9735 9763 9764 9736
f 9736 9764 9765 9737
f 9737 9765 9766 9738
f 9738 9766 9767 9739
f 9739 9767 9768 9740
f 9740 9768 9769 9741
f 9741 9769 9770 9742
f 9742 9770 9771 9743
f 9743 9771 9772 9744
f 9744 9772 9745 9717
f 9745 9773 9774 9746
f 9746 9774 9775 9747
f 9747 9775 9776 9748
f 9748 9776 9777 9749
f 9749 9777 9778 9750
f 9750 9778 9779 9751
f 9751 9779 9780 9752
f 9752 9780 9781 9753
f 9753 9781 9782 9754
f 9754 9782 9783 9755
f 9755 9783 9784 9756
f 9756 9784 9785 9757
f 9757 9785 9786 9758
f 9758 9786 9787 9759
f 9759 9787 9788 9760
f 9760 9788 9789 9761
f 9761 9789 9790 9762
f 9762 9790 9791 9763
f 9763 9791 9792 9764
f 9764 9792 9793 9765
f 9765 9793 9794 9766
f 9766 9794 9795 9767
f 9767 9795 9796 9768
f 9768 9796 9797 9769
f 9769 9797 9798 9770
f 9770 9798 9799 9771
f 9771 9799 9800 9772
f 9772 9800 9773 9745
f 9773 9801 9802 9774
f 9774 9802 9803 9775
f 9775 9803 9804 9776
f 9776 9804 9805 9777
f 9777 9805 9806 9778
f 9778 9806 9807 9779
f 9779 9807 9808 9780
f 9780 9808 9809 9781
f 9781 9809 9810 9782
f 9782 9810 9811 9783
f 9783 9811 9812 9784
f 9784 9812 9813 9785
f 9785 9813 9814 9786
f 9786 9814 9815 9787
f 9787 9815 9816 9788
f 9788 9816 9817 9789
f 9789 9817 9818 9790
f 9790 9818 9819 9791
f 9791 9819 9820 9792
f 9792 9820 9821 9793
f 9793 9821 9822 9794
f 9794 9822 9823 9795
f 9795 9823 9824 9796
f 9796 9824 9825 9797
f 9797 9825 9826 9798
f 9798 9826 9827 9799
f 9799 9827 9828 9800
f 9800 9828 9801 9773
f 9801 9829 9830 9802
f 9802 9830 9831 9803
f 9803 9831 9832 9804
f 9804 9832 9833 9805
f 9805 9833 9834 9806
f 9806 9834 9835 9807
f 9807 9835 9836 9808
f 9808 9836 9837 9809
f 9809 9837 9838 9810
f 9810 9838 9839 9811
f 9811 9839 9840 9812
f 9812 9840 9841 9813
f 9813 9841 9842 9814
f 9814 9842 9843 9815
f 9815 9843 9844 9816
f 9816 9844 9845 9817
f 9817 9845 9846 9818
f 9818 9846 9847 9819
f 9819 9847 9848 9820
f 9820 9848 9849 9821
f 9821 9849 9850 9822
f 9822 9850 9851 9823
f 9823 9851 9852 9824
f 9824 9852 9853 9825
f 9825 9853 9854 9826
f 9826 9854 9855 9827
f 9827 9855 9856 9828
f 9828 9856 9829 9801
f 9829 9857 9858 9830
f 9830 9858 9859 9831
f 9831 9859 9860 9832
f 9832 9860 9861 9833
f 9833 9861 9862 9834
f 9834 9862 9863 9835
f 9835 9863 9864 9836
f 9836 9864 9865 9837
f 9837 9865 9866 9838
f 9838 9866 9867 9839
f 9839 9867 9868 9840
f 9840 9868 9869 9841
f 9841 9869 9870 9842
f 9842 9870 9871 9843
f 9843 9871 9872 9844
f 9844 9872 9873 9845
f 9845 9873 9874 9846
f 9846 9874 9875 9847
f 9847 9875 9876 9848
f 9848 9876 9877 9849
f 9849 9877 9878 9850
f 9850 9878 9879 9851
f 9851 9879 9880 9852
f 9852 9880 9881 9853
f 9853 9881 9882 9854
f 9854 9882 9883 9855
f 9855 9883 9884 9856
f 9856 9884 9857 9829
f 9857 9885 9886 9858
f 9858 9886 9887 9859
f 9859 9887 9888 9860
f 9860 9888 9889 9861
f 9861 9889 9890 9862
f 9862 9890 9891 9863
f 9863 9891 9892 9864
f 9864 9892 9893 9865
f 9865 9893 9894 9866
f 9866 9894 9895 9867
f 9867 9895 9896 9868
f 9868 9896 9897 9869
f 9869 9897 9898 9870
f 9870 9898 9899 9871
f 9871 9899 9900 9872
f 9872 9900 9901 9873
f 9873 9901 9902 9874
f 9874 9902 9903 9875
f 9875 9903 9904 9876
f 9876 9904 9905 9877
f 9877 9905 9906 9878
f 9878 9906 9907 9879
f 9879 9907 9908 9880
f 9880 9908 9909 9881
f 9881 9909 9910 9882
f 9882 9910 9911 9883
f 9883 9911 9912 9884
f 9884 9912 9885 9857
f 9885 9913 9914 9886
f 9886 9914 9915 9887
f 9887 9915 9916 9888
f 9888 9916 9917 9889
f 9889 9917 9918 9890
f 9890 9918 9919 9891
f 9891 9919 9920 9892
f 9892 9920 9921 9893
f 9893 9921 9922 9894
f 9894 9922 9923 9895
f 9895 9923 9924 9896
f 9896 9924 9925 9897
f 9897 9925 9926 9898
f 9898 9926 9927 9899
f 9899 9927 9928 9900
f 9900 9928 9929 9901
f 9901 9929 9930 9902
f 9902 9930 9931 9903
f 9903 9931 9932 9904
f 9904 9932 9933 9905
f 9905 9933 9934 9906
f 9906 9934 9935 9907
f 9907 9935 9936 9908
f 9908 9936 9937 9909
f 9909 9937 9938 9910
f 9910 9938 9939 9911
f 9911 9939 9940 9912
f 9912 9940 9913 9885
f 9913 9941 9942 9914
f 9914 9942 9943 9915
f 9915 9943 9944 9916
f 9916 9944 9945 9917
f 9917 9945 9946 9918
f 9918 9946 9947 9919
f 9919 9947 9948 9920
f 9920 9948 9949 9921
f 9921 9949 9950 9922
f 9922 9950 9951 9923
f 9923 9951 9952 9924
f 9924 9952 9953 9925
f 9925 9953 9954 9926
f 9926 9954 9955 9927
f 9927 9955 9956 9928
f 9928 9956 9957 9929
f 9929 9957 9958 9930
f 9930 9958 9959 9931
f 9931 9959 9960 9932
f 9932 9960 9961 9933
f 9933 9961 9962 9934
f 9934 9962 9963 9935
f 9935 9963 9964 9936
f 9936 9964 9965 9937
f 9937 9965 9966 9938
f 9938 9966 9967 9939
f 9939 9967 9968 9940
f 9940 9968 9941 9913
f 9941 9969 9970 9942
f 9942 9970 9971 9943
f 9943 9971 9972 9944
f 9944 9972 9973 9945
f 9945 9973 9974 9946
f 9946 9974 9975 9947
f 9947 9975 9976 9948
f 9948 9976 9977 9949
f 9949 9977 9978 9950
f 9950 9978 9979 9951
f 9951 9979 9980 9952
f 9952 9980 9981 9953
f 9953 9981 9982 9954
f 9954 9982 9983 9955
f 9955 9983 9984 9956
f 9956 9984 9985 9957
f 9957 9985 9986 9958
f 9958 9986 9987 9959
f 9959 9987 9988 9960
f 9960 9988 9989 9961
f 9961 9989 9990 9962
f 9962 9990 9991 9963
f 9963 9991 9992 9964
f 9964 9992 9993 9965
f 9965 9993 9994 9966
f 9966 9994 9995 9967
f 9967 9995 9996 9968
f 9968 9996 9969 9941
f 9969 9997 9998 9970
f 9970 9998 9999 9971
f 9971 9999 10000 9972
f 9972 10000 10001 9973
f 9973 10001 10002 9974
f 9974 10002 10003 9975
f 9975 10003 10004 9976
f 9976 10004 10005 9977
f 9977 10005 10006 9978
f 9978 10006 10007 9979
f 9979 10007 10008 9980
f 9980 10008 10009 9981
f 9981 10009 10010 9982
f 9982 10010 10011 9983
f 9983 10011 10012 9984
f 9984 10012 10013 9985
f 9985 10013 10014 9986
f 9986 10014 10015 9987
f 9987 10015 10016 9988
f 9988 10016 10017 9989
f 9989 10017 10018 9990
f 9990 10018 10019 9991
f 9991 10019 10020 9992
f 9992 10020 10021 9993
f 9993 10021 10022 9994
f 9994 10022 10023 9995
f 9995 10023 10024 9996
f 9996 10024 9997 9969
f 9997 10025 10026 9998
f 9998 10026 10027 9999
f 9999 10027 10028 10000
f 10000 10028 10029 10001
f 10001 10029 10030 10002
f 10002 10030 10031 10003
f 10003 10031 10032 10004
f 10004 10032 10033 10005
f 10005 10033 10034 10006
f 10006 10034 10035 10007
f 10007 10035 10036 10008
f 10008 10036 10037 10009
f 10009 10037 10038 10010
f 10010 10038 10039 10011
f 10011 10039 10040 10012
f 10012 10040 10041 10013
f 10013 10041 10042 10014
f 10014 10042 10043 10015
f 10015 10043 10044 10016
f 10016 10044 10045 10017
f 10017 10045 10046 10018
f 10018 10046 10047 10019
f 10019 10047 10048 10020
f 10020 10048 10049 10021
f 10021 10049 10050 10022
f 10022 10050 10051 10023
f 10023 10051 10052 10024
f 10024 10052 10025 9997
f 10025 10053 10054 10026
f 10026 10054 10055 10027
f 10027 10055 10056 10028
f 10028 10056 10057 10029
f 10029 10057 10058 10030
f 10030 10058 10059 10031
f 10031 10059 10060 10032
f 10032 10060 10061 10033
f 10033 10061 10062 10034
f 10034 10062 10063 10035
f 10035 10063 10064 10036
f 10036 10064 10065 10037
f 10037 10065 10066 10038
f 10038 10066 10067 10039
f 10039 10067 10068 10040
f 10040 10068 10069 10041
f 10041 10069 10070 10042
f 10042 10070 10071 10043
f 10043 10071 10072 10044
f 10044 10072 10073 10045
f 10045 10073 10074 10046
f 10046 10074 10075 10047
f 10047 10075 10076 10048
f 10048 10076 10077 10049
f 10049 10077 10078 10050
f 10050 10078 10079 10051
f 10051 10079 10080 10052
f 10052 10080 10053 10025
f 10053 10081 10082 10054
f 10054 10082 10083 10055
f 10055 10083 10084 10056
f 10056 10084 10085 10057
f 10057 10085 10086 10058
f 10058 10086 10087 10059
f 10059 10087 10088 10060
f 10060 10088 10089 10061
f 10061 10089 10090 10062
f 10062 10090 10091 10063
f 10063 10091 10092 10064
f 10064 10092 10093 10065
f 10065 10093 10094 10066
f 10066 10094 10095 10067
f 10067 10095 10096 10068
f 10068 10096 10097 10069
f 10069 10097 10098 10070
f 10070 10098 10099 10071
f 10071 10099 10100 10072
f 10072 10100 10101 10073
f 10073 10101 10102 10074
f 10074 10102 10103 10075
f 10075 10103 10104 10076
f 10076 10104 10105 10077
f 10077 10105 10106 10078
f 10078 10106 10107 10079
f 10079 10107 10108 10080
f 10080 10108 10081 10053
f 10081 10109 10110 10082
f 10082 10110 10111 10083
f 10083 10111 10112 10084
f 10084 10112 10113 10085
f 10085 10113 10114 10086
f 10086 10114 10115 10087
f 10087 10115 10116 10088
f 10088 10116 10117 10089
f 10089 10117 10118 10090
f 10090 10118 10119 10091
f 10091 10119 10120 10092
f 10092 10120 10121 10093
f 10093 10121 10122 10094
f 10094 10122 10123 10095
f 10095 10123 10124 10096
f 10096 10124 10125 10097
f 10097 10125 10126 10098
f 10098 10126 10127 10099
f 10099 10127 10128 10100
f 10100 10128 10129 10101
f 10101 10129 10130 10102
f 10102 10130 10131 10103
f 10103 10131 10132 10104
f 10104 10132 10133 10105
f 10105 10133 10134 10106
f 10106 10134 10135 10107
f 10107 10135 10136 10108
f 10108 10136 10109 10081
f 10109 10137 10138 10110
f 10110 10138 10139 10111
f 10111 10139 10140 10112
f 10112 10140 10141 10113
f 10113 10141 10142 10114
f 10114 10142 10143 10115
f 10115 10143 10144 10116
f 10116 10144 10145 10117
f 10117 10145 10146 10118
f 10118 10146 10147 10119
f 10119 10147 10148 10120
f 10120 10148 10149 10121
f 10121 10149 10150 10122
f 10122 10150 10151 10123
f 10123 10151 10152 10124
f 10124 10152 10153 10125
f 10125 10153 10154 10126
f 10126 10154 10155 10127
f 10127 10155 10156 10128
f 10128 10156 10157 10129
f 10129 10157 10158 10130
f 10130 10158 10159 10131
f 10131 10159 10160 10132
f 10132 10160 10161 10133
f 10133 10161 10162 10134
f 10134 10162 10163 10135
f 10135 10163 10164 10136
f 10136 10164 10137 10109
f 10137 10165 10166 10138
f 10138 10166 10167 10139
f 10139 10167 10168 10140
f 10140 10168 10169 10141
f 10141 10169 10170 10142
f 10142 10170 10171 10143
f 10143 10171 10172 10144
f 10144 10172 10173 10145
f 10145 10173 10174 10146
f 10146 10174 10175 10147
f 10147 10175 10176 10148
f 10148 10176 10177 10149
f 10149 10177 10178 10150
f 10150 10178 10179 10151
f 10151 10179 10180 10152
f 10152 10180 10181 10153
f 10153 10181 10182 10154
f 10154 10182 10183 10155
f 10155 10183 10184 10156
f 10156 10184 10185 10157
f 10157 10185 10186 10158
f 10158 10186 10187 10159
f 10159 10187 10188 10160
f 10160 10188 10189 10161
f 10161 10189 10190 10162
f 10162 10190 10191 10163
f 10163 10191 10192 10164
f 10164 10192 10165 10137
f 10165 10193 10194 10166
f 10166 10194 10195 10167
f 10167 10195 10196 10168
f 10168 10196 10197 10169
f 10169 10197 10198 10170
f 10170 10198 10199 10171
f 10171 10199 10200 10172
f 10172 10200 10201 10173
f 10173 10201 10202 10174
f 10174 10202 10203 10175
f 10175 10203 10204 10176
f 10176 10204 10205 10177
f 10177 10205 10206 10178
f 10178 10206 10207 10179
f 10179 10207 10208 10180
f 10180 10208 10209 10181
f 10181 10209 10210 10182
f 10182 10210 10211 10183
f 10183 10211 10212 10184
f 10184 10212 10213 10185
f 10185 10213 10214 10186
f 10186 10214 10215 10187
f 10187 10215 10216 10188
f 10188 10216 10217 10189
f 10189 10217 10218 10190
f 10190 10218 10219 10191
f 10191 10219 10220 10192
f 10192 10220 10193 10165
f 10193 10221 10222 10194
f 10194 10222 10223 10195
f 10195 10223 10224 10196
f 10196 10224 10225 10197
f 10197 10225 10226 10198
f 10198 10226 10227 10199
f 10199 10227 10228 10200
f 10200 10228 10229 10201
f 10201 10229 10230 10202
f 10202 10230 10231 10203
f 10203 10231 10232 10204
f 10204 10232 10233 10205
f 10205 10233 10234 10206
f 10206 10234 10235 10207
f 10207 10235 10236 10208
f 10208 10236 10237 10209
f 10209 10237 10238 10210
f 10210 10238 10239 10211
f 10211 10239 10240 10212
f 10212 10240 10241 10213
f 10213 10241 10242 10214
f 10214 10242 10243 10215
f 10215 10243 10244 10216
f 10216 10244 10245 10217
f 10217 10245 10246 10218
f 10218 10246 10247 10219
f 10219 10247 10248 10220
f 10220 10248 10221 10193
f 10221 10249 10250 10222
f 10222 10250 10251 10223
f 10223 10251 10252 10224
f 10224 10252 10253 10225
f 10225 10253 10254 10226
f 10226 10254 10255 10227
f 10227 10255 10256 10228
f 10228 10256 10257 10229
f 10229 10257 10258 10230
f 10230 10258 10259 10231
f 10231 10259 10260 10232
f 10232 10260 10261 10233
f 10233 10261 10262 10234
f 10234 10262 10263 10235
f 10235 10263 10264 10236
f 10236 10264 10265 10237
f 10237 10265 10266 10238
f 10238 10266 10267 10239
f 10239 10267 10268 10240
f 10240 10268 10269 10241
f 10241 10269 10270 10242
f 10242 10270 10271 10243
f 10243 10271 10272 10244
f 10244 10272 10273 10245
f 10245 10273 10274 10246
f 10246 10274 10275 10247
f 10247 10275 10276 10248
f 10248 10276 10249 10221
f 10249 10277 10278 10250
f 10250 10278 10279 10251
f 10251 10279 10280 10252
f 10252 10280 10281 10253
f 10253 10281 10282 10254
f 10254 10282 10283 10255
f 10255 10283 10284 10256
f 10256 10284 10285 10257
f 10257 10285 10286 10258
f 10258 10286 10287 10259
f 10259 10287 10288 10260
f 10260 10288 10289 10261
f 10261 10289 10290 10262
f 10262 10290 10291 10263
f 10263 10291 10292 10264
f 10264 10292 10293 10265
f 10265 10293 10294 10266
f 10266 10294 10295 10267
f 10267 10295 10296 10268
f 10268 10296 10297 10269
f 10269 10297 10298 10270
f 10270 10298 10299 10271
f 10271 10299 10300 10272
f 10272 10300 10301 10273
f 10273 10301 10302 10274
f 10274 10302 10303 10275
f 10275 10303 10304 10276
f 10276 10304 10277 10249
f 10277 10305 10306 10278
f 10278 10306 10307 10279
f 10279 10307 10308 10280
f 10280 10308 10309 10281
f 10281 10309 10310 10282
f 10282 10310 10311 10283
f 10283 10311 10312 10284
f 10284 10312 10313 10285
f 10285 10313 10314 10286
f 10286 10314 10315 10287
f 10287 10315 10316 10288
f 10288 10316 10317 10289
f 10289 10317 10318 10290
f 10290 10318 10319 10291
f 10291 10319 10320 10292
f 10292 10320 10321 10293
f 10293 10321 10322 10294
f 10294 10322 10323 10295
f 10295 10323 10324 10296
f 10296 10324 10325 10297
f 10297 10325 10326 10298
f 10298 10326 10327 10299
f 10299 10327 10328 10300
f 10300 10328 10329 10301
f 10301 10329 10330 10302
f 10302 10330 10331 10303
f 10303 10331 10332 10304
f 10304 10332 10305 10277
f 10305 10333 10334 10306
f 10306 10334 10335 10307
f 10307 10335 10336 10308
f 10308 10336 10337 10309
f 10309 10337 10338 10310
f 10310 10338 10339 10311
f 10311 10339 10340 10312
f 10312 10340 10341 10313
f 10313 10341 10342 10314
f 10314 10342 10343 10315
f 10315 10343 10344 10316
f 10316 10344 10345 10317
f 10317 10345 10346 10318
f 10318 10346 10347 10319
f 10319 10347 10348 10320
f 10320 10348 10349 10321
f 10321 10349 10350 10322
f 10322 10350 10351 10323
f 10323 10351 10352 10324
f 10324 10352 10353 10325
f 10325 10353 10354 10326
f 10326 10354 10355 10327
f 10327 10355 10356 10328
f 10328 10356 10357 10329
f 10329 10357 10358 10330
f 10330 10358 10359 10331
f 10331 10359 10360 10332
f 10332 10360 10333 10305
f 10333 10361 10362 10334
f 10334 10362 10363 10335
f 10335 10363 10364 10336
f 10336 10364 10365 10337
f 10337 10365 10366 10338
f 10338 10366 10367 10339
f 10339 10367 10368 10340
f 10340 10368 10369 10341
f 10341 10369 10370 10342
f 10342 10370 10371 10343
f 10343 10371 10372 10344
f 10344 10372 10373 10345
f 10345 10373 10374 10346
f 10346 10374 10375 10347
f 10347 10375 10376 10348
f 10348 10376 10377 10349
f 10349 10377 10378 10350
f 10350 10378 10379 10351
f 10351 10379 10380 10352
f 10352 10380 10381 10353
f 10353 10381 10382 10354
f 10354 10382 10383 10355
f 10355 10383 10384 10356
f 10356 10384 10385 10357
f 10357 10385 10386 10358
f 10358 10386 10387 10359
f 10359 10387 10388 10360
f 10360 10388 10361 10333
f 10361 10389 10390 10362
f 10362 10390 10391 10363
f 10363 10391 10392 10364
f 10364 10392 10393 10365
f 10365 10393 10394 10366
f 10366 10394 10395 10367
f 10367 10395 10396 10368
f 10368 10396 10397 10369
f 10369 10397 10398 10370
f 10370 10398 10399 10371
f 10371 10399 10400 10372
f 10372 10400 10401 10373
f 10373 10401 10402 10374
f 10374 10402 10403 10375
f 10375 10403 10404 10376
f 10376 10404 10405 10377
f 10377 10405 10406 10378
f 10378 10406 10407 10379
f 10379 10407 10408 10380
f 10380 10408 10409 10381
f 10381 10409 10410 10382
f 10382 10410 10411 10383
f 10383 10411 10412 10384
f 10384 10412 10413 10385
f 10385 10413 10414 10386
f 10386 10414 10415 10387
f 10387 10415 10416 10388
f 10388 10416 10389 10361
f 10389 10417 10418 10390
f 10390 10418 10419 10391
f 10391 10419 10420 10392
f 10392 10420 10421 10393
f 10393 10421 10422 10394
f 10394 10422 10423 10395
f 10395 10423 10424 10396
f 10396 10424 10425 10397
f 10397 10425 10426 10398
f 10398 10426 10427 10399
f 10399 10427 10428 10400
f 10400 10428 10429 10401
f 10401 10429 10430 10402
f 10402 10430 10431 10403
f 10403 10431 10432 10404
f 10404 10432 10433 10405
f 10405 10433 10434 10406
f 10406 10434 10435 10407
f 10407 10435 10436 10408
f 10408 10436 10437 10409
f 10409 10437 10438 10410
f 10410 10438 10439 10411
f 10411 10439 10440 10412
f 10412 10440 10441 10413
f 10413 10441 10442 10414
f 10414 10442 10443 10415
f 10415 10443 10444 10416
f 10416 10444 10417 10389
f 10417 10445 10446 10418
f 10418 10446 10447 10419
f 10419 10447 10448 10420
f 10420 10448 10449 10421
f 10421 10449 10450 10422
f 10422 10450 10451 10423
f 10423 10451 10452 10424
f 10424 10452 10453 10425
f 10425 10453 10454 10426
f 10426 10454 10455 10427
f 10427 10455 10456 10428
f 10428 10456 10457 10429
f 10429 10457 10458 10430
f 10430 10458 10459 10431
f 10431 10459 10460 10432
f 10432 10460 10461 10433
f 10433 10461 10462 10434
f 10434 10462 10463 10435
f 10435 10463 10464 10436
f 10436 10464 10465 10437
f 10437 10465 10466 10438
f 10438 10466 10467 10439
f 10439 10467 10468 10440
f 10440 10468 10469 10441
f 10441 10469 10470 10442
f 10442 10470 10471 10443
f 10443 10471 10472 10444
f 10444 10472 10445 10417
f 10445 10473 10474 10446
f 10446 10474 10475 10447
f 10447 10475 10476 10448
f 10448 10476 10477 10449
f 10449 10477 10478 10450
f 10450 10478 10479 10451
f 10451 10479 10480 10452
f 10452 10480 10481 10453
f 10453 10481 10482 10454
f 10454 10482 10483 10455
f 10455 10483 10484 10456
f 10456 10484 10485 10457
f 10457 10485 10486 10458
f 10458 10486 10487 10459
f 10459 10487 10488 10460
f 10460 10488 10489 10461
f 10461 10489 10490 10462
f 10462 10490 10491 10463
f 10463 10491 10492 10464
f 10464 10492 10493 10465
f 10465 10493 10494 10466
f 10466 10494 10495 10467
f 10467 10495 10496 10468
f 10468 10496 10497 10469
f 10469 10497 10498 10470
f 10470 10498 10499 10471
f 10471 10499 10500 10472
f 10472 10500 10473 10445
f 10473 10501 10502 10474
f 10474 10502 10503 10475
f 10475 10503 10504 10476
f 10476 10504 10505 10477
f 10477 10505 10506 10478
f 10478 10506 10507 10479
f 10479 10507 10508 10480
f 10480 10508 10509 10481
f 10481 10509 10510 10482
f 10482 10510 10511 10483
f 10483 10511 10512 10484
f 10484 10512 10513 10485
f 10485 10513 10514 10486
f 10486 10514 10515 10487
f 10487 10515 10516 10488
f 10488 10516 10517 10489
f 10489 10517 10518 10490
f 10490 10518 10519 10491
f 10491 10519 10520 10492
f 10492 10520 10521 10493
f 10493 10521 10522 10494
f 10494 10522 10523 10495
f 10495 10523 10524 10496
f 10496 10524 10525 10497
f 10497 10525 10526 10498
f 10498 10526 10527 10499
f 10499 10527 10528 10500
f 10500 10528 10501 10473
f 10501 10529 10530 10502
f 10502 10530 10531 10503
f 10503 10531 10532 10504
f 10504 10532 10533 10505
f 10505 10533 10534 10506
f 10506 10534 10535 10507
f 10507 10535 10536 10508
f 10508 10536 10537 10509
f 10509 10537 10538 10510
f 10510 10538 10539 10511
f 10511 10539 10540 10512
f 10512 10540 10541 10513
f 10513 10541 10542 10514
f 10514 10542 10543 10515
f 10515 10543 10544 10516
f 10516 10544 10545 10517
f 10517 10545 10546 10518
f 10518 10546 10547 10519
f 10519 10547 10548 10520
f 10520 10548 10549 10521
f 10521 10549 10550 10522
f 10522 10550 10551 10523
f 10523 10551 10552 10524
f 10524 10552 10553 10525
f 10525 10553 10554 10526
f 10526 10554 10555 10527
f 10527 10555 10556 10528
f 10528 10556 10529 10501
f 10529 10557 10558 10530
f 10530 10558 10559 10531
f 10531 10559 10560 10532
f 10532 10560 10561 10533
f 10533 10561 10562 10534
f 10534 10562 10563 10535
f 10535 10563 10564 10536
f 10536 10564 10565 10537
f 10537 10565 10566 10538
f 10538 10566 10567 10539
f 10539 10567 10568 10540
f 10540 10568 10569 10541
f 10541 10569 10570 10542
f 10542 10570 10571 10543
f 10543 10571 10572 10544
f 10544 10572 10573 10545
f 10545 10573 10574 10546
f 10546 10574 10575 10547
f 10547 10575 10576 10548
f 10548 10576 10577 10549
f 10549 10577 10578 10550
f 10550 10578 10579 10551
f 10551 10579 10580 10552
f 10552 10580 10581 10553
f 10553 10581 10582 10554
f 10554 10582 10583 10555
f 10555 10583 10584 10556
f 10556 10584 10557 10529
f 10557 10585 10586 10558
f 10558 10586 10587 10559
f 10559 10587 10588 10560
f 10560 10588 10589 10561
f 10561 10589 10590 10562
f 10562 10590 10591 10563
f 10563 10591 10592 10564
f 10564 10592 10593 10565
f 10565 10593 10594 10566
f 10566 10594 10595 10567
f 10567 10595 10596 10568
f 10568 10596 10597 10569
f 10569 10597 10598 10570
f 10570 10598 10599 10571
f 10571 10599 10600 10572
f 10572 10600 10601 10573
f 10573 10601 10602 10574
f 10574 10602 10603 10575
f 10575 10603 10604 10576
f 10576 10604 10605 10577
f 10577 10605 10606 10578
f 10578 10606 10607 10579
f 10579 10607 10608 10580
f 10580 10608 10609 10581
f 10581 10609 10610 10582
f 10582 10610 10611 10583
f 10583 10611 10612 10584
f 10584 10612 10585 10557
f 10585 10613 10614 10586
f 10586 10614 10615 10587
f 10587 10615 10616 10588
f 10588 10616 10617 10589
f 10589 10617 10618 10590
f 10590 10618 10619 10591
f 10591 10619 10620 10592
f 10592 10620 10621 10593
f 10593 10621 10622 10594
f 10594 10622 10623 10595
f 10595 10623 10624 10596
f 10596 10624 10625 10597
f 10597 10625 10626 10598
f 10598 10626 10627 10599
f 10599 10627 10628 10600
f 10600 10628 10629 10601
f 10601 10629 10630 10602
f 10602 10630 10631 10603
f 10603 10631 10632 10604
f 10604 10632 10633 10605
f 10605 10633 10634 10606
f 10606 10634 10635 10607
f 10607 10635 10636 10608
f 10608 10636 10637 10609
f 10609 10637 10638 10610
f 10610 10638 10639 10611
f 10611 10639 10640 10612
f 10612 10640 10613 10585
f 10613 10641 10642 10614
f 10614 10642 10643 10615
f 10615 10643 10644 10616
f 10616 10644 10645 10617
f 10617 10645 10646 10618
f 10618 10646 10647 10619
f 10619 10647 10648 10620
f 10620 10648 10649 10621
f 10621 10649 10650 10622
f 10622 10650 10651 10623
f 10623 10651 10652 10624
f 10624 10652 10653 10625
f 10625 10653 10654 10626
f 10626 10654 10655 10627
f 10627 10655 10656 10628
f 10628 10656 10657 10629
f 10629 10657 10658 10630
f 10630 10658 10659 10631
f 10631 10659 10660 10632
f 10632 10660 10661 10633
f 10633 10661 10662 10634
f 10634 10662 10663 10635
f 10635 10663 10664 10636
f 10636 10664 10665 10637
f 10637 10665 10666 10638
f 10638 10666 10667 10639
f 10639 10667 10668 10640
f 10640 10668 10641 10613
f 10641 10669 10670 10642
f 10642 10670 10671 10643
f 10643 10671 10672 10644
f 10644 10672 10673 10645
f 10645 10673 10674 10646
f 10646 10674 10675 10647
f 10647 10675 10676 10648
f 10648 10676 10677 10649
f 10649 10677 10678 10650
f 10650 10678 10679 10651
f 10651 10679 10680 10652
f 10652 10680 10681 10653
f 10653 10681 10682 10654
f 10654 10682 10683 10655
f 10655 10683 10684 10656
f 10656 10684 10685 10657
f 10657 10685 10686 10658
f 10658 10686 10687 10659
f 10659 10687 10688 10660
f 10660 10688 10689 10661
f 10661 10689 10690 10662
f 10662 10690 10691 10663
f 10663 10691 10692 10664
f 10664 10692 10693 10665
f 10665 10693 10694 10666
f 10666 10694 10695 10667
f 10667 10695 10696 10668
f 10668 10696 10669 10641
f 10669 10697 10698 10670
f 10670 10698 10699 10671
f 10671 10699 10700 10672
f 10672 10700 10701 10673
f 10673 10701 10702 10674
f 10674 10702 10703 10675
f 10675 10703 10704 10676
f 10676 10704 10705 10677
f 10677 10705 10706 10678
f 10678 10706 10707 10679
f 10679 10707 10708 10680
f 10680 10708 10709 10681
f 10681 10709 10710 10682
f 10682 10710 10711 10683
f 10683 10711 10712 10684
f 10684 10712 10713 10685
f 10685 10713 10714 10686
f 10686 10714 10715 10687
f 10687 10715 10716 10688
f 10688 10716 10717 10689
f 10689 10717 10718 10690
f 10690 10718 10719 10691
f 10691 10719 10720 10692
f 10692 10720 10721 10693
f 10693 10721 10722 10694
f 10694 10722 10723 10695
f 10695 10723 10724 10696
f 10696 10724 10697 10669
f 10697 10725 10726 10698
f 10698 10726 10727 10699
f 10699 10727 10728 10700
f 10700 10728 10729 10701
f 10701 10729 10730 10702
f 10702 10730 10731 10703
f 10703 10731 10732 10704
f 10704 10732 10733 10705
f 10705 10733 10734 10706
f 10706 10734 10735 10707
f 10707 10735 10736 10708
f 10708 10736 10737 10709
f 10709 10737 10738 10710
f 10710 10738 10739 10711
f 10711 10739 10740 10712
f 10712 10740 10741 10713
f 10713 10741 10742 10714
f 10714 10742 10743 10715
f 10715 10743 10744 10716
f 10716 10744 10745 10717
f 10717 10745 10746 10718
f 10718 10746 10747 10719
f 10719 10747 10748 10720
f 10720 10748 10749 10721
f 10721 10749 10750 10722
f 10722 10750 10751 10723
f 10723 10751 10752 10724
f 10724 10752 10725 10697
f 10725 10753 10754 10726
f 10726 10754 10755 10727
f 10727 10755 10756 10728
f 10728 10756 10757 10729
f 10729 10757 10758 10730
f 10730 10758 10759 10731
f 10731 10759 10760 10732
f 10732 10760 10761 10733
f 10733 10761 10762 10734
f 10734 10762 10763 10735
f 10735 10763 10764 10736
f 10736 10764 10765 10737
f 10737 10765 10766 10738
f 10738 10766 10767 10739
f 10739 10767 10768 10740
f 10740 10768 10769 10741
f 10741 10769 10770 10742
f 10742 10770 10771 10743
f 10743 10771 10772 10744
f 10744 10772 10773 10745
f 10745 10773 10774 10746
f 10746 10774 10775 10747
f 10747 10775 10776 10748
f 10748 10776 10777 10749
f 10749 10777 10778 10750
f 10750 10778 10779 10751
f 10751 10779 10780 10752
f 10752 10780 10753 10725
f 10753 10781 10782 10754
f 10754 10782 10783 10755
f 10755 10783 10784 10756
f 10756 10784 10785 10757
f 10757 10785 10786 10758
f 10758 10786 10787 10759
f 10759 10787 10788 10760
f 10760 10788 10789 10761
f 10761 10789 10790 10762
f 10762 10790 10791 10763
f 10763 10791 10792 10764
f 10764 10792 10793 10765
f 10765 10793 10794 10766
f 10766 10794 10795 10767
f 10767 10795 10796 10768
f 10768 10796 10797 10769
f 10769 10797 10798 10770
f 10770 10798 10799 10771
f 10771 10799 10800 10772
f 10772 10800 10801 10773
f 10773 10801 10802 10774
f 10774 10802 10803 10775
f 10775 10803 10804 10776
f 10776 10804 10805 10777
f 10777 10805 10806 10778
f 10778 10806 10807 10779
f 10779 10807 10808 10780
f 10780 10808 10781 10753
f 10781 10809 10810 10782
f 10782 10810 10811 10783
f 10783 10811 10812 10784
f 10784 10812 10813 10785
f 10785 10813 10814 10786
f 10786 10814 10815 10787
f 10787 10815 10816 10788
f 10788 10816 10817 10789
f 10789 10817 10818 10790
f 10790 10818 10819 10791
f 10791 10819 10820 10792
f 10792 10820 10821 10793
f 10793 10821 10822 10794
f 10794 10822 10823 10795
f 10795 10823 10824 10796
f 10796 10824 10825 10797
f 10797 10825 10826 10798
f 10798 10826 10827 10799
f 10799 10827 10828 10800
f 10800 10828 10829 10801
f 10801 10829 10830 10802
f 10802 10830 10831 10803
f 10803 10831 10832 10804
f 10804 10832 10833 10805
f 10805 10833 10834 10806
f 10806 10834 10835 10807
f 10807 10835 10836 10808
f 10808 10836 10809 10781
f 10809 10837 10838 10810
f 10810 10838 10839 10811
f 10811 10839 10840 10812
f 10812 10840 10841 10813
f 10813 10841 10842 10814
f 10814 10842 10843 10815
f 10815 10843 10844 10816
f 10816 10844 10845 10817
f 10817 10845 10846 10818
f 10818 10846 10847 10819
f 10819 10847 10848 10820
f 10820 10848 10849 10821
f 10821 10849 10850 10822
f 10822 10850 10851 10823
f 10823 10851 10852 10824
f 10824 10852 10853 10825
f 10825 10853 10854 10826
f 10826 10854 10855 10827
f 10827 10855 10856 10828
f 10828 10856 10857 10829
f 10829 10857 10858 10830
f 10830 10858 10859 10831
f 10831 10859 10860 10832
f 10832 10860 10861 10833
f 10833 10861 10862 10834
f 10834 10862 10863 10835
f 10835 10863 10864 10836
f 10836 10864 10837 10809
f 10837 10865 10866 10838
f 10838 10866 10867 10839
f 10839 10867 10868 10840
f 10840 10868 10869 10841
f 10841 10869 10870 10842
f 10842 10870 10871 10843
f 10843 10871 10872 10844
f 10844 10872 10873 10845
f 10845 10873 10874 10846
f 10846 10874 10875 10847
f 10847 10875 10876 10848
f 10848 10876 10877 10849
f 10849 10877 10878 10850
f 10850 10878 10879 10851
f 10851 10879 10880 10852
f 10852 10880 10881 10853
f 10853 10881 10882 10854
f 10854 10882 10883 10855
f 10855 10883 10884 10856
f 10856 10884 10885 10857
f 10857 10885 10886 10858
f 10858 10886 10887 10859
f 10859 10887 10888 10860
f 10860 10888 10889 10861
f 10861 10889 10890 10862
f 10862 10890 10891 10863
f 10863 10891 10892 10864
f 10864 10892 10865 10837
f 10865 10893 10894 10866
f 10866 10894 10895 10867
f 10867 10895 10896 10868
f 10868 10896 10897 10869
f 10869 10897 10898 10870
f 10870 10898 10899 10871
f 10871 10899 10900 10872
f 10872 10900 10901 10873
f 10873 10901 10902 10874
f 10874 10902 10903 10875
f 10875 10903 10904 10876
f 10876 10904 10905 10877
f 10877 10905 10906 10878
f 10878 10906 10907 10879
f 10879 10907 10908 10880
f 10880 10908 10909 10881
f 10881 10909 10910 10882
f 10882 10910 10911 10883
f 10883 10911 10912 10884
f 10884 10912 10913 10885
f 10885 10913 10914 10886
f 10886 10914 10915 10887
f 10887 10915 10916 10888
f 10888 10916 10917 10889
f 10889 10917 10918 10890
f 10890 10918 10919 10891
f 10891 10919 10920 10892
f 10892 10920 10893 10865
f 10893 10921 10922 10894
f 10894 10922 10923 10895
f 10895 10923 10924 10896
f 10896 10924 10925 10897
f 10897 10925 10926 10898
f 10898 10926 10927 10899
f 10899 10927 10928 10900
f 10900 10928 10929 10901
f 10901 10929 10930 10902
f 10902 10930 10931 10903
f 10903 10931 10932 10904
f 10904 10932 10933 10905
f 10905 10933 10934 10906
f 10906 10934 10935 10907
f 10907 10935 10936 10908
f 10908 10936 10937 10909
f 10909 10937 10938 10910
f 10910 10938 10939 10911
f 10911 10939 10940 10912
f 10912 10940 10941 10913
f 10913 10941 10942 10914
f 10914 10942 10943 10915
f 10915 10943 10944 10916
f 10916 10944 10945 10917
f 10917 10945 10946 10918
f 10918 10946 10947 10919
f 10919 10947 10948 10920
f 10920 10948 10921 10893
f 10921 10949 10950 10922
f 10922 10950 10951 10923
f 10923 10951 10952 10924
f 10924 10952 10953 10925
f 10925 10953 10954 10926
f 10926 10954 10955 10927
f 10927 10955 10956 10928
f 10928 10956 10957 10929
f 10929 10957 10958 10930
f 10930 10958 10959 10931
f 10931 10959 10960 10932
f 10932 10960 10961 10933
f 10933 10961 10962 10934
f 10934 10962 10963 10935
f 10935 10963 10964 10936
f 10936 10964 10965 10937
f 10937 10965 10966 10938
f 10938 10966 10967 10939
f 10939 10967 10968 10940
f 10940 10968 10969 10941
f 10941 10969 10970 10942
f 10942 10970 10971 10943
f 10943 10971 10972 10944
f 10944 10972 10973 10945
f 10945 10973 10974 10946
f 10946 10974 10975 10947
f 10947 10975 10976 10948
f 10948 10976 10949 10921
f 10949 10977 10978 10950
f 10950 10978 10979 10951
f 10951 10979 10980 10952
f 10952 10980 10981 10953
f 10953 10981 10982 10954
f 10954 10982 10983 10955
f 10955 10983 10984 10956
f 10956 10984 10985 10957
f 10957 10985 10986 10958
f 10958 10986 10987 10959
f 10959 10987 10988 10960
f 10960 10988 10989 10961
f 10961 10989 10990 10962
f 10962 10990 10991 10963
f 10963 10991 10992 10964
f 10964 10992 10993 10965
f 10965 10993 10994 10966
f 10966 10994 10995 10967
f 10967 10995 10996 10968
f 10968 10996 10997 10969
f 10969 10997 10998 10970
f 10970 10998 10999 10971
f 10971 10999 11000 10972
f 10972 11000 11001 10973
f 10973 11001 11002 10974
f 10974 11002 11003 10975
f 10975 11003 11004 10976
f 10976 11004 10977 10949
f 10977 11005 11006 10978
f 10978 11006 11007 10979
f 10979 11007 11008 10980
f 10980 11008 11009 10981
f 10981 11009 11010 10982
f 10982 11010 11011 10983
f 10983 11011 11012 10984
f 10984 11012 11013 10985
f 10985 11013 11014 10986
f 10986 11014 11015 10987
f 10987 11015 11016 10988
f 10988 11016 11017 10989
f 10989 11017 11018 10990
f 10990 11018 11019 10991
f 10991 11019 11020 10992
f 10992 11020 11021 10993
f 10993 11021 11022 10994
f 10994 11022 11023 10995
f 10995 11023 11024 10996
f 10996 11024 11025 10997
f 10997 11025 11026 10998
f 10998 11026 11027 10999
f 10999 11027 11028 11000
f 11000 11028 11029 11001
f 11001 11029 11030 11002
f 11002 11030 11031 11003
f 11003 11031 11032 11004
f 11004 11032 11005 10977
f 11005 11033 11034 11006
f 11006 11034 11035 11007
f 11007 11035 11036 11008
f 11008 11036 11037 11009
f 11009 11037 11038 11010
f 11010 11038 11039 11011
f 11011 11039 11040 11012
f 11012 11040 11041 11013
f 11013 11041 11042 11014
f 11014 11042 11043 11015
f 11015 11043 11044 11016
f 11016 11044 11045 11017
f 11017 11045 11046 11018
f 11018 11046 11047 11019
f 11019 11047 11048 11020
f 11020 11048 11049 11021
f 11021 11049 11050 11022
f 11022 11050 11051 11023
f 11023 11051 11052 11024
f 11024 11052 11053 11025
f 11025 11053 11054 11026
f 11026 11054 11055 11027
f 11027 11055 11056 11028
f 11028 11056 11057 11029
f 11029 11057 11058 11030
f 11030 11058 11059 11031
f 11031 11059 11060 11032
f 11032 11060 11033 11005
f 11033 11061 11062 11034
f 11034 11062 11063 11035
f 11035 11063 11064 11036
f 11036 11064 11065 11037
f 11037 11065 11066 11038
f 11038 11066 11067 11039
f 11039 11067 11068 11040
f 11040 11068 11069 11041
f 11041 11069 11070 11042
f 11042 11070 11071 11043
f 11043 11071 11072 11044
f 11044 11072 11073 11045
f 11045 11073 11074 11046
f 11046 11074 11075 11047
f 11047 11075 11076 11048
f 11048 11076 11077 11049
f 11049 11077 11078 11050
f 11050 11078 11079 11051
f 11051 11079 11080 11052
f 11052 11080 11081 11053
f 11053 11081 11082 11054
f 11054 11082 11083 11055
f 11055 11083 11084 11056
f 11056 11084 11085 11057
f 11057 11085 11086 11058
f 11058 11086 11087 11059
f 11059 11087 11088 11060
f 11060 11088 11061 11033
f 11061 11089 11090 11062
f 11062 11090 11091 11063
f 11063 11091 11092 11064
f 11064 11092 11093 11065
f 11065 11093 11094 11066
f 11066 11094 11095 11067
f 11067 11095 11096 11068
f 11068 11096 11097 11069
f 11069 11097 11098 11070
f 11070 11098 11099 11071
f 11071 11099 11100 11072
f 11072 11100 11101 11073
f 11073 11101 11102 11074
f 11074 11102 11103 11075
f 11075 11103 11104 11076
f 11076 11104 11105 11077
f 11077 11105 11106 11078
f 11078 11106 11107 11079
f 11079 11107 11108 11080
f 11080 11108 11109 11081
f 11081 11109 11110 11082
f 11082 11110 11111 11083
f 11083 11111 11112 11084
f 11084 11112 11113 11085
f 11085 11113 11114 11086
f 11086 11114 11115 11087
f 11087 11115 11116 11088
f 11088 11116 11089 11061
f 11089 11117 11118 11090
f 11090 11118 11119 11091
f 11091 11119 11120 11092
f 11092 11120 11121 11093
f 11093 11121 11122 11094
f 11094 11122 11123 11095
f 11095 11123 11124 11096
f 11096 11124 11125 11097
f 11097 11125 11126 11098
f 11098 11126 11127 11099
f 11099 11127 11128 11100
f 11100 11128 11129 11101
f 11101 11129 11130 11102
f 11102 11130 11131 11103
f 11103 11131 11132 11104
f 11104 11132 11133 11105
f 11105 11133 11134 11106
f 11106 11134 11135 11107
f 11107 11135 11136 11108
f 11108 11136 11137 11109
f 11109 11137 11138 11110
f 11110 11138 11139 11111
f 11111 11139 11140 11112
f 11112 11140 11141 11113
f 11113 11141 11142 11114
f 11114 11142 11143 11115
f 11115 11143 11144 11116
f 11116 11144 11117 11089
f 11117 11145 11146 11118
f 11118 11146 11147 11119
f 11119 11147 11148 11120
f 11120 11148 11149 11121
f 11121 11149 11150 11122
f 11122 11150 11151 11123
f 11123 11151 11152 11124
f 11124 11152 11153 11125
f 11125 11153 11154 11126
f 11126 11154 11155 11127
f 11127 11155 11156 11128
f 11128 11156 11157 11129
f 11129 11157 11158 11130
f 11130 11158 11159 11131
f 11131 11159 11160 11132
f 11132 11160 11161 11133
f 11133 11161 11162 11134
f 11134 11162 11163 11135
f 11135 11163 11164 11136
f 11136 11164 11165 11137
f 11137 11165 11166 11138
f 11138 11166 11167 11139
f 11139 11167 11168 11140
f 11140 11168 11169 11141
f 11141 11169 11170 11142
f 11142 11170 11171 11143
f 11143 11171 11172 11144
f 11144 11172 11145 11117
f 11145 11173 11174 11146
f 11146 11174 11175 11147
f 11147 11175 11176 11148
f 11148 11176 11177 11149
f 11149 11177 11178 11150
f 11150 11178 11179 11151
f 11151 11179 11180 11152
f 11152 11180 11181 11153
f 11153 11181 11182 11154
f 11154 11182 11183 11155
f 11155 11183 11184 11156
f 11156 11184 11185 11157
f 11157 11185 11186 11158
f 11158 11186 11187 11159
f 11159 11187 11188 11160
f 11160 11188 11189 11161
f 11161 11189 11190 11162
f 11162 11190 11191 11163
f 11163 11191 11192 11164
f 11164 11192 11193 11165
f 11165 11193 11194 11166
f 11166 11194 11195 11167
f 11167 11195 11196 11168
f 11168 11196 11197 11169
f 11169 11197 11198 11170
f 11170 11198 11199 11171
f 11171 11199 11200 11172
f 11172 11200 11173 11145
f 11173 5601 5602 11174
f 11174 5602 5603 11175
f 11175 5603 5604 11176
f 11176 5604 5605 11177
f 11177 5605 5606 11178
f 11178 5606 5607 11179
f 11179 5607 5608 11180
f 11180 5608 5609 11181
f 11181 5609 5610 11182
f 11182 5610 5611 11183
f 11183 5611 5612 11184
f 11184 5612 5613 11185
f 11185 5613 5614 11186
f 11186 5614 5615 11187
f 11187 5615 5616 11188
f 11188 5616 5617 11189
f 11189 5617 5618 11190
f 11190 5618 5619 11191
f 11191 5619 5620 11192
f 11192 5620 5621 11193
f 11193 5621 5622 11194
f 11194 5622 5623 11195
f 11195 5623 5624 11196
f 11196 5624 5625 11197
f 11197 5625 5626 11198
f 11198 5626 5627 11199
f 11199 5627 5628 11200
f 11200 5628 5601 11173
